case_id,setting,examples_file,run_name,k,score_column,target_column_test,generated_answer,ground_truth
21,encyclopaedia,in_context_examples/llama/54_73/seed_2/k_mean_buckets/samples/avg_true_dominance_generation/all_settings_avg_true_dominance_generation_k3_n10_examples.csv,all_settings_avg_true_dominance_generation_k3_n10_examples,3,avg_true_dominance_generation,avg_true_dominance_generation_bucket_k3,3,2
56,encyclopaedia,in_context_examples/llama/54_73/seed_2/k_mean_buckets/samples/avg_true_dominance_generation/all_settings_avg_true_dominance_generation_k3_n10_examples.csv,all_settings_avg_true_dominance_generation_k3_n10_examples,3,avg_true_dominance_generation,avg_true_dominance_generation_bucket_k3,3,3
304,encyclopaedia,in_context_examples/llama/54_73/seed_2/k_mean_buckets/samples/avg_true_dominance_generation/all_settings_avg_true_dominance_generation_k3_n10_examples.csv,all_settings_avg_true_dominance_generation_k3_n10_examples,3,avg_true_dominance_generation,avg_true_dominance_generation_bucket_k3,3,3
366,encyclopaedia,in_context_examples/llama/54_73/seed_2/k_mean_buckets/samples/avg_true_dominance_generation/all_settings_avg_true_dominance_generation_k3_n10_examples.csv,all_settings_avg_true_dominance_generation_k3_n10_examples,3,avg_true_dominance_generation,avg_true_dominance_generation_bucket_k3,3,2
378,encyclopaedia,in_context_examples/llama/54_73/seed_2/k_mean_buckets/samples/avg_true_dominance_generation/all_settings_avg_true_dominance_generation_k3_n10_examples.csv,all_settings_avg_true_dominance_generation_k3_n10_examples,3,avg_true_dominance_generation,avg_true_dominance_generation_bucket_k3,1,1
514,encyclopaedia,in_context_examples/llama/54_73/seed_2/k_mean_buckets/samples/avg_true_dominance_generation/all_settings_avg_true_dominance_generation_k3_n10_examples.csv,all_settings_avg_true_dominance_generation_k3_n10_examples,3,avg_true_dominance_generation,avg_true_dominance_generation_bucket_k3,2,2
727,encyclopaedia,in_context_examples/llama/54_73/seed_2/k_mean_buckets/samples/avg_true_dominance_generation/all_settings_avg_true_dominance_generation_k3_n10_examples.csv,all_settings_avg_true_dominance_generation_k3_n10_examples,3,avg_true_dominance_generation,avg_true_dominance_generation_bucket_k3,2,2
741,encyclopaedia,in_context_examples/llama/54_73/seed_2/k_mean_buckets/samples/avg_true_dominance_generation/all_settings_avg_true_dominance_generation_k3_n10_examples.csv,all_settings_avg_true_dominance_generation_k3_n10_examples,3,avg_true_dominance_generation,avg_true_dominance_generation_bucket_k3,1,1
742,encyclopaedia,in_context_examples/llama/54_73/seed_2/k_mean_buckets/samples/avg_true_dominance_generation/all_settings_avg_true_dominance_generation_k3_n10_examples.csv,all_settings_avg_true_dominance_generation_k3_n10_examples,3,avg_true_dominance_generation,avg_true_dominance_generation_bucket_k3,1,1
746,encyclopaedia,in_context_examples/llama/54_73/seed_2/k_mean_buckets/samples/avg_true_dominance_generation/all_settings_avg_true_dominance_generation_k3_n10_examples.csv,all_settings_avg_true_dominance_generation_k3_n10_examples,3,avg_true_dominance_generation,avg_true_dominance_generation_bucket_k3,2,2
747,encyclopaedia,in_context_examples/llama/54_73/seed_2/k_mean_buckets/samples/avg_true_dominance_generation/all_settings_avg_true_dominance_generation_k3_n10_examples.csv,all_settings_avg_true_dominance_generation_k3_n10_examples,3,avg_true_dominance_generation,avg_true_dominance_generation_bucket_k3,1,2
816,encyclopaedia,in_context_examples/llama/54_73/seed_2/k_mean_buckets/samples/avg_true_dominance_generation/all_settings_avg_true_dominance_generation_k3_n10_examples.csv,all_settings_avg_true_dominance_generation_k3_n10_examples,3,avg_true_dominance_generation,avg_true_dominance_generation_bucket_k3,1,1
871,encyclopaedia,in_context_examples/llama/54_73/seed_2/k_mean_buckets/samples/avg_true_dominance_generation/all_settings_avg_true_dominance_generation_k3_n10_examples.csv,all_settings_avg_true_dominance_generation_k3_n10_examples,3,avg_true_dominance_generation,avg_true_dominance_generation_bucket_k3,3,3
893,encyclopaedia,in_context_examples/llama/54_73/seed_2/k_mean_buckets/samples/avg_true_dominance_generation/all_settings_avg_true_dominance_generation_k3_n10_examples.csv,all_settings_avg_true_dominance_generation_k3_n10_examples,3,avg_true_dominance_generation,avg_true_dominance_generation_bucket_k3,1,2
982,encyclopaedia,in_context_examples/llama/54_73/seed_2/k_mean_buckets/samples/avg_true_dominance_generation/all_settings_avg_true_dominance_generation_k3_n10_examples.csv,all_settings_avg_true_dominance_generation_k3_n10_examples,3,avg_true_dominance_generation,avg_true_dominance_generation_bucket_k3,3,2
1169,encyclopaedia,in_context_examples/llama/54_73/seed_2/k_mean_buckets/samples/avg_true_dominance_generation/all_settings_avg_true_dominance_generation_k3_n10_examples.csv,all_settings_avg_true_dominance_generation_k3_n10_examples,3,avg_true_dominance_generation,avg_true_dominance_generation_bucket_k3,1,1
1170,encyclopaedia,in_context_examples/llama/54_73/seed_2/k_mean_buckets/samples/avg_true_dominance_generation/all_settings_avg_true_dominance_generation_k3_n10_examples.csv,all_settings_avg_true_dominance_generation_k3_n10_examples,3,avg_true_dominance_generation,avg_true_dominance_generation_bucket_k3,3,3
1421,encyclopaedia,in_context_examples/llama/54_73/seed_2/k_mean_buckets/samples/avg_true_dominance_generation/all_settings_avg_true_dominance_generation_k3_n10_examples.csv,all_settings_avg_true_dominance_generation_k3_n10_examples,3,avg_true_dominance_generation,avg_true_dominance_generation_bucket_k3,1,2
1539,encyclopaedia,in_context_examples/llama/54_73/seed_2/k_mean_buckets/samples/avg_true_dominance_generation/all_settings_avg_true_dominance_generation_k3_n10_examples.csv,all_settings_avg_true_dominance_generation_k3_n10_examples,3,avg_true_dominance_generation,avg_true_dominance_generation_bucket_k3,3,3
1553,encyclopaedia,in_context_examples/llama/54_73/seed_2/k_mean_buckets/samples/avg_true_dominance_generation/all_settings_avg_true_dominance_generation_k3_n10_examples.csv,all_settings_avg_true_dominance_generation_k3_n10_examples,3,avg_true_dominance_generation,avg_true_dominance_generation_bucket_k3,3,3
1577,encyclopaedia,in_context_examples/llama/54_73/seed_2/k_mean_buckets/samples/avg_true_dominance_generation/all_settings_avg_true_dominance_generation_k3_n10_examples.csv,all_settings_avg_true_dominance_generation_k3_n10_examples,3,avg_true_dominance_generation,avg_true_dominance_generation_bucket_k3,1,2
1609,encyclopaedia,in_context_examples/llama/54_73/seed_2/k_mean_buckets/samples/avg_true_dominance_generation/all_settings_avg_true_dominance_generation_k3_n10_examples.csv,all_settings_avg_true_dominance_generation_k3_n10_examples,3,avg_true_dominance_generation,avg_true_dominance_generation_bucket_k3,3,2
1896,encyclopaedia,in_context_examples/llama/54_73/seed_2/k_mean_buckets/samples/avg_true_dominance_generation/all_settings_avg_true_dominance_generation_k3_n10_examples.csv,all_settings_avg_true_dominance_generation_k3_n10_examples,3,avg_true_dominance_generation,avg_true_dominance_generation_bucket_k3,1,3
1949,encyclopaedia,in_context_examples/llama/54_73/seed_2/k_mean_buckets/samples/avg_true_dominance_generation/all_settings_avg_true_dominance_generation_k3_n10_examples.csv,all_settings_avg_true_dominance_generation_k3_n10_examples,3,avg_true_dominance_generation,avg_true_dominance_generation_bucket_k3,1,3
2157,encyclopaedia,in_context_examples/llama/54_73/seed_2/k_mean_buckets/samples/avg_true_dominance_generation/all_settings_avg_true_dominance_generation_k3_n10_examples.csv,all_settings_avg_true_dominance_generation_k3_n10_examples,3,avg_true_dominance_generation,avg_true_dominance_generation_bucket_k3,3,2
2165,encyclopaedia,in_context_examples/llama/54_73/seed_2/k_mean_buckets/samples/avg_true_dominance_generation/all_settings_avg_true_dominance_generation_k3_n10_examples.csv,all_settings_avg_true_dominance_generation_k3_n10_examples,3,avg_true_dominance_generation,avg_true_dominance_generation_bucket_k3,1,1
2235,encyclopaedia,in_context_examples/llama/54_73/seed_2/k_mean_buckets/samples/avg_true_dominance_generation/all_settings_avg_true_dominance_generation_k3_n10_examples.csv,all_settings_avg_true_dominance_generation_k3_n10_examples,3,avg_true_dominance_generation,avg_true_dominance_generation_bucket_k3,3,2
2296,encyclopaedia,in_context_examples/llama/54_73/seed_2/k_mean_buckets/samples/avg_true_dominance_generation/all_settings_avg_true_dominance_generation_k3_n10_examples.csv,all_settings_avg_true_dominance_generation_k3_n10_examples,3,avg_true_dominance_generation,avg_true_dominance_generation_bucket_k3,2,2
2335,encyclopaedia,in_context_examples/llama/54_73/seed_2/k_mean_buckets/samples/avg_true_dominance_generation/all_settings_avg_true_dominance_generation_k3_n10_examples.csv,all_settings_avg_true_dominance_generation_k3_n10_examples,3,avg_true_dominance_generation,avg_true_dominance_generation_bucket_k3,1,3
2371,encyclopaedia,in_context_examples/llama/54_73/seed_2/k_mean_buckets/samples/avg_true_dominance_generation/all_settings_avg_true_dominance_generation_k3_n10_examples.csv,all_settings_avg_true_dominance_generation_k3_n10_examples,3,avg_true_dominance_generation,avg_true_dominance_generation_bucket_k3,2,3
2403,encyclopaedia,in_context_examples/llama/54_73/seed_2/k_mean_buckets/samples/avg_true_dominance_generation/all_settings_avg_true_dominance_generation_k3_n10_examples.csv,all_settings_avg_true_dominance_generation_k3_n10_examples,3,avg_true_dominance_generation,avg_true_dominance_generation_bucket_k3,3,2
2417,encyclopaedia,in_context_examples/llama/54_73/seed_2/k_mean_buckets/samples/avg_true_dominance_generation/all_settings_avg_true_dominance_generation_k3_n10_examples.csv,all_settings_avg_true_dominance_generation_k3_n10_examples,3,avg_true_dominance_generation,avg_true_dominance_generation_bucket_k3,1,3
2488,encyclopaedia,in_context_examples/llama/54_73/seed_2/k_mean_buckets/samples/avg_true_dominance_generation/all_settings_avg_true_dominance_generation_k3_n10_examples.csv,all_settings_avg_true_dominance_generation_k3_n10_examples,3,avg_true_dominance_generation,avg_true_dominance_generation_bucket_k3,1,3
2577,encyclopaedia,in_context_examples/llama/54_73/seed_2/k_mean_buckets/samples/avg_true_dominance_generation/all_settings_avg_true_dominance_generation_k3_n10_examples.csv,all_settings_avg_true_dominance_generation_k3_n10_examples,3,avg_true_dominance_generation,avg_true_dominance_generation_bucket_k3,3,3
2651,encyclopaedia,in_context_examples/llama/54_73/seed_2/k_mean_buckets/samples/avg_true_dominance_generation/all_settings_avg_true_dominance_generation_k3_n10_examples.csv,all_settings_avg_true_dominance_generation_k3_n10_examples,3,avg_true_dominance_generation,avg_true_dominance_generation_bucket_k3,1,2
2726,encyclopaedia,in_context_examples/llama/54_73/seed_2/k_mean_buckets/samples/avg_true_dominance_generation/all_settings_avg_true_dominance_generation_k3_n10_examples.csv,all_settings_avg_true_dominance_generation_k3_n10_examples,3,avg_true_dominance_generation,avg_true_dominance_generation_bucket_k3,1,1
2852,encyclopaedia,in_context_examples/llama/54_73/seed_2/k_mean_buckets/samples/avg_true_dominance_generation/all_settings_avg_true_dominance_generation_k3_n10_examples.csv,all_settings_avg_true_dominance_generation_k3_n10_examples,3,avg_true_dominance_generation,avg_true_dominance_generation_bucket_k3,3,2
2897,encyclopaedia,in_context_examples/llama/54_73/seed_2/k_mean_buckets/samples/avg_true_dominance_generation/all_settings_avg_true_dominance_generation_k3_n10_examples.csv,all_settings_avg_true_dominance_generation_k3_n10_examples,3,avg_true_dominance_generation,avg_true_dominance_generation_bucket_k3,3,2
2931,encyclopaedia,in_context_examples/llama/54_73/seed_2/k_mean_buckets/samples/avg_true_dominance_generation/all_settings_avg_true_dominance_generation_k3_n10_examples.csv,all_settings_avg_true_dominance_generation_k3_n10_examples,3,avg_true_dominance_generation,avg_true_dominance_generation_bucket_k3,1,1
2980,encyclopaedia,in_context_examples/llama/54_73/seed_2/k_mean_buckets/samples/avg_true_dominance_generation/all_settings_avg_true_dominance_generation_k3_n10_examples.csv,all_settings_avg_true_dominance_generation_k3_n10_examples,3,avg_true_dominance_generation,avg_true_dominance_generation_bucket_k3,3,3
3013,encyclopaedia,in_context_examples/llama/54_73/seed_2/k_mean_buckets/samples/avg_true_dominance_generation/all_settings_avg_true_dominance_generation_k3_n10_examples.csv,all_settings_avg_true_dominance_generation_k3_n10_examples,3,avg_true_dominance_generation,avg_true_dominance_generation_bucket_k3,3,3
3046,encyclopaedia,in_context_examples/llama/54_73/seed_2/k_mean_buckets/samples/avg_true_dominance_generation/all_settings_avg_true_dominance_generation_k3_n10_examples.csv,all_settings_avg_true_dominance_generation_k3_n10_examples,3,avg_true_dominance_generation,avg_true_dominance_generation_bucket_k3,3,3
3117,encyclopaedia,in_context_examples/llama/54_73/seed_2/k_mean_buckets/samples/avg_true_dominance_generation/all_settings_avg_true_dominance_generation_k3_n10_examples.csv,all_settings_avg_true_dominance_generation_k3_n10_examples,3,avg_true_dominance_generation,avg_true_dominance_generation_bucket_k3,1,1
3315,encyclopaedia,in_context_examples/llama/54_73/seed_2/k_mean_buckets/samples/avg_true_dominance_generation/all_settings_avg_true_dominance_generation_k3_n10_examples.csv,all_settings_avg_true_dominance_generation_k3_n10_examples,3,avg_true_dominance_generation,avg_true_dominance_generation_bucket_k3,1,3
3543,encyclopaedia,in_context_examples/llama/54_73/seed_2/k_mean_buckets/samples/avg_true_dominance_generation/all_settings_avg_true_dominance_generation_k3_n10_examples.csv,all_settings_avg_true_dominance_generation_k3_n10_examples,3,avg_true_dominance_generation,avg_true_dominance_generation_bucket_k3,3,2
3583,encyclopaedia,in_context_examples/llama/54_73/seed_2/k_mean_buckets/samples/avg_true_dominance_generation/all_settings_avg_true_dominance_generation_k3_n10_examples.csv,all_settings_avg_true_dominance_generation_k3_n10_examples,3,avg_true_dominance_generation,avg_true_dominance_generation_bucket_k3,1,3
3642,encyclopaedia,in_context_examples/llama/54_73/seed_2/k_mean_buckets/samples/avg_true_dominance_generation/all_settings_avg_true_dominance_generation_k3_n10_examples.csv,all_settings_avg_true_dominance_generation_k3_n10_examples,3,avg_true_dominance_generation,avg_true_dominance_generation_bucket_k3,1,2
3699,encyclopaedia,in_context_examples/llama/54_73/seed_2/k_mean_buckets/samples/avg_true_dominance_generation/all_settings_avg_true_dominance_generation_k3_n10_examples.csv,all_settings_avg_true_dominance_generation_k3_n10_examples,3,avg_true_dominance_generation,avg_true_dominance_generation_bucket_k3,1,1
3718,encyclopaedia,in_context_examples/llama/54_73/seed_2/k_mean_buckets/samples/avg_true_dominance_generation/all_settings_avg_true_dominance_generation_k3_n10_examples.csv,all_settings_avg_true_dominance_generation_k3_n10_examples,3,avg_true_dominance_generation,avg_true_dominance_generation_bucket_k3,3,3
3801,encyclopaedia,in_context_examples/llama/54_73/seed_2/k_mean_buckets/samples/avg_true_dominance_generation/all_settings_avg_true_dominance_generation_k3_n10_examples.csv,all_settings_avg_true_dominance_generation_k3_n10_examples,3,avg_true_dominance_generation,avg_true_dominance_generation_bucket_k3,3,3
3879,encyclopaedia,in_context_examples/llama/54_73/seed_2/k_mean_buckets/samples/avg_true_dominance_generation/all_settings_avg_true_dominance_generation_k3_n10_examples.csv,all_settings_avg_true_dominance_generation_k3_n10_examples,3,avg_true_dominance_generation,avg_true_dominance_generation_bucket_k3,3,3
3918,encyclopaedia,in_context_examples/llama/54_73/seed_2/k_mean_buckets/samples/avg_true_dominance_generation/all_settings_avg_true_dominance_generation_k3_n10_examples.csv,all_settings_avg_true_dominance_generation_k3_n10_examples,3,avg_true_dominance_generation,avg_true_dominance_generation_bucket_k3,1,1
4148,encyclopaedia,in_context_examples/llama/54_73/seed_2/k_mean_buckets/samples/avg_true_dominance_generation/all_settings_avg_true_dominance_generation_k3_n10_examples.csv,all_settings_avg_true_dominance_generation_k3_n10_examples,3,avg_true_dominance_generation,avg_true_dominance_generation_bucket_k3,3,2
4173,encyclopaedia,in_context_examples/llama/54_73/seed_2/k_mean_buckets/samples/avg_true_dominance_generation/all_settings_avg_true_dominance_generation_k3_n10_examples.csv,all_settings_avg_true_dominance_generation_k3_n10_examples,3,avg_true_dominance_generation,avg_true_dominance_generation_bucket_k3,3,1
4187,encyclopaedia,in_context_examples/llama/54_73/seed_2/k_mean_buckets/samples/avg_true_dominance_generation/all_settings_avg_true_dominance_generation_k3_n10_examples.csv,all_settings_avg_true_dominance_generation_k3_n10_examples,3,avg_true_dominance_generation,avg_true_dominance_generation_bucket_k3,3,3
4289,encyclopaedia,in_context_examples/llama/54_73/seed_2/k_mean_buckets/samples/avg_true_dominance_generation/all_settings_avg_true_dominance_generation_k3_n10_examples.csv,all_settings_avg_true_dominance_generation_k3_n10_examples,3,avg_true_dominance_generation,avg_true_dominance_generation_bucket_k3,3,3
4297,encyclopaedia,in_context_examples/llama/54_73/seed_2/k_mean_buckets/samples/avg_true_dominance_generation/all_settings_avg_true_dominance_generation_k3_n10_examples.csv,all_settings_avg_true_dominance_generation_k3_n10_examples,3,avg_true_dominance_generation,avg_true_dominance_generation_bucket_k3,3,2
4305,encyclopaedia,in_context_examples/llama/54_73/seed_2/k_mean_buckets/samples/avg_true_dominance_generation/all_settings_avg_true_dominance_generation_k3_n10_examples.csv,all_settings_avg_true_dominance_generation_k3_n10_examples,3,avg_true_dominance_generation,avg_true_dominance_generation_bucket_k3,3,2
4449,encyclopaedia,in_context_examples/llama/54_73/seed_2/k_mean_buckets/samples/avg_true_dominance_generation/all_settings_avg_true_dominance_generation_k3_n10_examples.csv,all_settings_avg_true_dominance_generation_k3_n10_examples,3,avg_true_dominance_generation,avg_true_dominance_generation_bucket_k3,1,2
4579,encyclopaedia,in_context_examples/llama/54_73/seed_2/k_mean_buckets/samples/avg_true_dominance_generation/all_settings_avg_true_dominance_generation_k3_n10_examples.csv,all_settings_avg_true_dominance_generation_k3_n10_examples,3,avg_true_dominance_generation,avg_true_dominance_generation_bucket_k3,1,1
4660,encyclopaedia,in_context_examples/llama/54_73/seed_2/k_mean_buckets/samples/avg_true_dominance_generation/all_settings_avg_true_dominance_generation_k3_n10_examples.csv,all_settings_avg_true_dominance_generation_k3_n10_examples,3,avg_true_dominance_generation,avg_true_dominance_generation_bucket_k3,1,3
4679,encyclopaedia,in_context_examples/llama/54_73/seed_2/k_mean_buckets/samples/avg_true_dominance_generation/all_settings_avg_true_dominance_generation_k3_n10_examples.csv,all_settings_avg_true_dominance_generation_k3_n10_examples,3,avg_true_dominance_generation,avg_true_dominance_generation_bucket_k3,1,1
4726,encyclopaedia,in_context_examples/llama/54_73/seed_2/k_mean_buckets/samples/avg_true_dominance_generation/all_settings_avg_true_dominance_generation_k3_n10_examples.csv,all_settings_avg_true_dominance_generation_k3_n10_examples,3,avg_true_dominance_generation,avg_true_dominance_generation_bucket_k3,1,2
4779,encyclopaedia,in_context_examples/llama/54_73/seed_2/k_mean_buckets/samples/avg_true_dominance_generation/all_settings_avg_true_dominance_generation_k3_n10_examples.csv,all_settings_avg_true_dominance_generation_k3_n10_examples,3,avg_true_dominance_generation,avg_true_dominance_generation_bucket_k3,3,2
4983,encyclopaedia,in_context_examples/llama/54_73/seed_2/k_mean_buckets/samples/avg_true_dominance_generation/all_settings_avg_true_dominance_generation_k3_n10_examples.csv,all_settings_avg_true_dominance_generation_k3_n10_examples,3,avg_true_dominance_generation,avg_true_dominance_generation_bucket_k3,1,1
5324,encyclopaedia,in_context_examples/llama/54_73/seed_2/k_mean_buckets/samples/avg_true_dominance_generation/all_settings_avg_true_dominance_generation_k3_n10_examples.csv,all_settings_avg_true_dominance_generation_k3_n10_examples,3,avg_true_dominance_generation,avg_true_dominance_generation_bucket_k3,1,1
5338,encyclopaedia,in_context_examples/llama/54_73/seed_2/k_mean_buckets/samples/avg_true_dominance_generation/all_settings_avg_true_dominance_generation_k3_n10_examples.csv,all_settings_avg_true_dominance_generation_k3_n10_examples,3,avg_true_dominance_generation,avg_true_dominance_generation_bucket_k3,1,1
5343,encyclopaedia,in_context_examples/llama/54_73/seed_2/k_mean_buckets/samples/avg_true_dominance_generation/all_settings_avg_true_dominance_generation_k3_n10_examples.csv,all_settings_avg_true_dominance_generation_k3_n10_examples,3,avg_true_dominance_generation,avg_true_dominance_generation_bucket_k3,1,2
5346,encyclopaedia,in_context_examples/llama/54_73/seed_2/k_mean_buckets/samples/avg_true_dominance_generation/all_settings_avg_true_dominance_generation_k3_n10_examples.csv,all_settings_avg_true_dominance_generation_k3_n10_examples,3,avg_true_dominance_generation,avg_true_dominance_generation_bucket_k3,3,1
5372,encyclopaedia,in_context_examples/llama/54_73/seed_2/k_mean_buckets/samples/avg_true_dominance_generation/all_settings_avg_true_dominance_generation_k3_n10_examples.csv,all_settings_avg_true_dominance_generation_k3_n10_examples,3,avg_true_dominance_generation,avg_true_dominance_generation_bucket_k3,1,2
5464,encyclopaedia,in_context_examples/llama/54_73/seed_2/k_mean_buckets/samples/avg_true_dominance_generation/all_settings_avg_true_dominance_generation_k3_n10_examples.csv,all_settings_avg_true_dominance_generation_k3_n10_examples,3,avg_true_dominance_generation,avg_true_dominance_generation_bucket_k3,3,3
5638,encyclopaedia,in_context_examples/llama/54_73/seed_2/k_mean_buckets/samples/avg_true_dominance_generation/all_settings_avg_true_dominance_generation_k3_n10_examples.csv,all_settings_avg_true_dominance_generation_k3_n10_examples,3,avg_true_dominance_generation,avg_true_dominance_generation_bucket_k3,1,1
5643,encyclopaedia,in_context_examples/llama/54_73/seed_2/k_mean_buckets/samples/avg_true_dominance_generation/all_settings_avg_true_dominance_generation_k3_n10_examples.csv,all_settings_avg_true_dominance_generation_k3_n10_examples,3,avg_true_dominance_generation,avg_true_dominance_generation_bucket_k3,3,3
5682,encyclopaedia,in_context_examples/llama/54_73/seed_2/k_mean_buckets/samples/avg_true_dominance_generation/all_settings_avg_true_dominance_generation_k3_n10_examples.csv,all_settings_avg_true_dominance_generation_k3_n10_examples,3,avg_true_dominance_generation,avg_true_dominance_generation_bucket_k3,3,2
5703,encyclopaedia,in_context_examples/llama/54_73/seed_2/k_mean_buckets/samples/avg_true_dominance_generation/all_settings_avg_true_dominance_generation_k3_n10_examples.csv,all_settings_avg_true_dominance_generation_k3_n10_examples,3,avg_true_dominance_generation,avg_true_dominance_generation_bucket_k3,3,3
5733,encyclopaedia,in_context_examples/llama/54_73/seed_2/k_mean_buckets/samples/avg_true_dominance_generation/all_settings_avg_true_dominance_generation_k3_n10_examples.csv,all_settings_avg_true_dominance_generation_k3_n10_examples,3,avg_true_dominance_generation,avg_true_dominance_generation_bucket_k3,1,3
5746,encyclopaedia,in_context_examples/llama/54_73/seed_2/k_mean_buckets/samples/avg_true_dominance_generation/all_settings_avg_true_dominance_generation_k3_n10_examples.csv,all_settings_avg_true_dominance_generation_k3_n10_examples,3,avg_true_dominance_generation,avg_true_dominance_generation_bucket_k3,1,2
5791,encyclopaedia,in_context_examples/llama/54_73/seed_2/k_mean_buckets/samples/avg_true_dominance_generation/all_settings_avg_true_dominance_generation_k3_n10_examples.csv,all_settings_avg_true_dominance_generation_k3_n10_examples,3,avg_true_dominance_generation,avg_true_dominance_generation_bucket_k3,3,1
5801,encyclopaedia,in_context_examples/llama/54_73/seed_2/k_mean_buckets/samples/avg_true_dominance_generation/all_settings_avg_true_dominance_generation_k3_n10_examples.csv,all_settings_avg_true_dominance_generation_k3_n10_examples,3,avg_true_dominance_generation,avg_true_dominance_generation_bucket_k3,2,2
5955,encyclopaedia,in_context_examples/llama/54_73/seed_2/k_mean_buckets/samples/avg_true_dominance_generation/all_settings_avg_true_dominance_generation_k3_n10_examples.csv,all_settings_avg_true_dominance_generation_k3_n10_examples,3,avg_true_dominance_generation,avg_true_dominance_generation_bucket_k3,1,2
5999,encyclopaedia,in_context_examples/llama/54_73/seed_2/k_mean_buckets/samples/avg_true_dominance_generation/all_settings_avg_true_dominance_generation_k3_n10_examples.csv,all_settings_avg_true_dominance_generation_k3_n10_examples,3,avg_true_dominance_generation,avg_true_dominance_generation_bucket_k3,3,3
6347,encyclopaedia,in_context_examples/llama/54_73/seed_2/k_mean_buckets/samples/avg_true_dominance_generation/all_settings_avg_true_dominance_generation_k3_n10_examples.csv,all_settings_avg_true_dominance_generation_k3_n10_examples,3,avg_true_dominance_generation,avg_true_dominance_generation_bucket_k3,3,1
6354,encyclopaedia,in_context_examples/llama/54_73/seed_2/k_mean_buckets/samples/avg_true_dominance_generation/all_settings_avg_true_dominance_generation_k3_n10_examples.csv,all_settings_avg_true_dominance_generation_k3_n10_examples,3,avg_true_dominance_generation,avg_true_dominance_generation_bucket_k3,3,3
6364,encyclopaedia,in_context_examples/llama/54_73/seed_2/k_mean_buckets/samples/avg_true_dominance_generation/all_settings_avg_true_dominance_generation_k3_n10_examples.csv,all_settings_avg_true_dominance_generation_k3_n10_examples,3,avg_true_dominance_generation,avg_true_dominance_generation_bucket_k3,3,3
6398,encyclopaedia,in_context_examples/llama/54_73/seed_2/k_mean_buckets/samples/avg_true_dominance_generation/all_settings_avg_true_dominance_generation_k3_n10_examples.csv,all_settings_avg_true_dominance_generation_k3_n10_examples,3,avg_true_dominance_generation,avg_true_dominance_generation_bucket_k3,3,2
6481,encyclopaedia,in_context_examples/llama/54_73/seed_2/k_mean_buckets/samples/avg_true_dominance_generation/all_settings_avg_true_dominance_generation_k3_n10_examples.csv,all_settings_avg_true_dominance_generation_k3_n10_examples,3,avg_true_dominance_generation,avg_true_dominance_generation_bucket_k3,3,3
6484,encyclopaedia,in_context_examples/llama/54_73/seed_2/k_mean_buckets/samples/avg_true_dominance_generation/all_settings_avg_true_dominance_generation_k3_n10_examples.csv,all_settings_avg_true_dominance_generation_k3_n10_examples,3,avg_true_dominance_generation,avg_true_dominance_generation_bucket_k3,1,2
6527,encyclopaedia,in_context_examples/llama/54_73/seed_2/k_mean_buckets/samples/avg_true_dominance_generation/all_settings_avg_true_dominance_generation_k3_n10_examples.csv,all_settings_avg_true_dominance_generation_k3_n10_examples,3,avg_true_dominance_generation,avg_true_dominance_generation_bucket_k3,3,3
6646,encyclopaedia,in_context_examples/llama/54_73/seed_2/k_mean_buckets/samples/avg_true_dominance_generation/all_settings_avg_true_dominance_generation_k3_n10_examples.csv,all_settings_avg_true_dominance_generation_k3_n10_examples,3,avg_true_dominance_generation,avg_true_dominance_generation_bucket_k3,1,2
6682,encyclopaedia,in_context_examples/llama/54_73/seed_2/k_mean_buckets/samples/avg_true_dominance_generation/all_settings_avg_true_dominance_generation_k3_n10_examples.csv,all_settings_avg_true_dominance_generation_k3_n10_examples,3,avg_true_dominance_generation,avg_true_dominance_generation_bucket_k3,1,3
6821,encyclopaedia,in_context_examples/llama/54_73/seed_2/k_mean_buckets/samples/avg_true_dominance_generation/all_settings_avg_true_dominance_generation_k3_n10_examples.csv,all_settings_avg_true_dominance_generation_k3_n10_examples,3,avg_true_dominance_generation,avg_true_dominance_generation_bucket_k3,1,1
6874,encyclopaedia,in_context_examples/llama/54_73/seed_2/k_mean_buckets/samples/avg_true_dominance_generation/all_settings_avg_true_dominance_generation_k3_n10_examples.csv,all_settings_avg_true_dominance_generation_k3_n10_examples,3,avg_true_dominance_generation,avg_true_dominance_generation_bucket_k3,1,1
7054,encyclopaedia,in_context_examples/llama/54_73/seed_2/k_mean_buckets/samples/avg_true_dominance_generation/all_settings_avg_true_dominance_generation_k3_n10_examples.csv,all_settings_avg_true_dominance_generation_k3_n10_examples,3,avg_true_dominance_generation,avg_true_dominance_generation_bucket_k3,1,3
7139,encyclopaedia,in_context_examples/llama/54_73/seed_2/k_mean_buckets/samples/avg_true_dominance_generation/all_settings_avg_true_dominance_generation_k3_n10_examples.csv,all_settings_avg_true_dominance_generation_k3_n10_examples,3,avg_true_dominance_generation,avg_true_dominance_generation_bucket_k3,3,2
7250,encyclopaedia,in_context_examples/llama/54_73/seed_2/k_mean_buckets/samples/avg_true_dominance_generation/all_settings_avg_true_dominance_generation_k3_n10_examples.csv,all_settings_avg_true_dominance_generation_k3_n10_examples,3,avg_true_dominance_generation,avg_true_dominance_generation_bucket_k3,1,1
7332,encyclopaedia,in_context_examples/llama/54_73/seed_2/k_mean_buckets/samples/avg_true_dominance_generation/all_settings_avg_true_dominance_generation_k3_n10_examples.csv,all_settings_avg_true_dominance_generation_k3_n10_examples,3,avg_true_dominance_generation,avg_true_dominance_generation_bucket_k3,1,3
7462,encyclopaedia,in_context_examples/llama/54_73/seed_2/k_mean_buckets/samples/avg_true_dominance_generation/all_settings_avg_true_dominance_generation_k3_n10_examples.csv,all_settings_avg_true_dominance_generation_k3_n10_examples,3,avg_true_dominance_generation,avg_true_dominance_generation_bucket_k3,3,3
7508,encyclopaedia,in_context_examples/llama/54_73/seed_2/k_mean_buckets/samples/avg_true_dominance_generation/all_settings_avg_true_dominance_generation_k3_n10_examples.csv,all_settings_avg_true_dominance_generation_k3_n10_examples,3,avg_true_dominance_generation,avg_true_dominance_generation_bucket_k3,3,3
7585,encyclopaedia,in_context_examples/llama/54_73/seed_2/k_mean_buckets/samples/avg_true_dominance_generation/all_settings_avg_true_dominance_generation_k3_n10_examples.csv,all_settings_avg_true_dominance_generation_k3_n10_examples,3,avg_true_dominance_generation,avg_true_dominance_generation_bucket_k3,3,2
7669,encyclopaedia,in_context_examples/llama/54_73/seed_2/k_mean_buckets/samples/avg_true_dominance_generation/all_settings_avg_true_dominance_generation_k3_n10_examples.csv,all_settings_avg_true_dominance_generation_k3_n10_examples,3,avg_true_dominance_generation,avg_true_dominance_generation_bucket_k3,3,2
8118,encyclopaedia,in_context_examples/llama/54_73/seed_2/k_mean_buckets/samples/avg_true_dominance_generation/all_settings_avg_true_dominance_generation_k3_n10_examples.csv,all_settings_avg_true_dominance_generation_k3_n10_examples,3,avg_true_dominance_generation,avg_true_dominance_generation_bucket_k3,1,2
8124,encyclopaedia,in_context_examples/llama/54_73/seed_2/k_mean_buckets/samples/avg_true_dominance_generation/all_settings_avg_true_dominance_generation_k3_n10_examples.csv,all_settings_avg_true_dominance_generation_k3_n10_examples,3,avg_true_dominance_generation,avg_true_dominance_generation_bucket_k3,3,2
8181,encyclopaedia,in_context_examples/llama/54_73/seed_2/k_mean_buckets/samples/avg_true_dominance_generation/all_settings_avg_true_dominance_generation_k3_n10_examples.csv,all_settings_avg_true_dominance_generation_k3_n10_examples,3,avg_true_dominance_generation,avg_true_dominance_generation_bucket_k3,1,1
8282,encyclopaedia,in_context_examples/llama/54_73/seed_2/k_mean_buckets/samples/avg_true_dominance_generation/all_settings_avg_true_dominance_generation_k3_n10_examples.csv,all_settings_avg_true_dominance_generation_k3_n10_examples,3,avg_true_dominance_generation,avg_true_dominance_generation_bucket_k3,1,3
8285,encyclopaedia,in_context_examples/llama/54_73/seed_2/k_mean_buckets/samples/avg_true_dominance_generation/all_settings_avg_true_dominance_generation_k3_n10_examples.csv,all_settings_avg_true_dominance_generation_k3_n10_examples,3,avg_true_dominance_generation,avg_true_dominance_generation_bucket_k3,3,3
8328,encyclopaedia,in_context_examples/llama/54_73/seed_2/k_mean_buckets/samples/avg_true_dominance_generation/all_settings_avg_true_dominance_generation_k3_n10_examples.csv,all_settings_avg_true_dominance_generation_k3_n10_examples,3,avg_true_dominance_generation,avg_true_dominance_generation_bucket_k3,3,3
8416,encyclopaedia,in_context_examples/llama/54_73/seed_2/k_mean_buckets/samples/avg_true_dominance_generation/all_settings_avg_true_dominance_generation_k3_n10_examples.csv,all_settings_avg_true_dominance_generation_k3_n10_examples,3,avg_true_dominance_generation,avg_true_dominance_generation_bucket_k3,3,3
8559,encyclopaedia,in_context_examples/llama/54_73/seed_2/k_mean_buckets/samples/avg_true_dominance_generation/all_settings_avg_true_dominance_generation_k3_n10_examples.csv,all_settings_avg_true_dominance_generation_k3_n10_examples,3,avg_true_dominance_generation,avg_true_dominance_generation_bucket_k3,3,2
8639,encyclopaedia,in_context_examples/llama/54_73/seed_2/k_mean_buckets/samples/avg_true_dominance_generation/all_settings_avg_true_dominance_generation_k3_n10_examples.csv,all_settings_avg_true_dominance_generation_k3_n10_examples,3,avg_true_dominance_generation,avg_true_dominance_generation_bucket_k3,3,2
8650,encyclopaedia,in_context_examples/llama/54_73/seed_2/k_mean_buckets/samples/avg_true_dominance_generation/all_settings_avg_true_dominance_generation_k3_n10_examples.csv,all_settings_avg_true_dominance_generation_k3_n10_examples,3,avg_true_dominance_generation,avg_true_dominance_generation_bucket_k3,3,3
8841,encyclopaedia,in_context_examples/llama/54_73/seed_2/k_mean_buckets/samples/avg_true_dominance_generation/all_settings_avg_true_dominance_generation_k3_n10_examples.csv,all_settings_avg_true_dominance_generation_k3_n10_examples,3,avg_true_dominance_generation,avg_true_dominance_generation_bucket_k3,2,1
8884,encyclopaedia,in_context_examples/llama/54_73/seed_2/k_mean_buckets/samples/avg_true_dominance_generation/all_settings_avg_true_dominance_generation_k3_n10_examples.csv,all_settings_avg_true_dominance_generation_k3_n10_examples,3,avg_true_dominance_generation,avg_true_dominance_generation_bucket_k3,3,3
8905,encyclopaedia,in_context_examples/llama/54_73/seed_2/k_mean_buckets/samples/avg_true_dominance_generation/all_settings_avg_true_dominance_generation_k3_n10_examples.csv,all_settings_avg_true_dominance_generation_k3_n10_examples,3,avg_true_dominance_generation,avg_true_dominance_generation_bucket_k3,1,1
8968,encyclopaedia,in_context_examples/llama/54_73/seed_2/k_mean_buckets/samples/avg_true_dominance_generation/all_settings_avg_true_dominance_generation_k3_n10_examples.csv,all_settings_avg_true_dominance_generation_k3_n10_examples,3,avg_true_dominance_generation,avg_true_dominance_generation_bucket_k3,3,3
8984,encyclopaedia,in_context_examples/llama/54_73/seed_2/k_mean_buckets/samples/avg_true_dominance_generation/all_settings_avg_true_dominance_generation_k3_n10_examples.csv,all_settings_avg_true_dominance_generation_k3_n10_examples,3,avg_true_dominance_generation,avg_true_dominance_generation_bucket_k3,3,2
9058,encyclopaedia,in_context_examples/llama/54_73/seed_2/k_mean_buckets/samples/avg_true_dominance_generation/all_settings_avg_true_dominance_generation_k3_n10_examples.csv,all_settings_avg_true_dominance_generation_k3_n10_examples,3,avg_true_dominance_generation,avg_true_dominance_generation_bucket_k3,2,2
9092,encyclopaedia,in_context_examples/llama/54_73/seed_2/k_mean_buckets/samples/avg_true_dominance_generation/all_settings_avg_true_dominance_generation_k3_n10_examples.csv,all_settings_avg_true_dominance_generation_k3_n10_examples,3,avg_true_dominance_generation,avg_true_dominance_generation_bucket_k3,3,3
9105,encyclopaedia,in_context_examples/llama/54_73/seed_2/k_mean_buckets/samples/avg_true_dominance_generation/all_settings_avg_true_dominance_generation_k3_n10_examples.csv,all_settings_avg_true_dominance_generation_k3_n10_examples,3,avg_true_dominance_generation,avg_true_dominance_generation_bucket_k3,1,3
9226,encyclopaedia,in_context_examples/llama/54_73/seed_2/k_mean_buckets/samples/avg_true_dominance_generation/all_settings_avg_true_dominance_generation_k3_n10_examples.csv,all_settings_avg_true_dominance_generation_k3_n10_examples,3,avg_true_dominance_generation,avg_true_dominance_generation_bucket_k3,1,3
9263,encyclopaedia,in_context_examples/llama/54_73/seed_2/k_mean_buckets/samples/avg_true_dominance_generation/all_settings_avg_true_dominance_generation_k3_n10_examples.csv,all_settings_avg_true_dominance_generation_k3_n10_examples,3,avg_true_dominance_generation,avg_true_dominance_generation_bucket_k3,3,2
9302,encyclopaedia,in_context_examples/llama/54_73/seed_2/k_mean_buckets/samples/avg_true_dominance_generation/all_settings_avg_true_dominance_generation_k3_n10_examples.csv,all_settings_avg_true_dominance_generation_k3_n10_examples,3,avg_true_dominance_generation,avg_true_dominance_generation_bucket_k3,1,2
9375,encyclopaedia,in_context_examples/llama/54_73/seed_2/k_mean_buckets/samples/avg_true_dominance_generation/all_settings_avg_true_dominance_generation_k3_n10_examples.csv,all_settings_avg_true_dominance_generation_k3_n10_examples,3,avg_true_dominance_generation,avg_true_dominance_generation_bucket_k3,1,1
9384,encyclopaedia,in_context_examples/llama/54_73/seed_2/k_mean_buckets/samples/avg_true_dominance_generation/all_settings_avg_true_dominance_generation_k3_n10_examples.csv,all_settings_avg_true_dominance_generation_k3_n10_examples,3,avg_true_dominance_generation,avg_true_dominance_generation_bucket_k3,3,2
9438,encyclopaedia,in_context_examples/llama/54_73/seed_2/k_mean_buckets/samples/avg_true_dominance_generation/all_settings_avg_true_dominance_generation_k3_n10_examples.csv,all_settings_avg_true_dominance_generation_k3_n10_examples,3,avg_true_dominance_generation,avg_true_dominance_generation_bucket_k3,3,2
9593,encyclopaedia,in_context_examples/llama/54_73/seed_2/k_mean_buckets/samples/avg_true_dominance_generation/all_settings_avg_true_dominance_generation_k3_n10_examples.csv,all_settings_avg_true_dominance_generation_k3_n10_examples,3,avg_true_dominance_generation,avg_true_dominance_generation_bucket_k3,3,2
9737,encyclopaedia,in_context_examples/llama/54_73/seed_2/k_mean_buckets/samples/avg_true_dominance_generation/all_settings_avg_true_dominance_generation_k3_n10_examples.csv,all_settings_avg_true_dominance_generation_k3_n10_examples,3,avg_true_dominance_generation,avg_true_dominance_generation_bucket_k3,1,3
9802,encyclopaedia,in_context_examples/llama/54_73/seed_2/k_mean_buckets/samples/avg_true_dominance_generation/all_settings_avg_true_dominance_generation_k3_n10_examples.csv,all_settings_avg_true_dominance_generation_k3_n10_examples,3,avg_true_dominance_generation,avg_true_dominance_generation_bucket_k3,3,2
9811,encyclopaedia,in_context_examples/llama/54_73/seed_2/k_mean_buckets/samples/avg_true_dominance_generation/all_settings_avg_true_dominance_generation_k3_n10_examples.csv,all_settings_avg_true_dominance_generation_k3_n10_examples,3,avg_true_dominance_generation,avg_true_dominance_generation_bucket_k3,1,2
9886,encyclopaedia,in_context_examples/llama/54_73/seed_2/k_mean_buckets/samples/avg_true_dominance_generation/all_settings_avg_true_dominance_generation_k3_n10_examples.csv,all_settings_avg_true_dominance_generation_k3_n10_examples,3,avg_true_dominance_generation,avg_true_dominance_generation_bucket_k3,3,3
9889,encyclopaedia,in_context_examples/llama/54_73/seed_2/k_mean_buckets/samples/avg_true_dominance_generation/all_settings_avg_true_dominance_generation_k3_n10_examples.csv,all_settings_avg_true_dominance_generation_k3_n10_examples,3,avg_true_dominance_generation,avg_true_dominance_generation_bucket_k3,1,2
9953,encyclopaedia,in_context_examples/llama/54_73/seed_2/k_mean_buckets/samples/avg_true_dominance_generation/all_settings_avg_true_dominance_generation_k3_n10_examples.csv,all_settings_avg_true_dominance_generation_k3_n10_examples,3,avg_true_dominance_generation,avg_true_dominance_generation_bucket_k3,3,2
9972,encyclopaedia,in_context_examples/llama/54_73/seed_2/k_mean_buckets/samples/avg_true_dominance_generation/all_settings_avg_true_dominance_generation_k3_n10_examples.csv,all_settings_avg_true_dominance_generation_k3_n10_examples,3,avg_true_dominance_generation,avg_true_dominance_generation_bucket_k3,1,2
10137,encyclopaedia,in_context_examples/llama/54_73/seed_2/k_mean_buckets/samples/avg_true_dominance_generation/all_settings_avg_true_dominance_generation_k3_n10_examples.csv,all_settings_avg_true_dominance_generation_k3_n10_examples,3,avg_true_dominance_generation,avg_true_dominance_generation_bucket_k3,1,2
10188,encyclopaedia,in_context_examples/llama/54_73/seed_2/k_mean_buckets/samples/avg_true_dominance_generation/all_settings_avg_true_dominance_generation_k3_n10_examples.csv,all_settings_avg_true_dominance_generation_k3_n10_examples,3,avg_true_dominance_generation,avg_true_dominance_generation_bucket_k3,1,1
10535,encyclopaedia,in_context_examples/llama/54_73/seed_2/k_mean_buckets/samples/avg_true_dominance_generation/all_settings_avg_true_dominance_generation_k3_n10_examples.csv,all_settings_avg_true_dominance_generation_k3_n10_examples,3,avg_true_dominance_generation,avg_true_dominance_generation_bucket_k3,3,3
10548,encyclopaedia,in_context_examples/llama/54_73/seed_2/k_mean_buckets/samples/avg_true_dominance_generation/all_settings_avg_true_dominance_generation_k3_n10_examples.csv,all_settings_avg_true_dominance_generation_k3_n10_examples,3,avg_true_dominance_generation,avg_true_dominance_generation_bucket_k3,3,3
10643,encyclopaedia,in_context_examples/llama/54_73/seed_2/k_mean_buckets/samples/avg_true_dominance_generation/all_settings_avg_true_dominance_generation_k3_n10_examples.csv,all_settings_avg_true_dominance_generation_k3_n10_examples,3,avg_true_dominance_generation,avg_true_dominance_generation_bucket_k3,3,2
10759,encyclopaedia,in_context_examples/llama/54_73/seed_2/k_mean_buckets/samples/avg_true_dominance_generation/all_settings_avg_true_dominance_generation_k3_n10_examples.csv,all_settings_avg_true_dominance_generation_k3_n10_examples,3,avg_true_dominance_generation,avg_true_dominance_generation_bucket_k3,3,3
10791,encyclopaedia,in_context_examples/llama/54_73/seed_2/k_mean_buckets/samples/avg_true_dominance_generation/all_settings_avg_true_dominance_generation_k3_n10_examples.csv,all_settings_avg_true_dominance_generation_k3_n10_examples,3,avg_true_dominance_generation,avg_true_dominance_generation_bucket_k3,3,2
10975,encyclopaedia,in_context_examples/llama/54_73/seed_2/k_mean_buckets/samples/avg_true_dominance_generation/all_settings_avg_true_dominance_generation_k3_n10_examples.csv,all_settings_avg_true_dominance_generation_k3_n10_examples,3,avg_true_dominance_generation,avg_true_dominance_generation_bucket_k3,1,3
10999,encyclopaedia,in_context_examples/llama/54_73/seed_2/k_mean_buckets/samples/avg_true_dominance_generation/all_settings_avg_true_dominance_generation_k3_n10_examples.csv,all_settings_avg_true_dominance_generation_k3_n10_examples,3,avg_true_dominance_generation,avg_true_dominance_generation_bucket_k3,2,2
11163,encyclopaedia,in_context_examples/llama/54_73/seed_2/k_mean_buckets/samples/avg_true_dominance_generation/all_settings_avg_true_dominance_generation_k3_n10_examples.csv,all_settings_avg_true_dominance_generation_k3_n10_examples,3,avg_true_dominance_generation,avg_true_dominance_generation_bucket_k3,3,3
11169,encyclopaedia,in_context_examples/llama/54_73/seed_2/k_mean_buckets/samples/avg_true_dominance_generation/all_settings_avg_true_dominance_generation_k3_n10_examples.csv,all_settings_avg_true_dominance_generation_k3_n10_examples,3,avg_true_dominance_generation,avg_true_dominance_generation_bucket_k3,3,2
11289,encyclopaedia,in_context_examples/llama/54_73/seed_2/k_mean_buckets/samples/avg_true_dominance_generation/all_settings_avg_true_dominance_generation_k3_n10_examples.csv,all_settings_avg_true_dominance_generation_k3_n10_examples,3,avg_true_dominance_generation,avg_true_dominance_generation_bucket_k3,2,3
11379,encyclopaedia,in_context_examples/llama/54_73/seed_2/k_mean_buckets/samples/avg_true_dominance_generation/all_settings_avg_true_dominance_generation_k3_n10_examples.csv,all_settings_avg_true_dominance_generation_k3_n10_examples,3,avg_true_dominance_generation,avg_true_dominance_generation_bucket_k3,2,2
11455,encyclopaedia,in_context_examples/llama/54_73/seed_2/k_mean_buckets/samples/avg_true_dominance_generation/all_settings_avg_true_dominance_generation_k3_n10_examples.csv,all_settings_avg_true_dominance_generation_k3_n10_examples,3,avg_true_dominance_generation,avg_true_dominance_generation_bucket_k3,1,2
11530,encyclopaedia,in_context_examples/llama/54_73/seed_2/k_mean_buckets/samples/avg_true_dominance_generation/all_settings_avg_true_dominance_generation_k3_n10_examples.csv,all_settings_avg_true_dominance_generation_k3_n10_examples,3,avg_true_dominance_generation,avg_true_dominance_generation_bucket_k3,3,2
11565,encyclopaedia,in_context_examples/llama/54_73/seed_2/k_mean_buckets/samples/avg_true_dominance_generation/all_settings_avg_true_dominance_generation_k3_n10_examples.csv,all_settings_avg_true_dominance_generation_k3_n10_examples,3,avg_true_dominance_generation,avg_true_dominance_generation_bucket_k3,2,2
11633,encyclopaedia,in_context_examples/llama/54_73/seed_2/k_mean_buckets/samples/avg_true_dominance_generation/all_settings_avg_true_dominance_generation_k3_n10_examples.csv,all_settings_avg_true_dominance_generation_k3_n10_examples,3,avg_true_dominance_generation,avg_true_dominance_generation_bucket_k3,3,2
11829,encyclopaedia,in_context_examples/llama/54_73/seed_2/k_mean_buckets/samples/avg_true_dominance_generation/all_settings_avg_true_dominance_generation_k3_n10_examples.csv,all_settings_avg_true_dominance_generation_k3_n10_examples,3,avg_true_dominance_generation,avg_true_dominance_generation_bucket_k3,3,2
11885,encyclopaedia,in_context_examples/llama/54_73/seed_2/k_mean_buckets/samples/avg_true_dominance_generation/all_settings_avg_true_dominance_generation_k3_n10_examples.csv,all_settings_avg_true_dominance_generation_k3_n10_examples,3,avg_true_dominance_generation,avg_true_dominance_generation_bucket_k3,3,2
11915,encyclopaedia,in_context_examples/llama/54_73/seed_2/k_mean_buckets/samples/avg_true_dominance_generation/all_settings_avg_true_dominance_generation_k3_n10_examples.csv,all_settings_avg_true_dominance_generation_k3_n10_examples,3,avg_true_dominance_generation,avg_true_dominance_generation_bucket_k3,1,1
11934,encyclopaedia,in_context_examples/llama/54_73/seed_2/k_mean_buckets/samples/avg_true_dominance_generation/all_settings_avg_true_dominance_generation_k3_n10_examples.csv,all_settings_avg_true_dominance_generation_k3_n10_examples,3,avg_true_dominance_generation,avg_true_dominance_generation_bucket_k3,1,1
11976,encyclopaedia,in_context_examples/llama/54_73/seed_2/k_mean_buckets/samples/avg_true_dominance_generation/all_settings_avg_true_dominance_generation_k3_n10_examples.csv,all_settings_avg_true_dominance_generation_k3_n10_examples,3,avg_true_dominance_generation,avg_true_dominance_generation_bucket_k3,1,2
12148,encyclopaedia,in_context_examples/llama/54_73/seed_2/k_mean_buckets/samples/avg_true_dominance_generation/all_settings_avg_true_dominance_generation_k3_n10_examples.csv,all_settings_avg_true_dominance_generation_k3_n10_examples,3,avg_true_dominance_generation,avg_true_dominance_generation_bucket_k3,3,3
12275,encyclopaedia,in_context_examples/llama/54_73/seed_2/k_mean_buckets/samples/avg_true_dominance_generation/all_settings_avg_true_dominance_generation_k3_n10_examples.csv,all_settings_avg_true_dominance_generation_k3_n10_examples,3,avg_true_dominance_generation,avg_true_dominance_generation_bucket_k3,3,2
12412,encyclopaedia,in_context_examples/llama/54_73/seed_2/k_mean_buckets/samples/avg_true_dominance_generation/all_settings_avg_true_dominance_generation_k3_n10_examples.csv,all_settings_avg_true_dominance_generation_k3_n10_examples,3,avg_true_dominance_generation,avg_true_dominance_generation_bucket_k3,1,2
12458,encyclopaedia,in_context_examples/llama/54_73/seed_2/k_mean_buckets/samples/avg_true_dominance_generation/all_settings_avg_true_dominance_generation_k3_n10_examples.csv,all_settings_avg_true_dominance_generation_k3_n10_examples,3,avg_true_dominance_generation,avg_true_dominance_generation_bucket_k3,1,1
12527,encyclopaedia,in_context_examples/llama/54_73/seed_2/k_mean_buckets/samples/avg_true_dominance_generation/all_settings_avg_true_dominance_generation_k3_n10_examples.csv,all_settings_avg_true_dominance_generation_k3_n10_examples,3,avg_true_dominance_generation,avg_true_dominance_generation_bucket_k3,1,1
12592,encyclopaedia,in_context_examples/llama/54_73/seed_2/k_mean_buckets/samples/avg_true_dominance_generation/all_settings_avg_true_dominance_generation_k3_n10_examples.csv,all_settings_avg_true_dominance_generation_k3_n10_examples,3,avg_true_dominance_generation,avg_true_dominance_generation_bucket_k3,3,2
12654,encyclopaedia,in_context_examples/llama/54_73/seed_2/k_mean_buckets/samples/avg_true_dominance_generation/all_settings_avg_true_dominance_generation_k3_n10_examples.csv,all_settings_avg_true_dominance_generation_k3_n10_examples,3,avg_true_dominance_generation,avg_true_dominance_generation_bucket_k3,3,2
12687,encyclopaedia,in_context_examples/llama/54_73/seed_2/k_mean_buckets/samples/avg_true_dominance_generation/all_settings_avg_true_dominance_generation_k3_n10_examples.csv,all_settings_avg_true_dominance_generation_k3_n10_examples,3,avg_true_dominance_generation,avg_true_dominance_generation_bucket_k3,1,1
12742,encyclopaedia,in_context_examples/llama/54_73/seed_2/k_mean_buckets/samples/avg_true_dominance_generation/all_settings_avg_true_dominance_generation_k3_n10_examples.csv,all_settings_avg_true_dominance_generation_k3_n10_examples,3,avg_true_dominance_generation,avg_true_dominance_generation_bucket_k3,3,2
12809,encyclopaedia,in_context_examples/llama/54_73/seed_2/k_mean_buckets/samples/avg_true_dominance_generation/all_settings_avg_true_dominance_generation_k3_n10_examples.csv,all_settings_avg_true_dominance_generation_k3_n10_examples,3,avg_true_dominance_generation,avg_true_dominance_generation_bucket_k3,1,1
12892,encyclopaedia,in_context_examples/llama/54_73/seed_2/k_mean_buckets/samples/avg_true_dominance_generation/all_settings_avg_true_dominance_generation_k3_n10_examples.csv,all_settings_avg_true_dominance_generation_k3_n10_examples,3,avg_true_dominance_generation,avg_true_dominance_generation_bucket_k3,3,3
13013,encyclopaedia,in_context_examples/llama/54_73/seed_2/k_mean_buckets/samples/avg_true_dominance_generation/all_settings_avg_true_dominance_generation_k3_n10_examples.csv,all_settings_avg_true_dominance_generation_k3_n10_examples,3,avg_true_dominance_generation,avg_true_dominance_generation_bucket_k3,3,3
13198,encyclopaedia,in_context_examples/llama/54_73/seed_2/k_mean_buckets/samples/avg_true_dominance_generation/all_settings_avg_true_dominance_generation_k3_n10_examples.csv,all_settings_avg_true_dominance_generation_k3_n10_examples,3,avg_true_dominance_generation,avg_true_dominance_generation_bucket_k3,3,2
13344,encyclopaedia,in_context_examples/llama/54_73/seed_2/k_mean_buckets/samples/avg_true_dominance_generation/all_settings_avg_true_dominance_generation_k3_n10_examples.csv,all_settings_avg_true_dominance_generation_k3_n10_examples,3,avg_true_dominance_generation,avg_true_dominance_generation_bucket_k3,3,3
13359,encyclopaedia,in_context_examples/llama/54_73/seed_2/k_mean_buckets/samples/avg_true_dominance_generation/all_settings_avg_true_dominance_generation_k3_n10_examples.csv,all_settings_avg_true_dominance_generation_k3_n10_examples,3,avg_true_dominance_generation,avg_true_dominance_generation_bucket_k3,1,3
13693,encyclopaedia,in_context_examples/llama/54_73/seed_2/k_mean_buckets/samples/avg_true_dominance_generation/all_settings_avg_true_dominance_generation_k3_n10_examples.csv,all_settings_avg_true_dominance_generation_k3_n10_examples,3,avg_true_dominance_generation,avg_true_dominance_generation_bucket_k3,1,1
13694,encyclopaedia,in_context_examples/llama/54_73/seed_2/k_mean_buckets/samples/avg_true_dominance_generation/all_settings_avg_true_dominance_generation_k3_n10_examples.csv,all_settings_avg_true_dominance_generation_k3_n10_examples,3,avg_true_dominance_generation,avg_true_dominance_generation_bucket_k3,3,3
13702,encyclopaedia,in_context_examples/llama/54_73/seed_2/k_mean_buckets/samples/avg_true_dominance_generation/all_settings_avg_true_dominance_generation_k3_n10_examples.csv,all_settings_avg_true_dominance_generation_k3_n10_examples,3,avg_true_dominance_generation,avg_true_dominance_generation_bucket_k3,3,2
13840,encyclopaedia,in_context_examples/llama/54_73/seed_2/k_mean_buckets/samples/avg_true_dominance_generation/all_settings_avg_true_dominance_generation_k3_n10_examples.csv,all_settings_avg_true_dominance_generation_k3_n10_examples,3,avg_true_dominance_generation,avg_true_dominance_generation_bucket_k3,3,2
14028,encyclopaedia,in_context_examples/llama/54_73/seed_2/k_mean_buckets/samples/avg_true_dominance_generation/all_settings_avg_true_dominance_generation_k3_n10_examples.csv,all_settings_avg_true_dominance_generation_k3_n10_examples,3,avg_true_dominance_generation,avg_true_dominance_generation_bucket_k3,3,3
14031,encyclopaedia,in_context_examples/llama/54_73/seed_2/k_mean_buckets/samples/avg_true_dominance_generation/all_settings_avg_true_dominance_generation_k3_n10_examples.csv,all_settings_avg_true_dominance_generation_k3_n10_examples,3,avg_true_dominance_generation,avg_true_dominance_generation_bucket_k3,1,1
14079,encyclopaedia,in_context_examples/llama/54_73/seed_2/k_mean_buckets/samples/avg_true_dominance_generation/all_settings_avg_true_dominance_generation_k3_n10_examples.csv,all_settings_avg_true_dominance_generation_k3_n10_examples,3,avg_true_dominance_generation,avg_true_dominance_generation_bucket_k3,2,2
14130,encyclopaedia,in_context_examples/llama/54_73/seed_2/k_mean_buckets/samples/avg_true_dominance_generation/all_settings_avg_true_dominance_generation_k3_n10_examples.csv,all_settings_avg_true_dominance_generation_k3_n10_examples,3,avg_true_dominance_generation,avg_true_dominance_generation_bucket_k3,1,1
14226,encyclopaedia,in_context_examples/llama/54_73/seed_2/k_mean_buckets/samples/avg_true_dominance_generation/all_settings_avg_true_dominance_generation_k3_n10_examples.csv,all_settings_avg_true_dominance_generation_k3_n10_examples,3,avg_true_dominance_generation,avg_true_dominance_generation_bucket_k3,1,1
14264,encyclopaedia,in_context_examples/llama/54_73/seed_2/k_mean_buckets/samples/avg_true_dominance_generation/all_settings_avg_true_dominance_generation_k3_n10_examples.csv,all_settings_avg_true_dominance_generation_k3_n10_examples,3,avg_true_dominance_generation,avg_true_dominance_generation_bucket_k3,3,2
14282,encyclopaedia,in_context_examples/llama/54_73/seed_2/k_mean_buckets/samples/avg_true_dominance_generation/all_settings_avg_true_dominance_generation_k3_n10_examples.csv,all_settings_avg_true_dominance_generation_k3_n10_examples,3,avg_true_dominance_generation,avg_true_dominance_generation_bucket_k3,2,3
14345,encyclopaedia,in_context_examples/llama/54_73/seed_2/k_mean_buckets/samples/avg_true_dominance_generation/all_settings_avg_true_dominance_generation_k3_n10_examples.csv,all_settings_avg_true_dominance_generation_k3_n10_examples,3,avg_true_dominance_generation,avg_true_dominance_generation_bucket_k3,1,3
14444,encyclopaedia,in_context_examples/llama/54_73/seed_2/k_mean_buckets/samples/avg_true_dominance_generation/all_settings_avg_true_dominance_generation_k3_n10_examples.csv,all_settings_avg_true_dominance_generation_k3_n10_examples,3,avg_true_dominance_generation,avg_true_dominance_generation_bucket_k3,1,3
14527,encyclopaedia,in_context_examples/llama/54_73/seed_2/k_mean_buckets/samples/avg_true_dominance_generation/all_settings_avg_true_dominance_generation_k3_n10_examples.csv,all_settings_avg_true_dominance_generation_k3_n10_examples,3,avg_true_dominance_generation,avg_true_dominance_generation_bucket_k3,1,1
14571,encyclopaedia,in_context_examples/llama/54_73/seed_2/k_mean_buckets/samples/avg_true_dominance_generation/all_settings_avg_true_dominance_generation_k3_n10_examples.csv,all_settings_avg_true_dominance_generation_k3_n10_examples,3,avg_true_dominance_generation,avg_true_dominance_generation_bucket_k3,2,3
14663,encyclopaedia,in_context_examples/llama/54_73/seed_2/k_mean_buckets/samples/avg_true_dominance_generation/all_settings_avg_true_dominance_generation_k3_n10_examples.csv,all_settings_avg_true_dominance_generation_k3_n10_examples,3,avg_true_dominance_generation,avg_true_dominance_generation_bucket_k3,1,2
14746,encyclopaedia,in_context_examples/llama/54_73/seed_2/k_mean_buckets/samples/avg_true_dominance_generation/all_settings_avg_true_dominance_generation_k3_n10_examples.csv,all_settings_avg_true_dominance_generation_k3_n10_examples,3,avg_true_dominance_generation,avg_true_dominance_generation_bucket_k3,1,1
14795,encyclopaedia,in_context_examples/llama/54_73/seed_2/k_mean_buckets/samples/avg_true_dominance_generation/all_settings_avg_true_dominance_generation_k3_n10_examples.csv,all_settings_avg_true_dominance_generation_k3_n10_examples,3,avg_true_dominance_generation,avg_true_dominance_generation_bucket_k3,1,3
14829,encyclopaedia,in_context_examples/llama/54_73/seed_2/k_mean_buckets/samples/avg_true_dominance_generation/all_settings_avg_true_dominance_generation_k3_n10_examples.csv,all_settings_avg_true_dominance_generation_k3_n10_examples,3,avg_true_dominance_generation,avg_true_dominance_generation_bucket_k3,1,3
14911,encyclopaedia,in_context_examples/llama/54_73/seed_2/k_mean_buckets/samples/avg_true_dominance_generation/all_settings_avg_true_dominance_generation_k3_n10_examples.csv,all_settings_avg_true_dominance_generation_k3_n10_examples,3,avg_true_dominance_generation,avg_true_dominance_generation_bucket_k3,1,2
14953,encyclopaedia,in_context_examples/llama/54_73/seed_2/k_mean_buckets/samples/avg_true_dominance_generation/all_settings_avg_true_dominance_generation_k3_n10_examples.csv,all_settings_avg_true_dominance_generation_k3_n10_examples,3,avg_true_dominance_generation,avg_true_dominance_generation_bucket_k3,3,3
15127,encyclopaedia,in_context_examples/llama/54_73/seed_2/k_mean_buckets/samples/avg_true_dominance_generation/all_settings_avg_true_dominance_generation_k3_n10_examples.csv,all_settings_avg_true_dominance_generation_k3_n10_examples,3,avg_true_dominance_generation,avg_true_dominance_generation_bucket_k3,3,2
15322,encyclopaedia,in_context_examples/llama/54_73/seed_2/k_mean_buckets/samples/avg_true_dominance_generation/all_settings_avg_true_dominance_generation_k3_n10_examples.csv,all_settings_avg_true_dominance_generation_k3_n10_examples,3,avg_true_dominance_generation,avg_true_dominance_generation_bucket_k3,3,2
15388,encyclopaedia,in_context_examples/llama/54_73/seed_2/k_mean_buckets/samples/avg_true_dominance_generation/all_settings_avg_true_dominance_generation_k3_n10_examples.csv,all_settings_avg_true_dominance_generation_k3_n10_examples,3,avg_true_dominance_generation,avg_true_dominance_generation_bucket_k3,3,3
15471,encyclopaedia,in_context_examples/llama/54_73/seed_2/k_mean_buckets/samples/avg_true_dominance_generation/all_settings_avg_true_dominance_generation_k3_n10_examples.csv,all_settings_avg_true_dominance_generation_k3_n10_examples,3,avg_true_dominance_generation,avg_true_dominance_generation_bucket_k3,3,2
15508,encyclopaedia,in_context_examples/llama/54_73/seed_2/k_mean_buckets/samples/avg_true_dominance_generation/all_settings_avg_true_dominance_generation_k3_n10_examples.csv,all_settings_avg_true_dominance_generation_k3_n10_examples,3,avg_true_dominance_generation,avg_true_dominance_generation_bucket_k3,1,3
15521,encyclopaedia,in_context_examples/llama/54_73/seed_2/k_mean_buckets/samples/avg_true_dominance_generation/all_settings_avg_true_dominance_generation_k3_n10_examples.csv,all_settings_avg_true_dominance_generation_k3_n10_examples,3,avg_true_dominance_generation,avg_true_dominance_generation_bucket_k3,1,2
15572,encyclopaedia,in_context_examples/llama/54_73/seed_2/k_mean_buckets/samples/avg_true_dominance_generation/all_settings_avg_true_dominance_generation_k3_n10_examples.csv,all_settings_avg_true_dominance_generation_k3_n10_examples,3,avg_true_dominance_generation,avg_true_dominance_generation_bucket_k3,1,3
15584,encyclopaedia,in_context_examples/llama/54_73/seed_2/k_mean_buckets/samples/avg_true_dominance_generation/all_settings_avg_true_dominance_generation_k3_n10_examples.csv,all_settings_avg_true_dominance_generation_k3_n10_examples,3,avg_true_dominance_generation,avg_true_dominance_generation_bucket_k3,1,2
15669,encyclopaedia,in_context_examples/llama/54_73/seed_2/k_mean_buckets/samples/avg_true_dominance_generation/all_settings_avg_true_dominance_generation_k3_n10_examples.csv,all_settings_avg_true_dominance_generation_k3_n10_examples,3,avg_true_dominance_generation,avg_true_dominance_generation_bucket_k3,2,2
15703,encyclopaedia,in_context_examples/llama/54_73/seed_2/k_mean_buckets/samples/avg_true_dominance_generation/all_settings_avg_true_dominance_generation_k3_n10_examples.csv,all_settings_avg_true_dominance_generation_k3_n10_examples,3,avg_true_dominance_generation,avg_true_dominance_generation_bucket_k3,3,2
15777,encyclopaedia,in_context_examples/llama/54_73/seed_2/k_mean_buckets/samples/avg_true_dominance_generation/all_settings_avg_true_dominance_generation_k3_n10_examples.csv,all_settings_avg_true_dominance_generation_k3_n10_examples,3,avg_true_dominance_generation,avg_true_dominance_generation_bucket_k3,3,3
15846,encyclopaedia,in_context_examples/llama/54_73/seed_2/k_mean_buckets/samples/avg_true_dominance_generation/all_settings_avg_true_dominance_generation_k3_n10_examples.csv,all_settings_avg_true_dominance_generation_k3_n10_examples,3,avg_true_dominance_generation,avg_true_dominance_generation_bucket_k3,3,3
15853,encyclopaedia,in_context_examples/llama/54_73/seed_2/k_mean_buckets/samples/avg_true_dominance_generation/all_settings_avg_true_dominance_generation_k3_n10_examples.csv,all_settings_avg_true_dominance_generation_k3_n10_examples,3,avg_true_dominance_generation,avg_true_dominance_generation_bucket_k3,3,1
15861,encyclopaedia,in_context_examples/llama/54_73/seed_2/k_mean_buckets/samples/avg_true_dominance_generation/all_settings_avg_true_dominance_generation_k3_n10_examples.csv,all_settings_avg_true_dominance_generation_k3_n10_examples,3,avg_true_dominance_generation,avg_true_dominance_generation_bucket_k3,3,2
16061,encyclopaedia,in_context_examples/llama/54_73/seed_2/k_mean_buckets/samples/avg_true_dominance_generation/all_settings_avg_true_dominance_generation_k3_n10_examples.csv,all_settings_avg_true_dominance_generation_k3_n10_examples,3,avg_true_dominance_generation,avg_true_dominance_generation_bucket_k3,1,1
16149,encyclopaedia,in_context_examples/llama/54_73/seed_2/k_mean_buckets/samples/avg_true_dominance_generation/all_settings_avg_true_dominance_generation_k3_n10_examples.csv,all_settings_avg_true_dominance_generation_k3_n10_examples,3,avg_true_dominance_generation,avg_true_dominance_generation_bucket_k3,1,2
16204,encyclopaedia,in_context_examples/llama/54_73/seed_2/k_mean_buckets/samples/avg_true_dominance_generation/all_settings_avg_true_dominance_generation_k3_n10_examples.csv,all_settings_avg_true_dominance_generation_k3_n10_examples,3,avg_true_dominance_generation,avg_true_dominance_generation_bucket_k3,3,2
16208,encyclopaedia,in_context_examples/llama/54_73/seed_2/k_mean_buckets/samples/avg_true_dominance_generation/all_settings_avg_true_dominance_generation_k3_n10_examples.csv,all_settings_avg_true_dominance_generation_k3_n10_examples,3,avg_true_dominance_generation,avg_true_dominance_generation_bucket_k3,1,1
16260,encyclopaedia,in_context_examples/llama/54_73/seed_2/k_mean_buckets/samples/avg_true_dominance_generation/all_settings_avg_true_dominance_generation_k3_n10_examples.csv,all_settings_avg_true_dominance_generation_k3_n10_examples,3,avg_true_dominance_generation,avg_true_dominance_generation_bucket_k3,3,2
16301,encyclopaedia,in_context_examples/llama/54_73/seed_2/k_mean_buckets/samples/avg_true_dominance_generation/all_settings_avg_true_dominance_generation_k3_n10_examples.csv,all_settings_avg_true_dominance_generation_k3_n10_examples,3,avg_true_dominance_generation,avg_true_dominance_generation_bucket_k3,3,2
16395,encyclopaedia,in_context_examples/llama/54_73/seed_2/k_mean_buckets/samples/avg_true_dominance_generation/all_settings_avg_true_dominance_generation_k3_n10_examples.csv,all_settings_avg_true_dominance_generation_k3_n10_examples,3,avg_true_dominance_generation,avg_true_dominance_generation_bucket_k3,3,3
16465,encyclopaedia,in_context_examples/llama/54_73/seed_2/k_mean_buckets/samples/avg_true_dominance_generation/all_settings_avg_true_dominance_generation_k3_n10_examples.csv,all_settings_avg_true_dominance_generation_k3_n10_examples,3,avg_true_dominance_generation,avg_true_dominance_generation_bucket_k3,1,1
16591,encyclopaedia,in_context_examples/llama/54_73/seed_2/k_mean_buckets/samples/avg_true_dominance_generation/all_settings_avg_true_dominance_generation_k3_n10_examples.csv,all_settings_avg_true_dominance_generation_k3_n10_examples,3,avg_true_dominance_generation,avg_true_dominance_generation_bucket_k3,1,2
16619,encyclopaedia,in_context_examples/llama/54_73/seed_2/k_mean_buckets/samples/avg_true_dominance_generation/all_settings_avg_true_dominance_generation_k3_n10_examples.csv,all_settings_avg_true_dominance_generation_k3_n10_examples,3,avg_true_dominance_generation,avg_true_dominance_generation_bucket_k3,2,3
16716,encyclopaedia,in_context_examples/llama/54_73/seed_2/k_mean_buckets/samples/avg_true_dominance_generation/all_settings_avg_true_dominance_generation_k3_n10_examples.csv,all_settings_avg_true_dominance_generation_k3_n10_examples,3,avg_true_dominance_generation,avg_true_dominance_generation_bucket_k3,2,2
16778,encyclopaedia,in_context_examples/llama/54_73/seed_2/k_mean_buckets/samples/avg_true_dominance_generation/all_settings_avg_true_dominance_generation_k3_n10_examples.csv,all_settings_avg_true_dominance_generation_k3_n10_examples,3,avg_true_dominance_generation,avg_true_dominance_generation_bucket_k3,1,1
16962,encyclopaedia,in_context_examples/llama/54_73/seed_2/k_mean_buckets/samples/avg_true_dominance_generation/all_settings_avg_true_dominance_generation_k3_n10_examples.csv,all_settings_avg_true_dominance_generation_k3_n10_examples,3,avg_true_dominance_generation,avg_true_dominance_generation_bucket_k3,1,1
16988,encyclopaedia,in_context_examples/llama/54_73/seed_2/k_mean_buckets/samples/avg_true_dominance_generation/all_settings_avg_true_dominance_generation_k3_n10_examples.csv,all_settings_avg_true_dominance_generation_k3_n10_examples,3,avg_true_dominance_generation,avg_true_dominance_generation_bucket_k3,3,1
16994,encyclopaedia,in_context_examples/llama/54_73/seed_2/k_mean_buckets/samples/avg_true_dominance_generation/all_settings_avg_true_dominance_generation_k3_n10_examples.csv,all_settings_avg_true_dominance_generation_k3_n10_examples,3,avg_true_dominance_generation,avg_true_dominance_generation_bucket_k3,1,3
17016,encyclopaedia,in_context_examples/llama/54_73/seed_2/k_mean_buckets/samples/avg_true_dominance_generation/all_settings_avg_true_dominance_generation_k3_n10_examples.csv,all_settings_avg_true_dominance_generation_k3_n10_examples,3,avg_true_dominance_generation,avg_true_dominance_generation_bucket_k3,3,3
17093,encyclopaedia,in_context_examples/llama/54_73/seed_2/k_mean_buckets/samples/avg_true_dominance_generation/all_settings_avg_true_dominance_generation_k3_n10_examples.csv,all_settings_avg_true_dominance_generation_k3_n10_examples,3,avg_true_dominance_generation,avg_true_dominance_generation_bucket_k3,1,1
17204,encyclopaedia,in_context_examples/llama/54_73/seed_2/k_mean_buckets/samples/avg_true_dominance_generation/all_settings_avg_true_dominance_generation_k3_n10_examples.csv,all_settings_avg_true_dominance_generation_k3_n10_examples,3,avg_true_dominance_generation,avg_true_dominance_generation_bucket_k3,3,2
17213,encyclopaedia,in_context_examples/llama/54_73/seed_2/k_mean_buckets/samples/avg_true_dominance_generation/all_settings_avg_true_dominance_generation_k3_n10_examples.csv,all_settings_avg_true_dominance_generation_k3_n10_examples,3,avg_true_dominance_generation,avg_true_dominance_generation_bucket_k3,3,3
17328,encyclopaedia,in_context_examples/llama/54_73/seed_2/k_mean_buckets/samples/avg_true_dominance_generation/all_settings_avg_true_dominance_generation_k3_n10_examples.csv,all_settings_avg_true_dominance_generation_k3_n10_examples,3,avg_true_dominance_generation,avg_true_dominance_generation_bucket_k3,3,2
17365,encyclopaedia,in_context_examples/llama/54_73/seed_2/k_mean_buckets/samples/avg_true_dominance_generation/all_settings_avg_true_dominance_generation_k3_n10_examples.csv,all_settings_avg_true_dominance_generation_k3_n10_examples,3,avg_true_dominance_generation,avg_true_dominance_generation_bucket_k3,3,2
17370,encyclopaedia,in_context_examples/llama/54_73/seed_2/k_mean_buckets/samples/avg_true_dominance_generation/all_settings_avg_true_dominance_generation_k3_n10_examples.csv,all_settings_avg_true_dominance_generation_k3_n10_examples,3,avg_true_dominance_generation,avg_true_dominance_generation_bucket_k3,2,2
17460,encyclopaedia,in_context_examples/llama/54_73/seed_2/k_mean_buckets/samples/avg_true_dominance_generation/all_settings_avg_true_dominance_generation_k3_n10_examples.csv,all_settings_avg_true_dominance_generation_k3_n10_examples,3,avg_true_dominance_generation,avg_true_dominance_generation_bucket_k3,3,3
17495,encyclopaedia,in_context_examples/llama/54_73/seed_2/k_mean_buckets/samples/avg_true_dominance_generation/all_settings_avg_true_dominance_generation_k3_n10_examples.csv,all_settings_avg_true_dominance_generation_k3_n10_examples,3,avg_true_dominance_generation,avg_true_dominance_generation_bucket_k3,3,3
17748,encyclopaedia,in_context_examples/llama/54_73/seed_2/k_mean_buckets/samples/avg_true_dominance_generation/all_settings_avg_true_dominance_generation_k3_n10_examples.csv,all_settings_avg_true_dominance_generation_k3_n10_examples,3,avg_true_dominance_generation,avg_true_dominance_generation_bucket_k3,1,2
17844,encyclopaedia,in_context_examples/llama/54_73/seed_2/k_mean_buckets/samples/avg_true_dominance_generation/all_settings_avg_true_dominance_generation_k3_n10_examples.csv,all_settings_avg_true_dominance_generation_k3_n10_examples,3,avg_true_dominance_generation,avg_true_dominance_generation_bucket_k3,1,2
17902,encyclopaedia,in_context_examples/llama/54_73/seed_2/k_mean_buckets/samples/avg_true_dominance_generation/all_settings_avg_true_dominance_generation_k3_n10_examples.csv,all_settings_avg_true_dominance_generation_k3_n10_examples,3,avg_true_dominance_generation,avg_true_dominance_generation_bucket_k3,2,2
17939,encyclopaedia,in_context_examples/llama/54_73/seed_2/k_mean_buckets/samples/avg_true_dominance_generation/all_settings_avg_true_dominance_generation_k3_n10_examples.csv,all_settings_avg_true_dominance_generation_k3_n10_examples,3,avg_true_dominance_generation,avg_true_dominance_generation_bucket_k3,3,3
17945,encyclopaedia,in_context_examples/llama/54_73/seed_2/k_mean_buckets/samples/avg_true_dominance_generation/all_settings_avg_true_dominance_generation_k3_n10_examples.csv,all_settings_avg_true_dominance_generation_k3_n10_examples,3,avg_true_dominance_generation,avg_true_dominance_generation_bucket_k3,3,3
18122,encyclopaedia,in_context_examples/llama/54_73/seed_2/k_mean_buckets/samples/avg_true_dominance_generation/all_settings_avg_true_dominance_generation_k3_n10_examples.csv,all_settings_avg_true_dominance_generation_k3_n10_examples,3,avg_true_dominance_generation,avg_true_dominance_generation_bucket_k3,1,3
18274,encyclopaedia,in_context_examples/llama/54_73/seed_2/k_mean_buckets/samples/avg_true_dominance_generation/all_settings_avg_true_dominance_generation_k3_n10_examples.csv,all_settings_avg_true_dominance_generation_k3_n10_examples,3,avg_true_dominance_generation,avg_true_dominance_generation_bucket_k3,1,1
18327,encyclopaedia,in_context_examples/llama/54_73/seed_2/k_mean_buckets/samples/avg_true_dominance_generation/all_settings_avg_true_dominance_generation_k3_n10_examples.csv,all_settings_avg_true_dominance_generation_k3_n10_examples,3,avg_true_dominance_generation,avg_true_dominance_generation_bucket_k3,2,3
18449,encyclopaedia,in_context_examples/llama/54_73/seed_2/k_mean_buckets/samples/avg_true_dominance_generation/all_settings_avg_true_dominance_generation_k3_n10_examples.csv,all_settings_avg_true_dominance_generation_k3_n10_examples,3,avg_true_dominance_generation,avg_true_dominance_generation_bucket_k3,1,1
18469,encyclopaedia,in_context_examples/llama/54_73/seed_2/k_mean_buckets/samples/avg_true_dominance_generation/all_settings_avg_true_dominance_generation_k3_n10_examples.csv,all_settings_avg_true_dominance_generation_k3_n10_examples,3,avg_true_dominance_generation,avg_true_dominance_generation_bucket_k3,1,3
18501,encyclopaedia,in_context_examples/llama/54_73/seed_2/k_mean_buckets/samples/avg_true_dominance_generation/all_settings_avg_true_dominance_generation_k3_n10_examples.csv,all_settings_avg_true_dominance_generation_k3_n10_examples,3,avg_true_dominance_generation,avg_true_dominance_generation_bucket_k3,2,1
18503,encyclopaedia,in_context_examples/llama/54_73/seed_2/k_mean_buckets/samples/avg_true_dominance_generation/all_settings_avg_true_dominance_generation_k3_n10_examples.csv,all_settings_avg_true_dominance_generation_k3_n10_examples,3,avg_true_dominance_generation,avg_true_dominance_generation_bucket_k3,1,3
18530,encyclopaedia,in_context_examples/llama/54_73/seed_2/k_mean_buckets/samples/avg_true_dominance_generation/all_settings_avg_true_dominance_generation_k3_n10_examples.csv,all_settings_avg_true_dominance_generation_k3_n10_examples,3,avg_true_dominance_generation,avg_true_dominance_generation_bucket_k3,2,2
18603,encyclopaedia,in_context_examples/llama/54_73/seed_2/k_mean_buckets/samples/avg_true_dominance_generation/all_settings_avg_true_dominance_generation_k3_n10_examples.csv,all_settings_avg_true_dominance_generation_k3_n10_examples,3,avg_true_dominance_generation,avg_true_dominance_generation_bucket_k3,3,3
18904,encyclopaedia,in_context_examples/llama/54_73/seed_2/k_mean_buckets/samples/avg_true_dominance_generation/all_settings_avg_true_dominance_generation_k3_n10_examples.csv,all_settings_avg_true_dominance_generation_k3_n10_examples,3,avg_true_dominance_generation,avg_true_dominance_generation_bucket_k3,1,3
18970,encyclopaedia,in_context_examples/llama/54_73/seed_2/k_mean_buckets/samples/avg_true_dominance_generation/all_settings_avg_true_dominance_generation_k3_n10_examples.csv,all_settings_avg_true_dominance_generation_k3_n10_examples,3,avg_true_dominance_generation,avg_true_dominance_generation_bucket_k3,1,1
19050,encyclopaedia,in_context_examples/llama/54_73/seed_2/k_mean_buckets/samples/avg_true_dominance_generation/all_settings_avg_true_dominance_generation_k3_n10_examples.csv,all_settings_avg_true_dominance_generation_k3_n10_examples,3,avg_true_dominance_generation,avg_true_dominance_generation_bucket_k3,1,1
19334,encyclopaedia,in_context_examples/llama/54_73/seed_2/k_mean_buckets/samples/avg_true_dominance_generation/all_settings_avg_true_dominance_generation_k3_n10_examples.csv,all_settings_avg_true_dominance_generation_k3_n10_examples,3,avg_true_dominance_generation,avg_true_dominance_generation_bucket_k3,1,2
19366,encyclopaedia,in_context_examples/llama/54_73/seed_2/k_mean_buckets/samples/avg_true_dominance_generation/all_settings_avg_true_dominance_generation_k3_n10_examples.csv,all_settings_avg_true_dominance_generation_k3_n10_examples,3,avg_true_dominance_generation,avg_true_dominance_generation_bucket_k3,3,3
19399,encyclopaedia,in_context_examples/llama/54_73/seed_2/k_mean_buckets/samples/avg_true_dominance_generation/all_settings_avg_true_dominance_generation_k3_n10_examples.csv,all_settings_avg_true_dominance_generation_k3_n10_examples,3,avg_true_dominance_generation,avg_true_dominance_generation_bucket_k3,3,3
19583,encyclopaedia,in_context_examples/llama/54_73/seed_2/k_mean_buckets/samples/avg_true_dominance_generation/all_settings_avg_true_dominance_generation_k3_n10_examples.csv,all_settings_avg_true_dominance_generation_k3_n10_examples,3,avg_true_dominance_generation,avg_true_dominance_generation_bucket_k3,1,2
19588,encyclopaedia,in_context_examples/llama/54_73/seed_2/k_mean_buckets/samples/avg_true_dominance_generation/all_settings_avg_true_dominance_generation_k3_n10_examples.csv,all_settings_avg_true_dominance_generation_k3_n10_examples,3,avg_true_dominance_generation,avg_true_dominance_generation_bucket_k3,3,3
19776,encyclopaedia,in_context_examples/llama/54_73/seed_2/k_mean_buckets/samples/avg_true_dominance_generation/all_settings_avg_true_dominance_generation_k3_n10_examples.csv,all_settings_avg_true_dominance_generation_k3_n10_examples,3,avg_true_dominance_generation,avg_true_dominance_generation_bucket_k3,1,1
19835,encyclopaedia,in_context_examples/llama/54_73/seed_2/k_mean_buckets/samples/avg_true_dominance_generation/all_settings_avg_true_dominance_generation_k3_n10_examples.csv,all_settings_avg_true_dominance_generation_k3_n10_examples,3,avg_true_dominance_generation,avg_true_dominance_generation_bucket_k3,1,2
19902,encyclopaedia,in_context_examples/llama/54_73/seed_2/k_mean_buckets/samples/avg_true_dominance_generation/all_settings_avg_true_dominance_generation_k3_n10_examples.csv,all_settings_avg_true_dominance_generation_k3_n10_examples,3,avg_true_dominance_generation,avg_true_dominance_generation_bucket_k3,3,3
19904,encyclopaedia,in_context_examples/llama/54_73/seed_2/k_mean_buckets/samples/avg_true_dominance_generation/all_settings_avg_true_dominance_generation_k3_n10_examples.csv,all_settings_avg_true_dominance_generation_k3_n10_examples,3,avg_true_dominance_generation,avg_true_dominance_generation_bucket_k3,2,1
19981,encyclopaedia,in_context_examples/llama/54_73/seed_2/k_mean_buckets/samples/avg_true_dominance_generation/all_settings_avg_true_dominance_generation_k3_n10_examples.csv,all_settings_avg_true_dominance_generation_k3_n10_examples,3,avg_true_dominance_generation,avg_true_dominance_generation_bucket_k3,3,3
20087,encyclopaedia,in_context_examples/llama/54_73/seed_2/k_mean_buckets/samples/avg_true_dominance_generation/all_settings_avg_true_dominance_generation_k3_n10_examples.csv,all_settings_avg_true_dominance_generation_k3_n10_examples,3,avg_true_dominance_generation,avg_true_dominance_generation_bucket_k3,1,3
20186,encyclopaedia,in_context_examples/llama/54_73/seed_2/k_mean_buckets/samples/avg_true_dominance_generation/all_settings_avg_true_dominance_generation_k3_n10_examples.csv,all_settings_avg_true_dominance_generation_k3_n10_examples,3,avg_true_dominance_generation,avg_true_dominance_generation_bucket_k3,1,1
20410,encyclopaedia,in_context_examples/llama/54_73/seed_2/k_mean_buckets/samples/avg_true_dominance_generation/all_settings_avg_true_dominance_generation_k3_n10_examples.csv,all_settings_avg_true_dominance_generation_k3_n10_examples,3,avg_true_dominance_generation,avg_true_dominance_generation_bucket_k3,3,3
20601,encyclopaedia,in_context_examples/llama/54_73/seed_2/k_mean_buckets/samples/avg_true_dominance_generation/all_settings_avg_true_dominance_generation_k3_n10_examples.csv,all_settings_avg_true_dominance_generation_k3_n10_examples,3,avg_true_dominance_generation,avg_true_dominance_generation_bucket_k3,1,3
20756,encyclopaedia,in_context_examples/llama/54_73/seed_2/k_mean_buckets/samples/avg_true_dominance_generation/all_settings_avg_true_dominance_generation_k3_n10_examples.csv,all_settings_avg_true_dominance_generation_k3_n10_examples,3,avg_true_dominance_generation,avg_true_dominance_generation_bucket_k3,1,2
21061,encyclopaedia,in_context_examples/llama/54_73/seed_2/k_mean_buckets/samples/avg_true_dominance_generation/all_settings_avg_true_dominance_generation_k3_n10_examples.csv,all_settings_avg_true_dominance_generation_k3_n10_examples,3,avg_true_dominance_generation,avg_true_dominance_generation_bucket_k3,2,2
21231,encyclopaedia,in_context_examples/llama/54_73/seed_2/k_mean_buckets/samples/avg_true_dominance_generation/all_settings_avg_true_dominance_generation_k3_n10_examples.csv,all_settings_avg_true_dominance_generation_k3_n10_examples,3,avg_true_dominance_generation,avg_true_dominance_generation_bucket_k3,1,1
21254,encyclopaedia,in_context_examples/llama/54_73/seed_2/k_mean_buckets/samples/avg_true_dominance_generation/all_settings_avg_true_dominance_generation_k3_n10_examples.csv,all_settings_avg_true_dominance_generation_k3_n10_examples,3,avg_true_dominance_generation,avg_true_dominance_generation_bucket_k3,3,2
21323,encyclopaedia,in_context_examples/llama/54_73/seed_2/k_mean_buckets/samples/avg_true_dominance_generation/all_settings_avg_true_dominance_generation_k3_n10_examples.csv,all_settings_avg_true_dominance_generation_k3_n10_examples,3,avg_true_dominance_generation,avg_true_dominance_generation_bucket_k3,3,3
21342,encyclopaedia,in_context_examples/llama/54_73/seed_2/k_mean_buckets/samples/avg_true_dominance_generation/all_settings_avg_true_dominance_generation_k3_n10_examples.csv,all_settings_avg_true_dominance_generation_k3_n10_examples,3,avg_true_dominance_generation,avg_true_dominance_generation_bucket_k3,1,1
21346,encyclopaedia,in_context_examples/llama/54_73/seed_2/k_mean_buckets/samples/avg_true_dominance_generation/all_settings_avg_true_dominance_generation_k3_n10_examples.csv,all_settings_avg_true_dominance_generation_k3_n10_examples,3,avg_true_dominance_generation,avg_true_dominance_generation_bucket_k3,3,1
21440,encyclopaedia,in_context_examples/llama/54_73/seed_2/k_mean_buckets/samples/avg_true_dominance_generation/all_settings_avg_true_dominance_generation_k3_n10_examples.csv,all_settings_avg_true_dominance_generation_k3_n10_examples,3,avg_true_dominance_generation,avg_true_dominance_generation_bucket_k3,3,3
21681,encyclopaedia,in_context_examples/llama/54_73/seed_2/k_mean_buckets/samples/avg_true_dominance_generation/all_settings_avg_true_dominance_generation_k3_n10_examples.csv,all_settings_avg_true_dominance_generation_k3_n10_examples,3,avg_true_dominance_generation,avg_true_dominance_generation_bucket_k3,1,1
21728,encyclopaedia,in_context_examples/llama/54_73/seed_2/k_mean_buckets/samples/avg_true_dominance_generation/all_settings_avg_true_dominance_generation_k3_n10_examples.csv,all_settings_avg_true_dominance_generation_k3_n10_examples,3,avg_true_dominance_generation,avg_true_dominance_generation_bucket_k3,1,3
21759,encyclopaedia,in_context_examples/llama/54_73/seed_2/k_mean_buckets/samples/avg_true_dominance_generation/all_settings_avg_true_dominance_generation_k3_n10_examples.csv,all_settings_avg_true_dominance_generation_k3_n10_examples,3,avg_true_dominance_generation,avg_true_dominance_generation_bucket_k3,1,2
21867,encyclopaedia,in_context_examples/llama/54_73/seed_2/k_mean_buckets/samples/avg_true_dominance_generation/all_settings_avg_true_dominance_generation_k3_n10_examples.csv,all_settings_avg_true_dominance_generation_k3_n10_examples,3,avg_true_dominance_generation,avg_true_dominance_generation_bucket_k3,1,3
21,information_not_credible_source_new,in_context_examples/llama/54_73/seed_2/k_mean_buckets/samples/avg_true_dominance_generation/all_settings_avg_true_dominance_generation_k3_n10_examples.csv,all_settings_avg_true_dominance_generation_k3_n10_examples,3,avg_true_dominance_generation,avg_true_dominance_generation_bucket_k3,3,1
56,information_not_credible_source_new,in_context_examples/llama/54_73/seed_2/k_mean_buckets/samples/avg_true_dominance_generation/all_settings_avg_true_dominance_generation_k3_n10_examples.csv,all_settings_avg_true_dominance_generation_k3_n10_examples,3,avg_true_dominance_generation,avg_true_dominance_generation_bucket_k3,3,3
304,information_not_credible_source_new,in_context_examples/llama/54_73/seed_2/k_mean_buckets/samples/avg_true_dominance_generation/all_settings_avg_true_dominance_generation_k3_n10_examples.csv,all_settings_avg_true_dominance_generation_k3_n10_examples,3,avg_true_dominance_generation,avg_true_dominance_generation_bucket_k3,3,3
366,information_not_credible_source_new,in_context_examples/llama/54_73/seed_2/k_mean_buckets/samples/avg_true_dominance_generation/all_settings_avg_true_dominance_generation_k3_n10_examples.csv,all_settings_avg_true_dominance_generation_k3_n10_examples,3,avg_true_dominance_generation,avg_true_dominance_generation_bucket_k3,3,3
378,information_not_credible_source_new,in_context_examples/llama/54_73/seed_2/k_mean_buckets/samples/avg_true_dominance_generation/all_settings_avg_true_dominance_generation_k3_n10_examples.csv,all_settings_avg_true_dominance_generation_k3_n10_examples,3,avg_true_dominance_generation,avg_true_dominance_generation_bucket_k3,2,2
514,information_not_credible_source_new,in_context_examples/llama/54_73/seed_2/k_mean_buckets/samples/avg_true_dominance_generation/all_settings_avg_true_dominance_generation_k3_n10_examples.csv,all_settings_avg_true_dominance_generation_k3_n10_examples,3,avg_true_dominance_generation,avg_true_dominance_generation_bucket_k3,2,3
727,information_not_credible_source_new,in_context_examples/llama/54_73/seed_2/k_mean_buckets/samples/avg_true_dominance_generation/all_settings_avg_true_dominance_generation_k3_n10_examples.csv,all_settings_avg_true_dominance_generation_k3_n10_examples,3,avg_true_dominance_generation,avg_true_dominance_generation_bucket_k3,2,2
741,information_not_credible_source_new,in_context_examples/llama/54_73/seed_2/k_mean_buckets/samples/avg_true_dominance_generation/all_settings_avg_true_dominance_generation_k3_n10_examples.csv,all_settings_avg_true_dominance_generation_k3_n10_examples,3,avg_true_dominance_generation,avg_true_dominance_generation_bucket_k3,1,3
742,information_not_credible_source_new,in_context_examples/llama/54_73/seed_2/k_mean_buckets/samples/avg_true_dominance_generation/all_settings_avg_true_dominance_generation_k3_n10_examples.csv,all_settings_avg_true_dominance_generation_k3_n10_examples,3,avg_true_dominance_generation,avg_true_dominance_generation_bucket_k3,1,2
746,information_not_credible_source_new,in_context_examples/llama/54_73/seed_2/k_mean_buckets/samples/avg_true_dominance_generation/all_settings_avg_true_dominance_generation_k3_n10_examples.csv,all_settings_avg_true_dominance_generation_k3_n10_examples,3,avg_true_dominance_generation,avg_true_dominance_generation_bucket_k3,2,2
747,information_not_credible_source_new,in_context_examples/llama/54_73/seed_2/k_mean_buckets/samples/avg_true_dominance_generation/all_settings_avg_true_dominance_generation_k3_n10_examples.csv,all_settings_avg_true_dominance_generation_k3_n10_examples,3,avg_true_dominance_generation,avg_true_dominance_generation_bucket_k3,2,2
816,information_not_credible_source_new,in_context_examples/llama/54_73/seed_2/k_mean_buckets/samples/avg_true_dominance_generation/all_settings_avg_true_dominance_generation_k3_n10_examples.csv,all_settings_avg_true_dominance_generation_k3_n10_examples,3,avg_true_dominance_generation,avg_true_dominance_generation_bucket_k3,1,3
871,information_not_credible_source_new,in_context_examples/llama/54_73/seed_2/k_mean_buckets/samples/avg_true_dominance_generation/all_settings_avg_true_dominance_generation_k3_n10_examples.csv,all_settings_avg_true_dominance_generation_k3_n10_examples,3,avg_true_dominance_generation,avg_true_dominance_generation_bucket_k3,3,3
893,information_not_credible_source_new,in_context_examples/llama/54_73/seed_2/k_mean_buckets/samples/avg_true_dominance_generation/all_settings_avg_true_dominance_generation_k3_n10_examples.csv,all_settings_avg_true_dominance_generation_k3_n10_examples,3,avg_true_dominance_generation,avg_true_dominance_generation_bucket_k3,3,2
982,information_not_credible_source_new,in_context_examples/llama/54_73/seed_2/k_mean_buckets/samples/avg_true_dominance_generation/all_settings_avg_true_dominance_generation_k3_n10_examples.csv,all_settings_avg_true_dominance_generation_k3_n10_examples,3,avg_true_dominance_generation,avg_true_dominance_generation_bucket_k3,3,2
1169,information_not_credible_source_new,in_context_examples/llama/54_73/seed_2/k_mean_buckets/samples/avg_true_dominance_generation/all_settings_avg_true_dominance_generation_k3_n10_examples.csv,all_settings_avg_true_dominance_generation_k3_n10_examples,3,avg_true_dominance_generation,avg_true_dominance_generation_bucket_k3,1,1
1170,information_not_credible_source_new,in_context_examples/llama/54_73/seed_2/k_mean_buckets/samples/avg_true_dominance_generation/all_settings_avg_true_dominance_generation_k3_n10_examples.csv,all_settings_avg_true_dominance_generation_k3_n10_examples,3,avg_true_dominance_generation,avg_true_dominance_generation_bucket_k3,3,3
1421,information_not_credible_source_new,in_context_examples/llama/54_73/seed_2/k_mean_buckets/samples/avg_true_dominance_generation/all_settings_avg_true_dominance_generation_k3_n10_examples.csv,all_settings_avg_true_dominance_generation_k3_n10_examples,3,avg_true_dominance_generation,avg_true_dominance_generation_bucket_k3,1,2
1539,information_not_credible_source_new,in_context_examples/llama/54_73/seed_2/k_mean_buckets/samples/avg_true_dominance_generation/all_settings_avg_true_dominance_generation_k3_n10_examples.csv,all_settings_avg_true_dominance_generation_k3_n10_examples,3,avg_true_dominance_generation,avg_true_dominance_generation_bucket_k3,3,2
1553,information_not_credible_source_new,in_context_examples/llama/54_73/seed_2/k_mean_buckets/samples/avg_true_dominance_generation/all_settings_avg_true_dominance_generation_k3_n10_examples.csv,all_settings_avg_true_dominance_generation_k3_n10_examples,3,avg_true_dominance_generation,avg_true_dominance_generation_bucket_k3,3,3
1577,information_not_credible_source_new,in_context_examples/llama/54_73/seed_2/k_mean_buckets/samples/avg_true_dominance_generation/all_settings_avg_true_dominance_generation_k3_n10_examples.csv,all_settings_avg_true_dominance_generation_k3_n10_examples,3,avg_true_dominance_generation,avg_true_dominance_generation_bucket_k3,1,2
1609,information_not_credible_source_new,in_context_examples/llama/54_73/seed_2/k_mean_buckets/samples/avg_true_dominance_generation/all_settings_avg_true_dominance_generation_k3_n10_examples.csv,all_settings_avg_true_dominance_generation_k3_n10_examples,3,avg_true_dominance_generation,avg_true_dominance_generation_bucket_k3,3,2
1896,information_not_credible_source_new,in_context_examples/llama/54_73/seed_2/k_mean_buckets/samples/avg_true_dominance_generation/all_settings_avg_true_dominance_generation_k3_n10_examples.csv,all_settings_avg_true_dominance_generation_k3_n10_examples,3,avg_true_dominance_generation,avg_true_dominance_generation_bucket_k3,1,3
1949,information_not_credible_source_new,in_context_examples/llama/54_73/seed_2/k_mean_buckets/samples/avg_true_dominance_generation/all_settings_avg_true_dominance_generation_k3_n10_examples.csv,all_settings_avg_true_dominance_generation_k3_n10_examples,3,avg_true_dominance_generation,avg_true_dominance_generation_bucket_k3,2,2
2157,information_not_credible_source_new,in_context_examples/llama/54_73/seed_2/k_mean_buckets/samples/avg_true_dominance_generation/all_settings_avg_true_dominance_generation_k3_n10_examples.csv,all_settings_avg_true_dominance_generation_k3_n10_examples,3,avg_true_dominance_generation,avg_true_dominance_generation_bucket_k3,3,2
2165,information_not_credible_source_new,in_context_examples/llama/54_73/seed_2/k_mean_buckets/samples/avg_true_dominance_generation/all_settings_avg_true_dominance_generation_k3_n10_examples.csv,all_settings_avg_true_dominance_generation_k3_n10_examples,3,avg_true_dominance_generation,avg_true_dominance_generation_bucket_k3,1,2
2235,information_not_credible_source_new,in_context_examples/llama/54_73/seed_2/k_mean_buckets/samples/avg_true_dominance_generation/all_settings_avg_true_dominance_generation_k3_n10_examples.csv,all_settings_avg_true_dominance_generation_k3_n10_examples,3,avg_true_dominance_generation,avg_true_dominance_generation_bucket_k3,3,3
2296,information_not_credible_source_new,in_context_examples/llama/54_73/seed_2/k_mean_buckets/samples/avg_true_dominance_generation/all_settings_avg_true_dominance_generation_k3_n10_examples.csv,all_settings_avg_true_dominance_generation_k3_n10_examples,3,avg_true_dominance_generation,avg_true_dominance_generation_bucket_k3,2,2
2335,information_not_credible_source_new,in_context_examples/llama/54_73/seed_2/k_mean_buckets/samples/avg_true_dominance_generation/all_settings_avg_true_dominance_generation_k3_n10_examples.csv,all_settings_avg_true_dominance_generation_k3_n10_examples,3,avg_true_dominance_generation,avg_true_dominance_generation_bucket_k3,2,2
2371,information_not_credible_source_new,in_context_examples/llama/54_73/seed_2/k_mean_buckets/samples/avg_true_dominance_generation/all_settings_avg_true_dominance_generation_k3_n10_examples.csv,all_settings_avg_true_dominance_generation_k3_n10_examples,3,avg_true_dominance_generation,avg_true_dominance_generation_bucket_k3,2,2
2403,information_not_credible_source_new,in_context_examples/llama/54_73/seed_2/k_mean_buckets/samples/avg_true_dominance_generation/all_settings_avg_true_dominance_generation_k3_n10_examples.csv,all_settings_avg_true_dominance_generation_k3_n10_examples,3,avg_true_dominance_generation,avg_true_dominance_generation_bucket_k3,3,2
2417,information_not_credible_source_new,in_context_examples/llama/54_73/seed_2/k_mean_buckets/samples/avg_true_dominance_generation/all_settings_avg_true_dominance_generation_k3_n10_examples.csv,all_settings_avg_true_dominance_generation_k3_n10_examples,3,avg_true_dominance_generation,avg_true_dominance_generation_bucket_k3,1,3
2488,information_not_credible_source_new,in_context_examples/llama/54_73/seed_2/k_mean_buckets/samples/avg_true_dominance_generation/all_settings_avg_true_dominance_generation_k3_n10_examples.csv,all_settings_avg_true_dominance_generation_k3_n10_examples,3,avg_true_dominance_generation,avg_true_dominance_generation_bucket_k3,1,2
2577,information_not_credible_source_new,in_context_examples/llama/54_73/seed_2/k_mean_buckets/samples/avg_true_dominance_generation/all_settings_avg_true_dominance_generation_k3_n10_examples.csv,all_settings_avg_true_dominance_generation_k3_n10_examples,3,avg_true_dominance_generation,avg_true_dominance_generation_bucket_k3,3,3
2651,information_not_credible_source_new,in_context_examples/llama/54_73/seed_2/k_mean_buckets/samples/avg_true_dominance_generation/all_settings_avg_true_dominance_generation_k3_n10_examples.csv,all_settings_avg_true_dominance_generation_k3_n10_examples,3,avg_true_dominance_generation,avg_true_dominance_generation_bucket_k3,1,2
2726,information_not_credible_source_new,in_context_examples/llama/54_73/seed_2/k_mean_buckets/samples/avg_true_dominance_generation/all_settings_avg_true_dominance_generation_k3_n10_examples.csv,all_settings_avg_true_dominance_generation_k3_n10_examples,3,avg_true_dominance_generation,avg_true_dominance_generation_bucket_k3,1,2
2852,information_not_credible_source_new,in_context_examples/llama/54_73/seed_2/k_mean_buckets/samples/avg_true_dominance_generation/all_settings_avg_true_dominance_generation_k3_n10_examples.csv,all_settings_avg_true_dominance_generation_k3_n10_examples,3,avg_true_dominance_generation,avg_true_dominance_generation_bucket_k3,3,2
2897,information_not_credible_source_new,in_context_examples/llama/54_73/seed_2/k_mean_buckets/samples/avg_true_dominance_generation/all_settings_avg_true_dominance_generation_k3_n10_examples.csv,all_settings_avg_true_dominance_generation_k3_n10_examples,3,avg_true_dominance_generation,avg_true_dominance_generation_bucket_k3,3,2
2931,information_not_credible_source_new,in_context_examples/llama/54_73/seed_2/k_mean_buckets/samples/avg_true_dominance_generation/all_settings_avg_true_dominance_generation_k3_n10_examples.csv,all_settings_avg_true_dominance_generation_k3_n10_examples,3,avg_true_dominance_generation,avg_true_dominance_generation_bucket_k3,1,1
2980,information_not_credible_source_new,in_context_examples/llama/54_73/seed_2/k_mean_buckets/samples/avg_true_dominance_generation/all_settings_avg_true_dominance_generation_k3_n10_examples.csv,all_settings_avg_true_dominance_generation_k3_n10_examples,3,avg_true_dominance_generation,avg_true_dominance_generation_bucket_k3,3,3
3013,information_not_credible_source_new,in_context_examples/llama/54_73/seed_2/k_mean_buckets/samples/avg_true_dominance_generation/all_settings_avg_true_dominance_generation_k3_n10_examples.csv,all_settings_avg_true_dominance_generation_k3_n10_examples,3,avg_true_dominance_generation,avg_true_dominance_generation_bucket_k3,1,3
3046,information_not_credible_source_new,in_context_examples/llama/54_73/seed_2/k_mean_buckets/samples/avg_true_dominance_generation/all_settings_avg_true_dominance_generation_k3_n10_examples.csv,all_settings_avg_true_dominance_generation_k3_n10_examples,3,avg_true_dominance_generation,avg_true_dominance_generation_bucket_k3,3,2
3117,information_not_credible_source_new,in_context_examples/llama/54_73/seed_2/k_mean_buckets/samples/avg_true_dominance_generation/all_settings_avg_true_dominance_generation_k3_n10_examples.csv,all_settings_avg_true_dominance_generation_k3_n10_examples,3,avg_true_dominance_generation,avg_true_dominance_generation_bucket_k3,1,1
3315,information_not_credible_source_new,in_context_examples/llama/54_73/seed_2/k_mean_buckets/samples/avg_true_dominance_generation/all_settings_avg_true_dominance_generation_k3_n10_examples.csv,all_settings_avg_true_dominance_generation_k3_n10_examples,3,avg_true_dominance_generation,avg_true_dominance_generation_bucket_k3,2,2
3543,information_not_credible_source_new,in_context_examples/llama/54_73/seed_2/k_mean_buckets/samples/avg_true_dominance_generation/all_settings_avg_true_dominance_generation_k3_n10_examples.csv,all_settings_avg_true_dominance_generation_k3_n10_examples,3,avg_true_dominance_generation,avg_true_dominance_generation_bucket_k3,3,3
3583,information_not_credible_source_new,in_context_examples/llama/54_73/seed_2/k_mean_buckets/samples/avg_true_dominance_generation/all_settings_avg_true_dominance_generation_k3_n10_examples.csv,all_settings_avg_true_dominance_generation_k3_n10_examples,3,avg_true_dominance_generation,avg_true_dominance_generation_bucket_k3,2,2
3642,information_not_credible_source_new,in_context_examples/llama/54_73/seed_2/k_mean_buckets/samples/avg_true_dominance_generation/all_settings_avg_true_dominance_generation_k3_n10_examples.csv,all_settings_avg_true_dominance_generation_k3_n10_examples,3,avg_true_dominance_generation,avg_true_dominance_generation_bucket_k3,1,2
3699,information_not_credible_source_new,in_context_examples/llama/54_73/seed_2/k_mean_buckets/samples/avg_true_dominance_generation/all_settings_avg_true_dominance_generation_k3_n10_examples.csv,all_settings_avg_true_dominance_generation_k3_n10_examples,3,avg_true_dominance_generation,avg_true_dominance_generation_bucket_k3,1,1
3718,information_not_credible_source_new,in_context_examples/llama/54_73/seed_2/k_mean_buckets/samples/avg_true_dominance_generation/all_settings_avg_true_dominance_generation_k3_n10_examples.csv,all_settings_avg_true_dominance_generation_k3_n10_examples,3,avg_true_dominance_generation,avg_true_dominance_generation_bucket_k3,3,3
3801,information_not_credible_source_new,in_context_examples/llama/54_73/seed_2/k_mean_buckets/samples/avg_true_dominance_generation/all_settings_avg_true_dominance_generation_k3_n10_examples.csv,all_settings_avg_true_dominance_generation_k3_n10_examples,3,avg_true_dominance_generation,avg_true_dominance_generation_bucket_k3,3,3
3879,information_not_credible_source_new,in_context_examples/llama/54_73/seed_2/k_mean_buckets/samples/avg_true_dominance_generation/all_settings_avg_true_dominance_generation_k3_n10_examples.csv,all_settings_avg_true_dominance_generation_k3_n10_examples,3,avg_true_dominance_generation,avg_true_dominance_generation_bucket_k3,2,3
3918,information_not_credible_source_new,in_context_examples/llama/54_73/seed_2/k_mean_buckets/samples/avg_true_dominance_generation/all_settings_avg_true_dominance_generation_k3_n10_examples.csv,all_settings_avg_true_dominance_generation_k3_n10_examples,3,avg_true_dominance_generation,avg_true_dominance_generation_bucket_k3,1,1
4148,information_not_credible_source_new,in_context_examples/llama/54_73/seed_2/k_mean_buckets/samples/avg_true_dominance_generation/all_settings_avg_true_dominance_generation_k3_n10_examples.csv,all_settings_avg_true_dominance_generation_k3_n10_examples,3,avg_true_dominance_generation,avg_true_dominance_generation_bucket_k3,3,3
4173,information_not_credible_source_new,in_context_examples/llama/54_73/seed_2/k_mean_buckets/samples/avg_true_dominance_generation/all_settings_avg_true_dominance_generation_k3_n10_examples.csv,all_settings_avg_true_dominance_generation_k3_n10_examples,3,avg_true_dominance_generation,avg_true_dominance_generation_bucket_k3,3,2
4187,information_not_credible_source_new,in_context_examples/llama/54_73/seed_2/k_mean_buckets/samples/avg_true_dominance_generation/all_settings_avg_true_dominance_generation_k3_n10_examples.csv,all_settings_avg_true_dominance_generation_k3_n10_examples,3,avg_true_dominance_generation,avg_true_dominance_generation_bucket_k3,3,3
4289,information_not_credible_source_new,in_context_examples/llama/54_73/seed_2/k_mean_buckets/samples/avg_true_dominance_generation/all_settings_avg_true_dominance_generation_k3_n10_examples.csv,all_settings_avg_true_dominance_generation_k3_n10_examples,3,avg_true_dominance_generation,avg_true_dominance_generation_bucket_k3,3,2
4297,information_not_credible_source_new,in_context_examples/llama/54_73/seed_2/k_mean_buckets/samples/avg_true_dominance_generation/all_settings_avg_true_dominance_generation_k3_n10_examples.csv,all_settings_avg_true_dominance_generation_k3_n10_examples,3,avg_true_dominance_generation,avg_true_dominance_generation_bucket_k3,3,2
4305,information_not_credible_source_new,in_context_examples/llama/54_73/seed_2/k_mean_buckets/samples/avg_true_dominance_generation/all_settings_avg_true_dominance_generation_k3_n10_examples.csv,all_settings_avg_true_dominance_generation_k3_n10_examples,3,avg_true_dominance_generation,avg_true_dominance_generation_bucket_k3,3,3
4449,information_not_credible_source_new,in_context_examples/llama/54_73/seed_2/k_mean_buckets/samples/avg_true_dominance_generation/all_settings_avg_true_dominance_generation_k3_n10_examples.csv,all_settings_avg_true_dominance_generation_k3_n10_examples,3,avg_true_dominance_generation,avg_true_dominance_generation_bucket_k3,1,2
4579,information_not_credible_source_new,in_context_examples/llama/54_73/seed_2/k_mean_buckets/samples/avg_true_dominance_generation/all_settings_avg_true_dominance_generation_k3_n10_examples.csv,all_settings_avg_true_dominance_generation_k3_n10_examples,3,avg_true_dominance_generation,avg_true_dominance_generation_bucket_k3,1,2
4660,information_not_credible_source_new,in_context_examples/llama/54_73/seed_2/k_mean_buckets/samples/avg_true_dominance_generation/all_settings_avg_true_dominance_generation_k3_n10_examples.csv,all_settings_avg_true_dominance_generation_k3_n10_examples,3,avg_true_dominance_generation,avg_true_dominance_generation_bucket_k3,1,2
4679,information_not_credible_source_new,in_context_examples/llama/54_73/seed_2/k_mean_buckets/samples/avg_true_dominance_generation/all_settings_avg_true_dominance_generation_k3_n10_examples.csv,all_settings_avg_true_dominance_generation_k3_n10_examples,3,avg_true_dominance_generation,avg_true_dominance_generation_bucket_k3,1,2
4726,information_not_credible_source_new,in_context_examples/llama/54_73/seed_2/k_mean_buckets/samples/avg_true_dominance_generation/all_settings_avg_true_dominance_generation_k3_n10_examples.csv,all_settings_avg_true_dominance_generation_k3_n10_examples,3,avg_true_dominance_generation,avg_true_dominance_generation_bucket_k3,1,2
4779,information_not_credible_source_new,in_context_examples/llama/54_73/seed_2/k_mean_buckets/samples/avg_true_dominance_generation/all_settings_avg_true_dominance_generation_k3_n10_examples.csv,all_settings_avg_true_dominance_generation_k3_n10_examples,3,avg_true_dominance_generation,avg_true_dominance_generation_bucket_k3,2,2
4983,information_not_credible_source_new,in_context_examples/llama/54_73/seed_2/k_mean_buckets/samples/avg_true_dominance_generation/all_settings_avg_true_dominance_generation_k3_n10_examples.csv,all_settings_avg_true_dominance_generation_k3_n10_examples,3,avg_true_dominance_generation,avg_true_dominance_generation_bucket_k3,2,3
5324,information_not_credible_source_new,in_context_examples/llama/54_73/seed_2/k_mean_buckets/samples/avg_true_dominance_generation/all_settings_avg_true_dominance_generation_k3_n10_examples.csv,all_settings_avg_true_dominance_generation_k3_n10_examples,3,avg_true_dominance_generation,avg_true_dominance_generation_bucket_k3,2,2
5338,information_not_credible_source_new,in_context_examples/llama/54_73/seed_2/k_mean_buckets/samples/avg_true_dominance_generation/all_settings_avg_true_dominance_generation_k3_n10_examples.csv,all_settings_avg_true_dominance_generation_k3_n10_examples,3,avg_true_dominance_generation,avg_true_dominance_generation_bucket_k3,1,1
5343,information_not_credible_source_new,in_context_examples/llama/54_73/seed_2/k_mean_buckets/samples/avg_true_dominance_generation/all_settings_avg_true_dominance_generation_k3_n10_examples.csv,all_settings_avg_true_dominance_generation_k3_n10_examples,3,avg_true_dominance_generation,avg_true_dominance_generation_bucket_k3,3,2
5346,information_not_credible_source_new,in_context_examples/llama/54_73/seed_2/k_mean_buckets/samples/avg_true_dominance_generation/all_settings_avg_true_dominance_generation_k3_n10_examples.csv,all_settings_avg_true_dominance_generation_k3_n10_examples,3,avg_true_dominance_generation,avg_true_dominance_generation_bucket_k3,3,1
5372,information_not_credible_source_new,in_context_examples/llama/54_73/seed_2/k_mean_buckets/samples/avg_true_dominance_generation/all_settings_avg_true_dominance_generation_k3_n10_examples.csv,all_settings_avg_true_dominance_generation_k3_n10_examples,3,avg_true_dominance_generation,avg_true_dominance_generation_bucket_k3,2,2
5464,information_not_credible_source_new,in_context_examples/llama/54_73/seed_2/k_mean_buckets/samples/avg_true_dominance_generation/all_settings_avg_true_dominance_generation_k3_n10_examples.csv,all_settings_avg_true_dominance_generation_k3_n10_examples,3,avg_true_dominance_generation,avg_true_dominance_generation_bucket_k3,2,3
5638,information_not_credible_source_new,in_context_examples/llama/54_73/seed_2/k_mean_buckets/samples/avg_true_dominance_generation/all_settings_avg_true_dominance_generation_k3_n10_examples.csv,all_settings_avg_true_dominance_generation_k3_n10_examples,3,avg_true_dominance_generation,avg_true_dominance_generation_bucket_k3,1,2
5643,information_not_credible_source_new,in_context_examples/llama/54_73/seed_2/k_mean_buckets/samples/avg_true_dominance_generation/all_settings_avg_true_dominance_generation_k3_n10_examples.csv,all_settings_avg_true_dominance_generation_k3_n10_examples,3,avg_true_dominance_generation,avg_true_dominance_generation_bucket_k3,3,2
5682,information_not_credible_source_new,in_context_examples/llama/54_73/seed_2/k_mean_buckets/samples/avg_true_dominance_generation/all_settings_avg_true_dominance_generation_k3_n10_examples.csv,all_settings_avg_true_dominance_generation_k3_n10_examples,3,avg_true_dominance_generation,avg_true_dominance_generation_bucket_k3,3,3
5703,information_not_credible_source_new,in_context_examples/llama/54_73/seed_2/k_mean_buckets/samples/avg_true_dominance_generation/all_settings_avg_true_dominance_generation_k3_n10_examples.csv,all_settings_avg_true_dominance_generation_k3_n10_examples,3,avg_true_dominance_generation,avg_true_dominance_generation_bucket_k3,3,3
5733,information_not_credible_source_new,in_context_examples/llama/54_73/seed_2/k_mean_buckets/samples/avg_true_dominance_generation/all_settings_avg_true_dominance_generation_k3_n10_examples.csv,all_settings_avg_true_dominance_generation_k3_n10_examples,3,avg_true_dominance_generation,avg_true_dominance_generation_bucket_k3,1,3
5746,information_not_credible_source_new,in_context_examples/llama/54_73/seed_2/k_mean_buckets/samples/avg_true_dominance_generation/all_settings_avg_true_dominance_generation_k3_n10_examples.csv,all_settings_avg_true_dominance_generation_k3_n10_examples,3,avg_true_dominance_generation,avg_true_dominance_generation_bucket_k3,3,2
5791,information_not_credible_source_new,in_context_examples/llama/54_73/seed_2/k_mean_buckets/samples/avg_true_dominance_generation/all_settings_avg_true_dominance_generation_k3_n10_examples.csv,all_settings_avg_true_dominance_generation_k3_n10_examples,3,avg_true_dominance_generation,avg_true_dominance_generation_bucket_k3,3,2
5801,information_not_credible_source_new,in_context_examples/llama/54_73/seed_2/k_mean_buckets/samples/avg_true_dominance_generation/all_settings_avg_true_dominance_generation_k3_n10_examples.csv,all_settings_avg_true_dominance_generation_k3_n10_examples,3,avg_true_dominance_generation,avg_true_dominance_generation_bucket_k3,3,3
5955,information_not_credible_source_new,in_context_examples/llama/54_73/seed_2/k_mean_buckets/samples/avg_true_dominance_generation/all_settings_avg_true_dominance_generation_k3_n10_examples.csv,all_settings_avg_true_dominance_generation_k3_n10_examples,3,avg_true_dominance_generation,avg_true_dominance_generation_bucket_k3,1,2
5999,information_not_credible_source_new,in_context_examples/llama/54_73/seed_2/k_mean_buckets/samples/avg_true_dominance_generation/all_settings_avg_true_dominance_generation_k3_n10_examples.csv,all_settings_avg_true_dominance_generation_k3_n10_examples,3,avg_true_dominance_generation,avg_true_dominance_generation_bucket_k3,3,3
6347,information_not_credible_source_new,in_context_examples/llama/54_73/seed_2/k_mean_buckets/samples/avg_true_dominance_generation/all_settings_avg_true_dominance_generation_k3_n10_examples.csv,all_settings_avg_true_dominance_generation_k3_n10_examples,3,avg_true_dominance_generation,avg_true_dominance_generation_bucket_k3,3,2
6354,information_not_credible_source_new,in_context_examples/llama/54_73/seed_2/k_mean_buckets/samples/avg_true_dominance_generation/all_settings_avg_true_dominance_generation_k3_n10_examples.csv,all_settings_avg_true_dominance_generation_k3_n10_examples,3,avg_true_dominance_generation,avg_true_dominance_generation_bucket_k3,3,2
6364,information_not_credible_source_new,in_context_examples/llama/54_73/seed_2/k_mean_buckets/samples/avg_true_dominance_generation/all_settings_avg_true_dominance_generation_k3_n10_examples.csv,all_settings_avg_true_dominance_generation_k3_n10_examples,3,avg_true_dominance_generation,avg_true_dominance_generation_bucket_k3,3,2
6398,information_not_credible_source_new,in_context_examples/llama/54_73/seed_2/k_mean_buckets/samples/avg_true_dominance_generation/all_settings_avg_true_dominance_generation_k3_n10_examples.csv,all_settings_avg_true_dominance_generation_k3_n10_examples,3,avg_true_dominance_generation,avg_true_dominance_generation_bucket_k3,3,2
6481,information_not_credible_source_new,in_context_examples/llama/54_73/seed_2/k_mean_buckets/samples/avg_true_dominance_generation/all_settings_avg_true_dominance_generation_k3_n10_examples.csv,all_settings_avg_true_dominance_generation_k3_n10_examples,3,avg_true_dominance_generation,avg_true_dominance_generation_bucket_k3,3,3
6484,information_not_credible_source_new,in_context_examples/llama/54_73/seed_2/k_mean_buckets/samples/avg_true_dominance_generation/all_settings_avg_true_dominance_generation_k3_n10_examples.csv,all_settings_avg_true_dominance_generation_k3_n10_examples,3,avg_true_dominance_generation,avg_true_dominance_generation_bucket_k3,1,2
6527,information_not_credible_source_new,in_context_examples/llama/54_73/seed_2/k_mean_buckets/samples/avg_true_dominance_generation/all_settings_avg_true_dominance_generation_k3_n10_examples.csv,all_settings_avg_true_dominance_generation_k3_n10_examples,3,avg_true_dominance_generation,avg_true_dominance_generation_bucket_k3,3,3
6646,information_not_credible_source_new,in_context_examples/llama/54_73/seed_2/k_mean_buckets/samples/avg_true_dominance_generation/all_settings_avg_true_dominance_generation_k3_n10_examples.csv,all_settings_avg_true_dominance_generation_k3_n10_examples,3,avg_true_dominance_generation,avg_true_dominance_generation_bucket_k3,3,3
6682,information_not_credible_source_new,in_context_examples/llama/54_73/seed_2/k_mean_buckets/samples/avg_true_dominance_generation/all_settings_avg_true_dominance_generation_k3_n10_examples.csv,all_settings_avg_true_dominance_generation_k3_n10_examples,3,avg_true_dominance_generation,avg_true_dominance_generation_bucket_k3,1,2
6821,information_not_credible_source_new,in_context_examples/llama/54_73/seed_2/k_mean_buckets/samples/avg_true_dominance_generation/all_settings_avg_true_dominance_generation_k3_n10_examples.csv,all_settings_avg_true_dominance_generation_k3_n10_examples,3,avg_true_dominance_generation,avg_true_dominance_generation_bucket_k3,3,3
6874,information_not_credible_source_new,in_context_examples/llama/54_73/seed_2/k_mean_buckets/samples/avg_true_dominance_generation/all_settings_avg_true_dominance_generation_k3_n10_examples.csv,all_settings_avg_true_dominance_generation_k3_n10_examples,3,avg_true_dominance_generation,avg_true_dominance_generation_bucket_k3,1,2
7054,information_not_credible_source_new,in_context_examples/llama/54_73/seed_2/k_mean_buckets/samples/avg_true_dominance_generation/all_settings_avg_true_dominance_generation_k3_n10_examples.csv,all_settings_avg_true_dominance_generation_k3_n10_examples,3,avg_true_dominance_generation,avg_true_dominance_generation_bucket_k3,2,3
7139,information_not_credible_source_new,in_context_examples/llama/54_73/seed_2/k_mean_buckets/samples/avg_true_dominance_generation/all_settings_avg_true_dominance_generation_k3_n10_examples.csv,all_settings_avg_true_dominance_generation_k3_n10_examples,3,avg_true_dominance_generation,avg_true_dominance_generation_bucket_k3,3,2
7250,information_not_credible_source_new,in_context_examples/llama/54_73/seed_2/k_mean_buckets/samples/avg_true_dominance_generation/all_settings_avg_true_dominance_generation_k3_n10_examples.csv,all_settings_avg_true_dominance_generation_k3_n10_examples,3,avg_true_dominance_generation,avg_true_dominance_generation_bucket_k3,1,1
7332,information_not_credible_source_new,in_context_examples/llama/54_73/seed_2/k_mean_buckets/samples/avg_true_dominance_generation/all_settings_avg_true_dominance_generation_k3_n10_examples.csv,all_settings_avg_true_dominance_generation_k3_n10_examples,3,avg_true_dominance_generation,avg_true_dominance_generation_bucket_k3,1,2
7462,information_not_credible_source_new,in_context_examples/llama/54_73/seed_2/k_mean_buckets/samples/avg_true_dominance_generation/all_settings_avg_true_dominance_generation_k3_n10_examples.csv,all_settings_avg_true_dominance_generation_k3_n10_examples,3,avg_true_dominance_generation,avg_true_dominance_generation_bucket_k3,3,2
7508,information_not_credible_source_new,in_context_examples/llama/54_73/seed_2/k_mean_buckets/samples/avg_true_dominance_generation/all_settings_avg_true_dominance_generation_k3_n10_examples.csv,all_settings_avg_true_dominance_generation_k3_n10_examples,3,avg_true_dominance_generation,avg_true_dominance_generation_bucket_k3,3,3
7585,information_not_credible_source_new,in_context_examples/llama/54_73/seed_2/k_mean_buckets/samples/avg_true_dominance_generation/all_settings_avg_true_dominance_generation_k3_n10_examples.csv,all_settings_avg_true_dominance_generation_k3_n10_examples,3,avg_true_dominance_generation,avg_true_dominance_generation_bucket_k3,3,2
7669,information_not_credible_source_new,in_context_examples/llama/54_73/seed_2/k_mean_buckets/samples/avg_true_dominance_generation/all_settings_avg_true_dominance_generation_k3_n10_examples.csv,all_settings_avg_true_dominance_generation_k3_n10_examples,3,avg_true_dominance_generation,avg_true_dominance_generation_bucket_k3,2,2
8118,information_not_credible_source_new,in_context_examples/llama/54_73/seed_2/k_mean_buckets/samples/avg_true_dominance_generation/all_settings_avg_true_dominance_generation_k3_n10_examples.csv,all_settings_avg_true_dominance_generation_k3_n10_examples,3,avg_true_dominance_generation,avg_true_dominance_generation_bucket_k3,1,3
8124,information_not_credible_source_new,in_context_examples/llama/54_73/seed_2/k_mean_buckets/samples/avg_true_dominance_generation/all_settings_avg_true_dominance_generation_k3_n10_examples.csv,all_settings_avg_true_dominance_generation_k3_n10_examples,3,avg_true_dominance_generation,avg_true_dominance_generation_bucket_k3,2,2
8181,information_not_credible_source_new,in_context_examples/llama/54_73/seed_2/k_mean_buckets/samples/avg_true_dominance_generation/all_settings_avg_true_dominance_generation_k3_n10_examples.csv,all_settings_avg_true_dominance_generation_k3_n10_examples,3,avg_true_dominance_generation,avg_true_dominance_generation_bucket_k3,1,1
8282,information_not_credible_source_new,in_context_examples/llama/54_73/seed_2/k_mean_buckets/samples/avg_true_dominance_generation/all_settings_avg_true_dominance_generation_k3_n10_examples.csv,all_settings_avg_true_dominance_generation_k3_n10_examples,3,avg_true_dominance_generation,avg_true_dominance_generation_bucket_k3,3,2
8285,information_not_credible_source_new,in_context_examples/llama/54_73/seed_2/k_mean_buckets/samples/avg_true_dominance_generation/all_settings_avg_true_dominance_generation_k3_n10_examples.csv,all_settings_avg_true_dominance_generation_k3_n10_examples,3,avg_true_dominance_generation,avg_true_dominance_generation_bucket_k3,3,3
8328,information_not_credible_source_new,in_context_examples/llama/54_73/seed_2/k_mean_buckets/samples/avg_true_dominance_generation/all_settings_avg_true_dominance_generation_k3_n10_examples.csv,all_settings_avg_true_dominance_generation_k3_n10_examples,3,avg_true_dominance_generation,avg_true_dominance_generation_bucket_k3,3,3
8416,information_not_credible_source_new,in_context_examples/llama/54_73/seed_2/k_mean_buckets/samples/avg_true_dominance_generation/all_settings_avg_true_dominance_generation_k3_n10_examples.csv,all_settings_avg_true_dominance_generation_k3_n10_examples,3,avg_true_dominance_generation,avg_true_dominance_generation_bucket_k3,3,3
8559,information_not_credible_source_new,in_context_examples/llama/54_73/seed_2/k_mean_buckets/samples/avg_true_dominance_generation/all_settings_avg_true_dominance_generation_k3_n10_examples.csv,all_settings_avg_true_dominance_generation_k3_n10_examples,3,avg_true_dominance_generation,avg_true_dominance_generation_bucket_k3,3,3
8639,information_not_credible_source_new,in_context_examples/llama/54_73/seed_2/k_mean_buckets/samples/avg_true_dominance_generation/all_settings_avg_true_dominance_generation_k3_n10_examples.csv,all_settings_avg_true_dominance_generation_k3_n10_examples,3,avg_true_dominance_generation,avg_true_dominance_generation_bucket_k3,2,2
8650,information_not_credible_source_new,in_context_examples/llama/54_73/seed_2/k_mean_buckets/samples/avg_true_dominance_generation/all_settings_avg_true_dominance_generation_k3_n10_examples.csv,all_settings_avg_true_dominance_generation_k3_n10_examples,3,avg_true_dominance_generation,avg_true_dominance_generation_bucket_k3,3,3
8841,information_not_credible_source_new,in_context_examples/llama/54_73/seed_2/k_mean_buckets/samples/avg_true_dominance_generation/all_settings_avg_true_dominance_generation_k3_n10_examples.csv,all_settings_avg_true_dominance_generation_k3_n10_examples,3,avg_true_dominance_generation,avg_true_dominance_generation_bucket_k3,2,1
8884,information_not_credible_source_new,in_context_examples/llama/54_73/seed_2/k_mean_buckets/samples/avg_true_dominance_generation/all_settings_avg_true_dominance_generation_k3_n10_examples.csv,all_settings_avg_true_dominance_generation_k3_n10_examples,3,avg_true_dominance_generation,avg_true_dominance_generation_bucket_k3,3,3
8905,information_not_credible_source_new,in_context_examples/llama/54_73/seed_2/k_mean_buckets/samples/avg_true_dominance_generation/all_settings_avg_true_dominance_generation_k3_n10_examples.csv,all_settings_avg_true_dominance_generation_k3_n10_examples,3,avg_true_dominance_generation,avg_true_dominance_generation_bucket_k3,1,2
8968,information_not_credible_source_new,in_context_examples/llama/54_73/seed_2/k_mean_buckets/samples/avg_true_dominance_generation/all_settings_avg_true_dominance_generation_k3_n10_examples.csv,all_settings_avg_true_dominance_generation_k3_n10_examples,3,avg_true_dominance_generation,avg_true_dominance_generation_bucket_k3,3,3
8984,information_not_credible_source_new,in_context_examples/llama/54_73/seed_2/k_mean_buckets/samples/avg_true_dominance_generation/all_settings_avg_true_dominance_generation_k3_n10_examples.csv,all_settings_avg_true_dominance_generation_k3_n10_examples,3,avg_true_dominance_generation,avg_true_dominance_generation_bucket_k3,3,1
9058,information_not_credible_source_new,in_context_examples/llama/54_73/seed_2/k_mean_buckets/samples/avg_true_dominance_generation/all_settings_avg_true_dominance_generation_k3_n10_examples.csv,all_settings_avg_true_dominance_generation_k3_n10_examples,3,avg_true_dominance_generation,avg_true_dominance_generation_bucket_k3,2,2
9092,information_not_credible_source_new,in_context_examples/llama/54_73/seed_2/k_mean_buckets/samples/avg_true_dominance_generation/all_settings_avg_true_dominance_generation_k3_n10_examples.csv,all_settings_avg_true_dominance_generation_k3_n10_examples,3,avg_true_dominance_generation,avg_true_dominance_generation_bucket_k3,3,3
9105,information_not_credible_source_new,in_context_examples/llama/54_73/seed_2/k_mean_buckets/samples/avg_true_dominance_generation/all_settings_avg_true_dominance_generation_k3_n10_examples.csv,all_settings_avg_true_dominance_generation_k3_n10_examples,3,avg_true_dominance_generation,avg_true_dominance_generation_bucket_k3,2,3
9226,information_not_credible_source_new,in_context_examples/llama/54_73/seed_2/k_mean_buckets/samples/avg_true_dominance_generation/all_settings_avg_true_dominance_generation_k3_n10_examples.csv,all_settings_avg_true_dominance_generation_k3_n10_examples,3,avg_true_dominance_generation,avg_true_dominance_generation_bucket_k3,2,2
9263,information_not_credible_source_new,in_context_examples/llama/54_73/seed_2/k_mean_buckets/samples/avg_true_dominance_generation/all_settings_avg_true_dominance_generation_k3_n10_examples.csv,all_settings_avg_true_dominance_generation_k3_n10_examples,3,avg_true_dominance_generation,avg_true_dominance_generation_bucket_k3,3,2
9302,information_not_credible_source_new,in_context_examples/llama/54_73/seed_2/k_mean_buckets/samples/avg_true_dominance_generation/all_settings_avg_true_dominance_generation_k3_n10_examples.csv,all_settings_avg_true_dominance_generation_k3_n10_examples,3,avg_true_dominance_generation,avg_true_dominance_generation_bucket_k3,1,1
9375,information_not_credible_source_new,in_context_examples/llama/54_73/seed_2/k_mean_buckets/samples/avg_true_dominance_generation/all_settings_avg_true_dominance_generation_k3_n10_examples.csv,all_settings_avg_true_dominance_generation_k3_n10_examples,3,avg_true_dominance_generation,avg_true_dominance_generation_bucket_k3,3,2
9384,information_not_credible_source_new,in_context_examples/llama/54_73/seed_2/k_mean_buckets/samples/avg_true_dominance_generation/all_settings_avg_true_dominance_generation_k3_n10_examples.csv,all_settings_avg_true_dominance_generation_k3_n10_examples,3,avg_true_dominance_generation,avg_true_dominance_generation_bucket_k3,3,1
9438,information_not_credible_source_new,in_context_examples/llama/54_73/seed_2/k_mean_buckets/samples/avg_true_dominance_generation/all_settings_avg_true_dominance_generation_k3_n10_examples.csv,all_settings_avg_true_dominance_generation_k3_n10_examples,3,avg_true_dominance_generation,avg_true_dominance_generation_bucket_k3,3,3
9593,information_not_credible_source_new,in_context_examples/llama/54_73/seed_2/k_mean_buckets/samples/avg_true_dominance_generation/all_settings_avg_true_dominance_generation_k3_n10_examples.csv,all_settings_avg_true_dominance_generation_k3_n10_examples,3,avg_true_dominance_generation,avg_true_dominance_generation_bucket_k3,1,3
9737,information_not_credible_source_new,in_context_examples/llama/54_73/seed_2/k_mean_buckets/samples/avg_true_dominance_generation/all_settings_avg_true_dominance_generation_k3_n10_examples.csv,all_settings_avg_true_dominance_generation_k3_n10_examples,3,avg_true_dominance_generation,avg_true_dominance_generation_bucket_k3,2,3
9802,information_not_credible_source_new,in_context_examples/llama/54_73/seed_2/k_mean_buckets/samples/avg_true_dominance_generation/all_settings_avg_true_dominance_generation_k3_n10_examples.csv,all_settings_avg_true_dominance_generation_k3_n10_examples,3,avg_true_dominance_generation,avg_true_dominance_generation_bucket_k3,3,2
9811,information_not_credible_source_new,in_context_examples/llama/54_73/seed_2/k_mean_buckets/samples/avg_true_dominance_generation/all_settings_avg_true_dominance_generation_k3_n10_examples.csv,all_settings_avg_true_dominance_generation_k3_n10_examples,3,avg_true_dominance_generation,avg_true_dominance_generation_bucket_k3,2,3
9886,information_not_credible_source_new,in_context_examples/llama/54_73/seed_2/k_mean_buckets/samples/avg_true_dominance_generation/all_settings_avg_true_dominance_generation_k3_n10_examples.csv,all_settings_avg_true_dominance_generation_k3_n10_examples,3,avg_true_dominance_generation,avg_true_dominance_generation_bucket_k3,3,3
9889,information_not_credible_source_new,in_context_examples/llama/54_73/seed_2/k_mean_buckets/samples/avg_true_dominance_generation/all_settings_avg_true_dominance_generation_k3_n10_examples.csv,all_settings_avg_true_dominance_generation_k3_n10_examples,3,avg_true_dominance_generation,avg_true_dominance_generation_bucket_k3,1,3
9953,information_not_credible_source_new,in_context_examples/llama/54_73/seed_2/k_mean_buckets/samples/avg_true_dominance_generation/all_settings_avg_true_dominance_generation_k3_n10_examples.csv,all_settings_avg_true_dominance_generation_k3_n10_examples,3,avg_true_dominance_generation,avg_true_dominance_generation_bucket_k3,3,2
9972,information_not_credible_source_new,in_context_examples/llama/54_73/seed_2/k_mean_buckets/samples/avg_true_dominance_generation/all_settings_avg_true_dominance_generation_k3_n10_examples.csv,all_settings_avg_true_dominance_generation_k3_n10_examples,3,avg_true_dominance_generation,avg_true_dominance_generation_bucket_k3,1,2
10137,information_not_credible_source_new,in_context_examples/llama/54_73/seed_2/k_mean_buckets/samples/avg_true_dominance_generation/all_settings_avg_true_dominance_generation_k3_n10_examples.csv,all_settings_avg_true_dominance_generation_k3_n10_examples,3,avg_true_dominance_generation,avg_true_dominance_generation_bucket_k3,3,2
10188,information_not_credible_source_new,in_context_examples/llama/54_73/seed_2/k_mean_buckets/samples/avg_true_dominance_generation/all_settings_avg_true_dominance_generation_k3_n10_examples.csv,all_settings_avg_true_dominance_generation_k3_n10_examples,3,avg_true_dominance_generation,avg_true_dominance_generation_bucket_k3,1,1
10535,information_not_credible_source_new,in_context_examples/llama/54_73/seed_2/k_mean_buckets/samples/avg_true_dominance_generation/all_settings_avg_true_dominance_generation_k3_n10_examples.csv,all_settings_avg_true_dominance_generation_k3_n10_examples,3,avg_true_dominance_generation,avg_true_dominance_generation_bucket_k3,3,3
10548,information_not_credible_source_new,in_context_examples/llama/54_73/seed_2/k_mean_buckets/samples/avg_true_dominance_generation/all_settings_avg_true_dominance_generation_k3_n10_examples.csv,all_settings_avg_true_dominance_generation_k3_n10_examples,3,avg_true_dominance_generation,avg_true_dominance_generation_bucket_k3,3,3
10643,information_not_credible_source_new,in_context_examples/llama/54_73/seed_2/k_mean_buckets/samples/avg_true_dominance_generation/all_settings_avg_true_dominance_generation_k3_n10_examples.csv,all_settings_avg_true_dominance_generation_k3_n10_examples,3,avg_true_dominance_generation,avg_true_dominance_generation_bucket_k3,3,2
10759,information_not_credible_source_new,in_context_examples/llama/54_73/seed_2/k_mean_buckets/samples/avg_true_dominance_generation/all_settings_avg_true_dominance_generation_k3_n10_examples.csv,all_settings_avg_true_dominance_generation_k3_n10_examples,3,avg_true_dominance_generation,avg_true_dominance_generation_bucket_k3,3,3
10791,information_not_credible_source_new,in_context_examples/llama/54_73/seed_2/k_mean_buckets/samples/avg_true_dominance_generation/all_settings_avg_true_dominance_generation_k3_n10_examples.csv,all_settings_avg_true_dominance_generation_k3_n10_examples,3,avg_true_dominance_generation,avg_true_dominance_generation_bucket_k3,3,3
10975,information_not_credible_source_new,in_context_examples/llama/54_73/seed_2/k_mean_buckets/samples/avg_true_dominance_generation/all_settings_avg_true_dominance_generation_k3_n10_examples.csv,all_settings_avg_true_dominance_generation_k3_n10_examples,3,avg_true_dominance_generation,avg_true_dominance_generation_bucket_k3,1,3
10999,information_not_credible_source_new,in_context_examples/llama/54_73/seed_2/k_mean_buckets/samples/avg_true_dominance_generation/all_settings_avg_true_dominance_generation_k3_n10_examples.csv,all_settings_avg_true_dominance_generation_k3_n10_examples,3,avg_true_dominance_generation,avg_true_dominance_generation_bucket_k3,2,3
11163,information_not_credible_source_new,in_context_examples/llama/54_73/seed_2/k_mean_buckets/samples/avg_true_dominance_generation/all_settings_avg_true_dominance_generation_k3_n10_examples.csv,all_settings_avg_true_dominance_generation_k3_n10_examples,3,avg_true_dominance_generation,avg_true_dominance_generation_bucket_k3,3,2
11169,information_not_credible_source_new,in_context_examples/llama/54_73/seed_2/k_mean_buckets/samples/avg_true_dominance_generation/all_settings_avg_true_dominance_generation_k3_n10_examples.csv,all_settings_avg_true_dominance_generation_k3_n10_examples,3,avg_true_dominance_generation,avg_true_dominance_generation_bucket_k3,3,2
11289,information_not_credible_source_new,in_context_examples/llama/54_73/seed_2/k_mean_buckets/samples/avg_true_dominance_generation/all_settings_avg_true_dominance_generation_k3_n10_examples.csv,all_settings_avg_true_dominance_generation_k3_n10_examples,3,avg_true_dominance_generation,avg_true_dominance_generation_bucket_k3,2,3
11379,information_not_credible_source_new,in_context_examples/llama/54_73/seed_2/k_mean_buckets/samples/avg_true_dominance_generation/all_settings_avg_true_dominance_generation_k3_n10_examples.csv,all_settings_avg_true_dominance_generation_k3_n10_examples,3,avg_true_dominance_generation,avg_true_dominance_generation_bucket_k3,2,1
11455,information_not_credible_source_new,in_context_examples/llama/54_73/seed_2/k_mean_buckets/samples/avg_true_dominance_generation/all_settings_avg_true_dominance_generation_k3_n10_examples.csv,all_settings_avg_true_dominance_generation_k3_n10_examples,3,avg_true_dominance_generation,avg_true_dominance_generation_bucket_k3,1,2
11530,information_not_credible_source_new,in_context_examples/llama/54_73/seed_2/k_mean_buckets/samples/avg_true_dominance_generation/all_settings_avg_true_dominance_generation_k3_n10_examples.csv,all_settings_avg_true_dominance_generation_k3_n10_examples,3,avg_true_dominance_generation,avg_true_dominance_generation_bucket_k3,3,2
11565,information_not_credible_source_new,in_context_examples/llama/54_73/seed_2/k_mean_buckets/samples/avg_true_dominance_generation/all_settings_avg_true_dominance_generation_k3_n10_examples.csv,all_settings_avg_true_dominance_generation_k3_n10_examples,3,avg_true_dominance_generation,avg_true_dominance_generation_bucket_k3,2,2
11633,information_not_credible_source_new,in_context_examples/llama/54_73/seed_2/k_mean_buckets/samples/avg_true_dominance_generation/all_settings_avg_true_dominance_generation_k3_n10_examples.csv,all_settings_avg_true_dominance_generation_k3_n10_examples,3,avg_true_dominance_generation,avg_true_dominance_generation_bucket_k3,3,2
11829,information_not_credible_source_new,in_context_examples/llama/54_73/seed_2/k_mean_buckets/samples/avg_true_dominance_generation/all_settings_avg_true_dominance_generation_k3_n10_examples.csv,all_settings_avg_true_dominance_generation_k3_n10_examples,3,avg_true_dominance_generation,avg_true_dominance_generation_bucket_k3,3,2
11885,information_not_credible_source_new,in_context_examples/llama/54_73/seed_2/k_mean_buckets/samples/avg_true_dominance_generation/all_settings_avg_true_dominance_generation_k3_n10_examples.csv,all_settings_avg_true_dominance_generation_k3_n10_examples,3,avg_true_dominance_generation,avg_true_dominance_generation_bucket_k3,3,3
11915,information_not_credible_source_new,in_context_examples/llama/54_73/seed_2/k_mean_buckets/samples/avg_true_dominance_generation/all_settings_avg_true_dominance_generation_k3_n10_examples.csv,all_settings_avg_true_dominance_generation_k3_n10_examples,3,avg_true_dominance_generation,avg_true_dominance_generation_bucket_k3,2,3
11934,information_not_credible_source_new,in_context_examples/llama/54_73/seed_2/k_mean_buckets/samples/avg_true_dominance_generation/all_settings_avg_true_dominance_generation_k3_n10_examples.csv,all_settings_avg_true_dominance_generation_k3_n10_examples,3,avg_true_dominance_generation,avg_true_dominance_generation_bucket_k3,1,1
11976,information_not_credible_source_new,in_context_examples/llama/54_73/seed_2/k_mean_buckets/samples/avg_true_dominance_generation/all_settings_avg_true_dominance_generation_k3_n10_examples.csv,all_settings_avg_true_dominance_generation_k3_n10_examples,3,avg_true_dominance_generation,avg_true_dominance_generation_bucket_k3,2,2
12148,information_not_credible_source_new,in_context_examples/llama/54_73/seed_2/k_mean_buckets/samples/avg_true_dominance_generation/all_settings_avg_true_dominance_generation_k3_n10_examples.csv,all_settings_avg_true_dominance_generation_k3_n10_examples,3,avg_true_dominance_generation,avg_true_dominance_generation_bucket_k3,3,3
12275,information_not_credible_source_new,in_context_examples/llama/54_73/seed_2/k_mean_buckets/samples/avg_true_dominance_generation/all_settings_avg_true_dominance_generation_k3_n10_examples.csv,all_settings_avg_true_dominance_generation_k3_n10_examples,3,avg_true_dominance_generation,avg_true_dominance_generation_bucket_k3,3,2
12412,information_not_credible_source_new,in_context_examples/llama/54_73/seed_2/k_mean_buckets/samples/avg_true_dominance_generation/all_settings_avg_true_dominance_generation_k3_n10_examples.csv,all_settings_avg_true_dominance_generation_k3_n10_examples,3,avg_true_dominance_generation,avg_true_dominance_generation_bucket_k3,2,2
12458,information_not_credible_source_new,in_context_examples/llama/54_73/seed_2/k_mean_buckets/samples/avg_true_dominance_generation/all_settings_avg_true_dominance_generation_k3_n10_examples.csv,all_settings_avg_true_dominance_generation_k3_n10_examples,3,avg_true_dominance_generation,avg_true_dominance_generation_bucket_k3,1,1
12527,information_not_credible_source_new,in_context_examples/llama/54_73/seed_2/k_mean_buckets/samples/avg_true_dominance_generation/all_settings_avg_true_dominance_generation_k3_n10_examples.csv,all_settings_avg_true_dominance_generation_k3_n10_examples,3,avg_true_dominance_generation,avg_true_dominance_generation_bucket_k3,1,1
12592,information_not_credible_source_new,in_context_examples/llama/54_73/seed_2/k_mean_buckets/samples/avg_true_dominance_generation/all_settings_avg_true_dominance_generation_k3_n10_examples.csv,all_settings_avg_true_dominance_generation_k3_n10_examples,3,avg_true_dominance_generation,avg_true_dominance_generation_bucket_k3,2,3
12654,information_not_credible_source_new,in_context_examples/llama/54_73/seed_2/k_mean_buckets/samples/avg_true_dominance_generation/all_settings_avg_true_dominance_generation_k3_n10_examples.csv,all_settings_avg_true_dominance_generation_k3_n10_examples,3,avg_true_dominance_generation,avg_true_dominance_generation_bucket_k3,3,2
12687,information_not_credible_source_new,in_context_examples/llama/54_73/seed_2/k_mean_buckets/samples/avg_true_dominance_generation/all_settings_avg_true_dominance_generation_k3_n10_examples.csv,all_settings_avg_true_dominance_generation_k3_n10_examples,3,avg_true_dominance_generation,avg_true_dominance_generation_bucket_k3,2,2
12742,information_not_credible_source_new,in_context_examples/llama/54_73/seed_2/k_mean_buckets/samples/avg_true_dominance_generation/all_settings_avg_true_dominance_generation_k3_n10_examples.csv,all_settings_avg_true_dominance_generation_k3_n10_examples,3,avg_true_dominance_generation,avg_true_dominance_generation_bucket_k3,3,3
12809,information_not_credible_source_new,in_context_examples/llama/54_73/seed_2/k_mean_buckets/samples/avg_true_dominance_generation/all_settings_avg_true_dominance_generation_k3_n10_examples.csv,all_settings_avg_true_dominance_generation_k3_n10_examples,3,avg_true_dominance_generation,avg_true_dominance_generation_bucket_k3,1,1
12892,information_not_credible_source_new,in_context_examples/llama/54_73/seed_2/k_mean_buckets/samples/avg_true_dominance_generation/all_settings_avg_true_dominance_generation_k3_n10_examples.csv,all_settings_avg_true_dominance_generation_k3_n10_examples,3,avg_true_dominance_generation,avg_true_dominance_generation_bucket_k3,3,3
13013,information_not_credible_source_new,in_context_examples/llama/54_73/seed_2/k_mean_buckets/samples/avg_true_dominance_generation/all_settings_avg_true_dominance_generation_k3_n10_examples.csv,all_settings_avg_true_dominance_generation_k3_n10_examples,3,avg_true_dominance_generation,avg_true_dominance_generation_bucket_k3,3,3
13198,information_not_credible_source_new,in_context_examples/llama/54_73/seed_2/k_mean_buckets/samples/avg_true_dominance_generation/all_settings_avg_true_dominance_generation_k3_n10_examples.csv,all_settings_avg_true_dominance_generation_k3_n10_examples,3,avg_true_dominance_generation,avg_true_dominance_generation_bucket_k3,2,2
13344,information_not_credible_source_new,in_context_examples/llama/54_73/seed_2/k_mean_buckets/samples/avg_true_dominance_generation/all_settings_avg_true_dominance_generation_k3_n10_examples.csv,all_settings_avg_true_dominance_generation_k3_n10_examples,3,avg_true_dominance_generation,avg_true_dominance_generation_bucket_k3,3,3
13359,information_not_credible_source_new,in_context_examples/llama/54_73/seed_2/k_mean_buckets/samples/avg_true_dominance_generation/all_settings_avg_true_dominance_generation_k3_n10_examples.csv,all_settings_avg_true_dominance_generation_k3_n10_examples,3,avg_true_dominance_generation,avg_true_dominance_generation_bucket_k3,1,3
13693,information_not_credible_source_new,in_context_examples/llama/54_73/seed_2/k_mean_buckets/samples/avg_true_dominance_generation/all_settings_avg_true_dominance_generation_k3_n10_examples.csv,all_settings_avg_true_dominance_generation_k3_n10_examples,3,avg_true_dominance_generation,avg_true_dominance_generation_bucket_k3,1,3
13694,information_not_credible_source_new,in_context_examples/llama/54_73/seed_2/k_mean_buckets/samples/avg_true_dominance_generation/all_settings_avg_true_dominance_generation_k3_n10_examples.csv,all_settings_avg_true_dominance_generation_k3_n10_examples,3,avg_true_dominance_generation,avg_true_dominance_generation_bucket_k3,3,3
13702,information_not_credible_source_new,in_context_examples/llama/54_73/seed_2/k_mean_buckets/samples/avg_true_dominance_generation/all_settings_avg_true_dominance_generation_k3_n10_examples.csv,all_settings_avg_true_dominance_generation_k3_n10_examples,3,avg_true_dominance_generation,avg_true_dominance_generation_bucket_k3,3,2
13840,information_not_credible_source_new,in_context_examples/llama/54_73/seed_2/k_mean_buckets/samples/avg_true_dominance_generation/all_settings_avg_true_dominance_generation_k3_n10_examples.csv,all_settings_avg_true_dominance_generation_k3_n10_examples,3,avg_true_dominance_generation,avg_true_dominance_generation_bucket_k3,3,3
14028,information_not_credible_source_new,in_context_examples/llama/54_73/seed_2/k_mean_buckets/samples/avg_true_dominance_generation/all_settings_avg_true_dominance_generation_k3_n10_examples.csv,all_settings_avg_true_dominance_generation_k3_n10_examples,3,avg_true_dominance_generation,avg_true_dominance_generation_bucket_k3,3,2
14031,information_not_credible_source_new,in_context_examples/llama/54_73/seed_2/k_mean_buckets/samples/avg_true_dominance_generation/all_settings_avg_true_dominance_generation_k3_n10_examples.csv,all_settings_avg_true_dominance_generation_k3_n10_examples,3,avg_true_dominance_generation,avg_true_dominance_generation_bucket_k3,2,3
14079,information_not_credible_source_new,in_context_examples/llama/54_73/seed_2/k_mean_buckets/samples/avg_true_dominance_generation/all_settings_avg_true_dominance_generation_k3_n10_examples.csv,all_settings_avg_true_dominance_generation_k3_n10_examples,3,avg_true_dominance_generation,avg_true_dominance_generation_bucket_k3,3,2
14130,information_not_credible_source_new,in_context_examples/llama/54_73/seed_2/k_mean_buckets/samples/avg_true_dominance_generation/all_settings_avg_true_dominance_generation_k3_n10_examples.csv,all_settings_avg_true_dominance_generation_k3_n10_examples,3,avg_true_dominance_generation,avg_true_dominance_generation_bucket_k3,2,3
14226,information_not_credible_source_new,in_context_examples/llama/54_73/seed_2/k_mean_buckets/samples/avg_true_dominance_generation/all_settings_avg_true_dominance_generation_k3_n10_examples.csv,all_settings_avg_true_dominance_generation_k3_n10_examples,3,avg_true_dominance_generation,avg_true_dominance_generation_bucket_k3,2,1
14264,information_not_credible_source_new,in_context_examples/llama/54_73/seed_2/k_mean_buckets/samples/avg_true_dominance_generation/all_settings_avg_true_dominance_generation_k3_n10_examples.csv,all_settings_avg_true_dominance_generation_k3_n10_examples,3,avg_true_dominance_generation,avg_true_dominance_generation_bucket_k3,3,3
14282,information_not_credible_source_new,in_context_examples/llama/54_73/seed_2/k_mean_buckets/samples/avg_true_dominance_generation/all_settings_avg_true_dominance_generation_k3_n10_examples.csv,all_settings_avg_true_dominance_generation_k3_n10_examples,3,avg_true_dominance_generation,avg_true_dominance_generation_bucket_k3,2,2
14345,information_not_credible_source_new,in_context_examples/llama/54_73/seed_2/k_mean_buckets/samples/avg_true_dominance_generation/all_settings_avg_true_dominance_generation_k3_n10_examples.csv,all_settings_avg_true_dominance_generation_k3_n10_examples,3,avg_true_dominance_generation,avg_true_dominance_generation_bucket_k3,1,3
14444,information_not_credible_source_new,in_context_examples/llama/54_73/seed_2/k_mean_buckets/samples/avg_true_dominance_generation/all_settings_avg_true_dominance_generation_k3_n10_examples.csv,all_settings_avg_true_dominance_generation_k3_n10_examples,3,avg_true_dominance_generation,avg_true_dominance_generation_bucket_k3,3,2
14527,information_not_credible_source_new,in_context_examples/llama/54_73/seed_2/k_mean_buckets/samples/avg_true_dominance_generation/all_settings_avg_true_dominance_generation_k3_n10_examples.csv,all_settings_avg_true_dominance_generation_k3_n10_examples,3,avg_true_dominance_generation,avg_true_dominance_generation_bucket_k3,1,1
14571,information_not_credible_source_new,in_context_examples/llama/54_73/seed_2/k_mean_buckets/samples/avg_true_dominance_generation/all_settings_avg_true_dominance_generation_k3_n10_examples.csv,all_settings_avg_true_dominance_generation_k3_n10_examples,3,avg_true_dominance_generation,avg_true_dominance_generation_bucket_k3,3,2
14663,information_not_credible_source_new,in_context_examples/llama/54_73/seed_2/k_mean_buckets/samples/avg_true_dominance_generation/all_settings_avg_true_dominance_generation_k3_n10_examples.csv,all_settings_avg_true_dominance_generation_k3_n10_examples,3,avg_true_dominance_generation,avg_true_dominance_generation_bucket_k3,2,2
14746,information_not_credible_source_new,in_context_examples/llama/54_73/seed_2/k_mean_buckets/samples/avg_true_dominance_generation/all_settings_avg_true_dominance_generation_k3_n10_examples.csv,all_settings_avg_true_dominance_generation_k3_n10_examples,3,avg_true_dominance_generation,avg_true_dominance_generation_bucket_k3,1,1
14795,information_not_credible_source_new,in_context_examples/llama/54_73/seed_2/k_mean_buckets/samples/avg_true_dominance_generation/all_settings_avg_true_dominance_generation_k3_n10_examples.csv,all_settings_avg_true_dominance_generation_k3_n10_examples,3,avg_true_dominance_generation,avg_true_dominance_generation_bucket_k3,1,3
14829,information_not_credible_source_new,in_context_examples/llama/54_73/seed_2/k_mean_buckets/samples/avg_true_dominance_generation/all_settings_avg_true_dominance_generation_k3_n10_examples.csv,all_settings_avg_true_dominance_generation_k3_n10_examples,3,avg_true_dominance_generation,avg_true_dominance_generation_bucket_k3,2,3
14911,information_not_credible_source_new,in_context_examples/llama/54_73/seed_2/k_mean_buckets/samples/avg_true_dominance_generation/all_settings_avg_true_dominance_generation_k3_n10_examples.csv,all_settings_avg_true_dominance_generation_k3_n10_examples,3,avg_true_dominance_generation,avg_true_dominance_generation_bucket_k3,2,2
14953,information_not_credible_source_new,in_context_examples/llama/54_73/seed_2/k_mean_buckets/samples/avg_true_dominance_generation/all_settings_avg_true_dominance_generation_k3_n10_examples.csv,all_settings_avg_true_dominance_generation_k3_n10_examples,3,avg_true_dominance_generation,avg_true_dominance_generation_bucket_k3,3,3
15127,information_not_credible_source_new,in_context_examples/llama/54_73/seed_2/k_mean_buckets/samples/avg_true_dominance_generation/all_settings_avg_true_dominance_generation_k3_n10_examples.csv,all_settings_avg_true_dominance_generation_k3_n10_examples,3,avg_true_dominance_generation,avg_true_dominance_generation_bucket_k3,3,3
15322,information_not_credible_source_new,in_context_examples/llama/54_73/seed_2/k_mean_buckets/samples/avg_true_dominance_generation/all_settings_avg_true_dominance_generation_k3_n10_examples.csv,all_settings_avg_true_dominance_generation_k3_n10_examples,3,avg_true_dominance_generation,avg_true_dominance_generation_bucket_k3,3,2
15388,information_not_credible_source_new,in_context_examples/llama/54_73/seed_2/k_mean_buckets/samples/avg_true_dominance_generation/all_settings_avg_true_dominance_generation_k3_n10_examples.csv,all_settings_avg_true_dominance_generation_k3_n10_examples,3,avg_true_dominance_generation,avg_true_dominance_generation_bucket_k3,3,2
15471,information_not_credible_source_new,in_context_examples/llama/54_73/seed_2/k_mean_buckets/samples/avg_true_dominance_generation/all_settings_avg_true_dominance_generation_k3_n10_examples.csv,all_settings_avg_true_dominance_generation_k3_n10_examples,3,avg_true_dominance_generation,avg_true_dominance_generation_bucket_k3,3,3
15508,information_not_credible_source_new,in_context_examples/llama/54_73/seed_2/k_mean_buckets/samples/avg_true_dominance_generation/all_settings_avg_true_dominance_generation_k3_n10_examples.csv,all_settings_avg_true_dominance_generation_k3_n10_examples,3,avg_true_dominance_generation,avg_true_dominance_generation_bucket_k3,1,2
15521,information_not_credible_source_new,in_context_examples/llama/54_73/seed_2/k_mean_buckets/samples/avg_true_dominance_generation/all_settings_avg_true_dominance_generation_k3_n10_examples.csv,all_settings_avg_true_dominance_generation_k3_n10_examples,3,avg_true_dominance_generation,avg_true_dominance_generation_bucket_k3,1,2
15572,information_not_credible_source_new,in_context_examples/llama/54_73/seed_2/k_mean_buckets/samples/avg_true_dominance_generation/all_settings_avg_true_dominance_generation_k3_n10_examples.csv,all_settings_avg_true_dominance_generation_k3_n10_examples,3,avg_true_dominance_generation,avg_true_dominance_generation_bucket_k3,2,3
15584,information_not_credible_source_new,in_context_examples/llama/54_73/seed_2/k_mean_buckets/samples/avg_true_dominance_generation/all_settings_avg_true_dominance_generation_k3_n10_examples.csv,all_settings_avg_true_dominance_generation_k3_n10_examples,3,avg_true_dominance_generation,avg_true_dominance_generation_bucket_k3,2,2
15669,information_not_credible_source_new,in_context_examples/llama/54_73/seed_2/k_mean_buckets/samples/avg_true_dominance_generation/all_settings_avg_true_dominance_generation_k3_n10_examples.csv,all_settings_avg_true_dominance_generation_k3_n10_examples,3,avg_true_dominance_generation,avg_true_dominance_generation_bucket_k3,2,2
15703,information_not_credible_source_new,in_context_examples/llama/54_73/seed_2/k_mean_buckets/samples/avg_true_dominance_generation/all_settings_avg_true_dominance_generation_k3_n10_examples.csv,all_settings_avg_true_dominance_generation_k3_n10_examples,3,avg_true_dominance_generation,avg_true_dominance_generation_bucket_k3,3,2
15777,information_not_credible_source_new,in_context_examples/llama/54_73/seed_2/k_mean_buckets/samples/avg_true_dominance_generation/all_settings_avg_true_dominance_generation_k3_n10_examples.csv,all_settings_avg_true_dominance_generation_k3_n10_examples,3,avg_true_dominance_generation,avg_true_dominance_generation_bucket_k3,3,3
15846,information_not_credible_source_new,in_context_examples/llama/54_73/seed_2/k_mean_buckets/samples/avg_true_dominance_generation/all_settings_avg_true_dominance_generation_k3_n10_examples.csv,all_settings_avg_true_dominance_generation_k3_n10_examples,3,avg_true_dominance_generation,avg_true_dominance_generation_bucket_k3,3,3
15853,information_not_credible_source_new,in_context_examples/llama/54_73/seed_2/k_mean_buckets/samples/avg_true_dominance_generation/all_settings_avg_true_dominance_generation_k3_n10_examples.csv,all_settings_avg_true_dominance_generation_k3_n10_examples,3,avg_true_dominance_generation,avg_true_dominance_generation_bucket_k3,3,2
15861,information_not_credible_source_new,in_context_examples/llama/54_73/seed_2/k_mean_buckets/samples/avg_true_dominance_generation/all_settings_avg_true_dominance_generation_k3_n10_examples.csv,all_settings_avg_true_dominance_generation_k3_n10_examples,3,avg_true_dominance_generation,avg_true_dominance_generation_bucket_k3,3,3
16061,information_not_credible_source_new,in_context_examples/llama/54_73/seed_2/k_mean_buckets/samples/avg_true_dominance_generation/all_settings_avg_true_dominance_generation_k3_n10_examples.csv,all_settings_avg_true_dominance_generation_k3_n10_examples,3,avg_true_dominance_generation,avg_true_dominance_generation_bucket_k3,1,2
16149,information_not_credible_source_new,in_context_examples/llama/54_73/seed_2/k_mean_buckets/samples/avg_true_dominance_generation/all_settings_avg_true_dominance_generation_k3_n10_examples.csv,all_settings_avg_true_dominance_generation_k3_n10_examples,3,avg_true_dominance_generation,avg_true_dominance_generation_bucket_k3,1,2
16204,information_not_credible_source_new,in_context_examples/llama/54_73/seed_2/k_mean_buckets/samples/avg_true_dominance_generation/all_settings_avg_true_dominance_generation_k3_n10_examples.csv,all_settings_avg_true_dominance_generation_k3_n10_examples,3,avg_true_dominance_generation,avg_true_dominance_generation_bucket_k3,3,2
16208,information_not_credible_source_new,in_context_examples/llama/54_73/seed_2/k_mean_buckets/samples/avg_true_dominance_generation/all_settings_avg_true_dominance_generation_k3_n10_examples.csv,all_settings_avg_true_dominance_generation_k3_n10_examples,3,avg_true_dominance_generation,avg_true_dominance_generation_bucket_k3,1,2
16260,information_not_credible_source_new,in_context_examples/llama/54_73/seed_2/k_mean_buckets/samples/avg_true_dominance_generation/all_settings_avg_true_dominance_generation_k3_n10_examples.csv,all_settings_avg_true_dominance_generation_k3_n10_examples,3,avg_true_dominance_generation,avg_true_dominance_generation_bucket_k3,3,3
16301,information_not_credible_source_new,in_context_examples/llama/54_73/seed_2/k_mean_buckets/samples/avg_true_dominance_generation/all_settings_avg_true_dominance_generation_k3_n10_examples.csv,all_settings_avg_true_dominance_generation_k3_n10_examples,3,avg_true_dominance_generation,avg_true_dominance_generation_bucket_k3,3,2
16395,information_not_credible_source_new,in_context_examples/llama/54_73/seed_2/k_mean_buckets/samples/avg_true_dominance_generation/all_settings_avg_true_dominance_generation_k3_n10_examples.csv,all_settings_avg_true_dominance_generation_k3_n10_examples,3,avg_true_dominance_generation,avg_true_dominance_generation_bucket_k3,3,3
16465,information_not_credible_source_new,in_context_examples/llama/54_73/seed_2/k_mean_buckets/samples/avg_true_dominance_generation/all_settings_avg_true_dominance_generation_k3_n10_examples.csv,all_settings_avg_true_dominance_generation_k3_n10_examples,3,avg_true_dominance_generation,avg_true_dominance_generation_bucket_k3,1,2
16591,information_not_credible_source_new,in_context_examples/llama/54_73/seed_2/k_mean_buckets/samples/avg_true_dominance_generation/all_settings_avg_true_dominance_generation_k3_n10_examples.csv,all_settings_avg_true_dominance_generation_k3_n10_examples,3,avg_true_dominance_generation,avg_true_dominance_generation_bucket_k3,1,2
16619,information_not_credible_source_new,in_context_examples/llama/54_73/seed_2/k_mean_buckets/samples/avg_true_dominance_generation/all_settings_avg_true_dominance_generation_k3_n10_examples.csv,all_settings_avg_true_dominance_generation_k3_n10_examples,3,avg_true_dominance_generation,avg_true_dominance_generation_bucket_k3,2,3
16716,information_not_credible_source_new,in_context_examples/llama/54_73/seed_2/k_mean_buckets/samples/avg_true_dominance_generation/all_settings_avg_true_dominance_generation_k3_n10_examples.csv,all_settings_avg_true_dominance_generation_k3_n10_examples,3,avg_true_dominance_generation,avg_true_dominance_generation_bucket_k3,2,3
16778,information_not_credible_source_new,in_context_examples/llama/54_73/seed_2/k_mean_buckets/samples/avg_true_dominance_generation/all_settings_avg_true_dominance_generation_k3_n10_examples.csv,all_settings_avg_true_dominance_generation_k3_n10_examples,3,avg_true_dominance_generation,avg_true_dominance_generation_bucket_k3,3,2
16962,information_not_credible_source_new,in_context_examples/llama/54_73/seed_2/k_mean_buckets/samples/avg_true_dominance_generation/all_settings_avg_true_dominance_generation_k3_n10_examples.csv,all_settings_avg_true_dominance_generation_k3_n10_examples,3,avg_true_dominance_generation,avg_true_dominance_generation_bucket_k3,1,1
16988,information_not_credible_source_new,in_context_examples/llama/54_73/seed_2/k_mean_buckets/samples/avg_true_dominance_generation/all_settings_avg_true_dominance_generation_k3_n10_examples.csv,all_settings_avg_true_dominance_generation_k3_n10_examples,3,avg_true_dominance_generation,avg_true_dominance_generation_bucket_k3,3,1
16994,information_not_credible_source_new,in_context_examples/llama/54_73/seed_2/k_mean_buckets/samples/avg_true_dominance_generation/all_settings_avg_true_dominance_generation_k3_n10_examples.csv,all_settings_avg_true_dominance_generation_k3_n10_examples,3,avg_true_dominance_generation,avg_true_dominance_generation_bucket_k3,3,1
17016,information_not_credible_source_new,in_context_examples/llama/54_73/seed_2/k_mean_buckets/samples/avg_true_dominance_generation/all_settings_avg_true_dominance_generation_k3_n10_examples.csv,all_settings_avg_true_dominance_generation_k3_n10_examples,3,avg_true_dominance_generation,avg_true_dominance_generation_bucket_k3,3,2
17093,information_not_credible_source_new,in_context_examples/llama/54_73/seed_2/k_mean_buckets/samples/avg_true_dominance_generation/all_settings_avg_true_dominance_generation_k3_n10_examples.csv,all_settings_avg_true_dominance_generation_k3_n10_examples,3,avg_true_dominance_generation,avg_true_dominance_generation_bucket_k3,3,1
17204,information_not_credible_source_new,in_context_examples/llama/54_73/seed_2/k_mean_buckets/samples/avg_true_dominance_generation/all_settings_avg_true_dominance_generation_k3_n10_examples.csv,all_settings_avg_true_dominance_generation_k3_n10_examples,3,avg_true_dominance_generation,avg_true_dominance_generation_bucket_k3,3,3
17213,information_not_credible_source_new,in_context_examples/llama/54_73/seed_2/k_mean_buckets/samples/avg_true_dominance_generation/all_settings_avg_true_dominance_generation_k3_n10_examples.csv,all_settings_avg_true_dominance_generation_k3_n10_examples,3,avg_true_dominance_generation,avg_true_dominance_generation_bucket_k3,3,3
17328,information_not_credible_source_new,in_context_examples/llama/54_73/seed_2/k_mean_buckets/samples/avg_true_dominance_generation/all_settings_avg_true_dominance_generation_k3_n10_examples.csv,all_settings_avg_true_dominance_generation_k3_n10_examples,3,avg_true_dominance_generation,avg_true_dominance_generation_bucket_k3,3,3
17365,information_not_credible_source_new,in_context_examples/llama/54_73/seed_2/k_mean_buckets/samples/avg_true_dominance_generation/all_settings_avg_true_dominance_generation_k3_n10_examples.csv,all_settings_avg_true_dominance_generation_k3_n10_examples,3,avg_true_dominance_generation,avg_true_dominance_generation_bucket_k3,3,2
17370,information_not_credible_source_new,in_context_examples/llama/54_73/seed_2/k_mean_buckets/samples/avg_true_dominance_generation/all_settings_avg_true_dominance_generation_k3_n10_examples.csv,all_settings_avg_true_dominance_generation_k3_n10_examples,3,avg_true_dominance_generation,avg_true_dominance_generation_bucket_k3,2,3
17460,information_not_credible_source_new,in_context_examples/llama/54_73/seed_2/k_mean_buckets/samples/avg_true_dominance_generation/all_settings_avg_true_dominance_generation_k3_n10_examples.csv,all_settings_avg_true_dominance_generation_k3_n10_examples,3,avg_true_dominance_generation,avg_true_dominance_generation_bucket_k3,3,3
17495,information_not_credible_source_new,in_context_examples/llama/54_73/seed_2/k_mean_buckets/samples/avg_true_dominance_generation/all_settings_avg_true_dominance_generation_k3_n10_examples.csv,all_settings_avg_true_dominance_generation_k3_n10_examples,3,avg_true_dominance_generation,avg_true_dominance_generation_bucket_k3,3,3
17748,information_not_credible_source_new,in_context_examples/llama/54_73/seed_2/k_mean_buckets/samples/avg_true_dominance_generation/all_settings_avg_true_dominance_generation_k3_n10_examples.csv,all_settings_avg_true_dominance_generation_k3_n10_examples,3,avg_true_dominance_generation,avg_true_dominance_generation_bucket_k3,1,2
17844,information_not_credible_source_new,in_context_examples/llama/54_73/seed_2/k_mean_buckets/samples/avg_true_dominance_generation/all_settings_avg_true_dominance_generation_k3_n10_examples.csv,all_settings_avg_true_dominance_generation_k3_n10_examples,3,avg_true_dominance_generation,avg_true_dominance_generation_bucket_k3,1,3
17902,information_not_credible_source_new,in_context_examples/llama/54_73/seed_2/k_mean_buckets/samples/avg_true_dominance_generation/all_settings_avg_true_dominance_generation_k3_n10_examples.csv,all_settings_avg_true_dominance_generation_k3_n10_examples,3,avg_true_dominance_generation,avg_true_dominance_generation_bucket_k3,3,2
17939,information_not_credible_source_new,in_context_examples/llama/54_73/seed_2/k_mean_buckets/samples/avg_true_dominance_generation/all_settings_avg_true_dominance_generation_k3_n10_examples.csv,all_settings_avg_true_dominance_generation_k3_n10_examples,3,avg_true_dominance_generation,avg_true_dominance_generation_bucket_k3,3,3
17945,information_not_credible_source_new,in_context_examples/llama/54_73/seed_2/k_mean_buckets/samples/avg_true_dominance_generation/all_settings_avg_true_dominance_generation_k3_n10_examples.csv,all_settings_avg_true_dominance_generation_k3_n10_examples,3,avg_true_dominance_generation,avg_true_dominance_generation_bucket_k3,3,2
18122,information_not_credible_source_new,in_context_examples/llama/54_73/seed_2/k_mean_buckets/samples/avg_true_dominance_generation/all_settings_avg_true_dominance_generation_k3_n10_examples.csv,all_settings_avg_true_dominance_generation_k3_n10_examples,3,avg_true_dominance_generation,avg_true_dominance_generation_bucket_k3,1,3
18274,information_not_credible_source_new,in_context_examples/llama/54_73/seed_2/k_mean_buckets/samples/avg_true_dominance_generation/all_settings_avg_true_dominance_generation_k3_n10_examples.csv,all_settings_avg_true_dominance_generation_k3_n10_examples,3,avg_true_dominance_generation,avg_true_dominance_generation_bucket_k3,1,1
18327,information_not_credible_source_new,in_context_examples/llama/54_73/seed_2/k_mean_buckets/samples/avg_true_dominance_generation/all_settings_avg_true_dominance_generation_k3_n10_examples.csv,all_settings_avg_true_dominance_generation_k3_n10_examples,3,avg_true_dominance_generation,avg_true_dominance_generation_bucket_k3,2,3
18449,information_not_credible_source_new,in_context_examples/llama/54_73/seed_2/k_mean_buckets/samples/avg_true_dominance_generation/all_settings_avg_true_dominance_generation_k3_n10_examples.csv,all_settings_avg_true_dominance_generation_k3_n10_examples,3,avg_true_dominance_generation,avg_true_dominance_generation_bucket_k3,1,1
18469,information_not_credible_source_new,in_context_examples/llama/54_73/seed_2/k_mean_buckets/samples/avg_true_dominance_generation/all_settings_avg_true_dominance_generation_k3_n10_examples.csv,all_settings_avg_true_dominance_generation_k3_n10_examples,3,avg_true_dominance_generation,avg_true_dominance_generation_bucket_k3,1,3
18501,information_not_credible_source_new,in_context_examples/llama/54_73/seed_2/k_mean_buckets/samples/avg_true_dominance_generation/all_settings_avg_true_dominance_generation_k3_n10_examples.csv,all_settings_avg_true_dominance_generation_k3_n10_examples,3,avg_true_dominance_generation,avg_true_dominance_generation_bucket_k3,2,2
18503,information_not_credible_source_new,in_context_examples/llama/54_73/seed_2/k_mean_buckets/samples/avg_true_dominance_generation/all_settings_avg_true_dominance_generation_k3_n10_examples.csv,all_settings_avg_true_dominance_generation_k3_n10_examples,3,avg_true_dominance_generation,avg_true_dominance_generation_bucket_k3,1,3
18530,information_not_credible_source_new,in_context_examples/llama/54_73/seed_2/k_mean_buckets/samples/avg_true_dominance_generation/all_settings_avg_true_dominance_generation_k3_n10_examples.csv,all_settings_avg_true_dominance_generation_k3_n10_examples,3,avg_true_dominance_generation,avg_true_dominance_generation_bucket_k3,2,2
18603,information_not_credible_source_new,in_context_examples/llama/54_73/seed_2/k_mean_buckets/samples/avg_true_dominance_generation/all_settings_avg_true_dominance_generation_k3_n10_examples.csv,all_settings_avg_true_dominance_generation_k3_n10_examples,3,avg_true_dominance_generation,avg_true_dominance_generation_bucket_k3,3,3
18904,information_not_credible_source_new,in_context_examples/llama/54_73/seed_2/k_mean_buckets/samples/avg_true_dominance_generation/all_settings_avg_true_dominance_generation_k3_n10_examples.csv,all_settings_avg_true_dominance_generation_k3_n10_examples,3,avg_true_dominance_generation,avg_true_dominance_generation_bucket_k3,1,3
18970,information_not_credible_source_new,in_context_examples/llama/54_73/seed_2/k_mean_buckets/samples/avg_true_dominance_generation/all_settings_avg_true_dominance_generation_k3_n10_examples.csv,all_settings_avg_true_dominance_generation_k3_n10_examples,3,avg_true_dominance_generation,avg_true_dominance_generation_bucket_k3,2,1
19050,information_not_credible_source_new,in_context_examples/llama/54_73/seed_2/k_mean_buckets/samples/avg_true_dominance_generation/all_settings_avg_true_dominance_generation_k3_n10_examples.csv,all_settings_avg_true_dominance_generation_k3_n10_examples,3,avg_true_dominance_generation,avg_true_dominance_generation_bucket_k3,2,3
19334,information_not_credible_source_new,in_context_examples/llama/54_73/seed_2/k_mean_buckets/samples/avg_true_dominance_generation/all_settings_avg_true_dominance_generation_k3_n10_examples.csv,all_settings_avg_true_dominance_generation_k3_n10_examples,3,avg_true_dominance_generation,avg_true_dominance_generation_bucket_k3,2,2
19366,information_not_credible_source_new,in_context_examples/llama/54_73/seed_2/k_mean_buckets/samples/avg_true_dominance_generation/all_settings_avg_true_dominance_generation_k3_n10_examples.csv,all_settings_avg_true_dominance_generation_k3_n10_examples,3,avg_true_dominance_generation,avg_true_dominance_generation_bucket_k3,3,3
19399,information_not_credible_source_new,in_context_examples/llama/54_73/seed_2/k_mean_buckets/samples/avg_true_dominance_generation/all_settings_avg_true_dominance_generation_k3_n10_examples.csv,all_settings_avg_true_dominance_generation_k3_n10_examples,3,avg_true_dominance_generation,avg_true_dominance_generation_bucket_k3,3,2
19583,information_not_credible_source_new,in_context_examples/llama/54_73/seed_2/k_mean_buckets/samples/avg_true_dominance_generation/all_settings_avg_true_dominance_generation_k3_n10_examples.csv,all_settings_avg_true_dominance_generation_k3_n10_examples,3,avg_true_dominance_generation,avg_true_dominance_generation_bucket_k3,1,2
19588,information_not_credible_source_new,in_context_examples/llama/54_73/seed_2/k_mean_buckets/samples/avg_true_dominance_generation/all_settings_avg_true_dominance_generation_k3_n10_examples.csv,all_settings_avg_true_dominance_generation_k3_n10_examples,3,avg_true_dominance_generation,avg_true_dominance_generation_bucket_k3,3,3
19776,information_not_credible_source_new,in_context_examples/llama/54_73/seed_2/k_mean_buckets/samples/avg_true_dominance_generation/all_settings_avg_true_dominance_generation_k3_n10_examples.csv,all_settings_avg_true_dominance_generation_k3_n10_examples,3,avg_true_dominance_generation,avg_true_dominance_generation_bucket_k3,2,1
19835,information_not_credible_source_new,in_context_examples/llama/54_73/seed_2/k_mean_buckets/samples/avg_true_dominance_generation/all_settings_avg_true_dominance_generation_k3_n10_examples.csv,all_settings_avg_true_dominance_generation_k3_n10_examples,3,avg_true_dominance_generation,avg_true_dominance_generation_bucket_k3,2,2
19902,information_not_credible_source_new,in_context_examples/llama/54_73/seed_2/k_mean_buckets/samples/avg_true_dominance_generation/all_settings_avg_true_dominance_generation_k3_n10_examples.csv,all_settings_avg_true_dominance_generation_k3_n10_examples,3,avg_true_dominance_generation,avg_true_dominance_generation_bucket_k3,3,3
19904,information_not_credible_source_new,in_context_examples/llama/54_73/seed_2/k_mean_buckets/samples/avg_true_dominance_generation/all_settings_avg_true_dominance_generation_k3_n10_examples.csv,all_settings_avg_true_dominance_generation_k3_n10_examples,3,avg_true_dominance_generation,avg_true_dominance_generation_bucket_k3,2,2
19981,information_not_credible_source_new,in_context_examples/llama/54_73/seed_2/k_mean_buckets/samples/avg_true_dominance_generation/all_settings_avg_true_dominance_generation_k3_n10_examples.csv,all_settings_avg_true_dominance_generation_k3_n10_examples,3,avg_true_dominance_generation,avg_true_dominance_generation_bucket_k3,3,2
20087,information_not_credible_source_new,in_context_examples/llama/54_73/seed_2/k_mean_buckets/samples/avg_true_dominance_generation/all_settings_avg_true_dominance_generation_k3_n10_examples.csv,all_settings_avg_true_dominance_generation_k3_n10_examples,3,avg_true_dominance_generation,avg_true_dominance_generation_bucket_k3,1,3
20186,information_not_credible_source_new,in_context_examples/llama/54_73/seed_2/k_mean_buckets/samples/avg_true_dominance_generation/all_settings_avg_true_dominance_generation_k3_n10_examples.csv,all_settings_avg_true_dominance_generation_k3_n10_examples,3,avg_true_dominance_generation,avg_true_dominance_generation_bucket_k3,1,2
20410,information_not_credible_source_new,in_context_examples/llama/54_73/seed_2/k_mean_buckets/samples/avg_true_dominance_generation/all_settings_avg_true_dominance_generation_k3_n10_examples.csv,all_settings_avg_true_dominance_generation_k3_n10_examples,3,avg_true_dominance_generation,avg_true_dominance_generation_bucket_k3,3,3
20601,information_not_credible_source_new,in_context_examples/llama/54_73/seed_2/k_mean_buckets/samples/avg_true_dominance_generation/all_settings_avg_true_dominance_generation_k3_n10_examples.csv,all_settings_avg_true_dominance_generation_k3_n10_examples,3,avg_true_dominance_generation,avg_true_dominance_generation_bucket_k3,1,2
20756,information_not_credible_source_new,in_context_examples/llama/54_73/seed_2/k_mean_buckets/samples/avg_true_dominance_generation/all_settings_avg_true_dominance_generation_k3_n10_examples.csv,all_settings_avg_true_dominance_generation_k3_n10_examples,3,avg_true_dominance_generation,avg_true_dominance_generation_bucket_k3,1,2
21061,information_not_credible_source_new,in_context_examples/llama/54_73/seed_2/k_mean_buckets/samples/avg_true_dominance_generation/all_settings_avg_true_dominance_generation_k3_n10_examples.csv,all_settings_avg_true_dominance_generation_k3_n10_examples,3,avg_true_dominance_generation,avg_true_dominance_generation_bucket_k3,3,2
21231,information_not_credible_source_new,in_context_examples/llama/54_73/seed_2/k_mean_buckets/samples/avg_true_dominance_generation/all_settings_avg_true_dominance_generation_k3_n10_examples.csv,all_settings_avg_true_dominance_generation_k3_n10_examples,3,avg_true_dominance_generation,avg_true_dominance_generation_bucket_k3,1,1
21254,information_not_credible_source_new,in_context_examples/llama/54_73/seed_2/k_mean_buckets/samples/avg_true_dominance_generation/all_settings_avg_true_dominance_generation_k3_n10_examples.csv,all_settings_avg_true_dominance_generation_k3_n10_examples,3,avg_true_dominance_generation,avg_true_dominance_generation_bucket_k3,3,3
21323,information_not_credible_source_new,in_context_examples/llama/54_73/seed_2/k_mean_buckets/samples/avg_true_dominance_generation/all_settings_avg_true_dominance_generation_k3_n10_examples.csv,all_settings_avg_true_dominance_generation_k3_n10_examples,3,avg_true_dominance_generation,avg_true_dominance_generation_bucket_k3,3,3
21342,information_not_credible_source_new,in_context_examples/llama/54_73/seed_2/k_mean_buckets/samples/avg_true_dominance_generation/all_settings_avg_true_dominance_generation_k3_n10_examples.csv,all_settings_avg_true_dominance_generation_k3_n10_examples,3,avg_true_dominance_generation,avg_true_dominance_generation_bucket_k3,1,1
21346,information_not_credible_source_new,in_context_examples/llama/54_73/seed_2/k_mean_buckets/samples/avg_true_dominance_generation/all_settings_avg_true_dominance_generation_k3_n10_examples.csv,all_settings_avg_true_dominance_generation_k3_n10_examples,3,avg_true_dominance_generation,avg_true_dominance_generation_bucket_k3,3,2
21440,information_not_credible_source_new,in_context_examples/llama/54_73/seed_2/k_mean_buckets/samples/avg_true_dominance_generation/all_settings_avg_true_dominance_generation_k3_n10_examples.csv,all_settings_avg_true_dominance_generation_k3_n10_examples,3,avg_true_dominance_generation,avg_true_dominance_generation_bucket_k3,3,3
21681,information_not_credible_source_new,in_context_examples/llama/54_73/seed_2/k_mean_buckets/samples/avg_true_dominance_generation/all_settings_avg_true_dominance_generation_k3_n10_examples.csv,all_settings_avg_true_dominance_generation_k3_n10_examples,3,avg_true_dominance_generation,avg_true_dominance_generation_bucket_k3,1,3
21728,information_not_credible_source_new,in_context_examples/llama/54_73/seed_2/k_mean_buckets/samples/avg_true_dominance_generation/all_settings_avg_true_dominance_generation_k3_n10_examples.csv,all_settings_avg_true_dominance_generation_k3_n10_examples,3,avg_true_dominance_generation,avg_true_dominance_generation_bucket_k3,2,3
21759,information_not_credible_source_new,in_context_examples/llama/54_73/seed_2/k_mean_buckets/samples/avg_true_dominance_generation/all_settings_avg_true_dominance_generation_k3_n10_examples.csv,all_settings_avg_true_dominance_generation_k3_n10_examples,3,avg_true_dominance_generation,avg_true_dominance_generation_bucket_k3,3,2
21867,information_not_credible_source_new,in_context_examples/llama/54_73/seed_2/k_mean_buckets/samples/avg_true_dominance_generation/all_settings_avg_true_dominance_generation_k3_n10_examples.csv,all_settings_avg_true_dominance_generation_k3_n10_examples,3,avg_true_dominance_generation,avg_true_dominance_generation_bucket_k3,3,2
21,neutral_new,in_context_examples/llama/54_73/seed_2/k_mean_buckets/samples/avg_true_dominance_generation/all_settings_avg_true_dominance_generation_k3_n10_examples.csv,all_settings_avg_true_dominance_generation_k3_n10_examples,3,avg_true_dominance_generation,avg_true_dominance_generation_bucket_k3,3,2
56,neutral_new,in_context_examples/llama/54_73/seed_2/k_mean_buckets/samples/avg_true_dominance_generation/all_settings_avg_true_dominance_generation_k3_n10_examples.csv,all_settings_avg_true_dominance_generation_k3_n10_examples,3,avg_true_dominance_generation,avg_true_dominance_generation_bucket_k3,3,3
304,neutral_new,in_context_examples/llama/54_73/seed_2/k_mean_buckets/samples/avg_true_dominance_generation/all_settings_avg_true_dominance_generation_k3_n10_examples.csv,all_settings_avg_true_dominance_generation_k3_n10_examples,3,avg_true_dominance_generation,avg_true_dominance_generation_bucket_k3,3,3
366,neutral_new,in_context_examples/llama/54_73/seed_2/k_mean_buckets/samples/avg_true_dominance_generation/all_settings_avg_true_dominance_generation_k3_n10_examples.csv,all_settings_avg_true_dominance_generation_k3_n10_examples,3,avg_true_dominance_generation,avg_true_dominance_generation_bucket_k3,3,3
378,neutral_new,in_context_examples/llama/54_73/seed_2/k_mean_buckets/samples/avg_true_dominance_generation/all_settings_avg_true_dominance_generation_k3_n10_examples.csv,all_settings_avg_true_dominance_generation_k3_n10_examples,3,avg_true_dominance_generation,avg_true_dominance_generation_bucket_k3,2,2
514,neutral_new,in_context_examples/llama/54_73/seed_2/k_mean_buckets/samples/avg_true_dominance_generation/all_settings_avg_true_dominance_generation_k3_n10_examples.csv,all_settings_avg_true_dominance_generation_k3_n10_examples,3,avg_true_dominance_generation,avg_true_dominance_generation_bucket_k3,2,3
727,neutral_new,in_context_examples/llama/54_73/seed_2/k_mean_buckets/samples/avg_true_dominance_generation/all_settings_avg_true_dominance_generation_k3_n10_examples.csv,all_settings_avg_true_dominance_generation_k3_n10_examples,3,avg_true_dominance_generation,avg_true_dominance_generation_bucket_k3,2,3
741,neutral_new,in_context_examples/llama/54_73/seed_2/k_mean_buckets/samples/avg_true_dominance_generation/all_settings_avg_true_dominance_generation_k3_n10_examples.csv,all_settings_avg_true_dominance_generation_k3_n10_examples,3,avg_true_dominance_generation,avg_true_dominance_generation_bucket_k3,1,2
742,neutral_new,in_context_examples/llama/54_73/seed_2/k_mean_buckets/samples/avg_true_dominance_generation/all_settings_avg_true_dominance_generation_k3_n10_examples.csv,all_settings_avg_true_dominance_generation_k3_n10_examples,3,avg_true_dominance_generation,avg_true_dominance_generation_bucket_k3,1,2
746,neutral_new,in_context_examples/llama/54_73/seed_2/k_mean_buckets/samples/avg_true_dominance_generation/all_settings_avg_true_dominance_generation_k3_n10_examples.csv,all_settings_avg_true_dominance_generation_k3_n10_examples,3,avg_true_dominance_generation,avg_true_dominance_generation_bucket_k3,1,2
747,neutral_new,in_context_examples/llama/54_73/seed_2/k_mean_buckets/samples/avg_true_dominance_generation/all_settings_avg_true_dominance_generation_k3_n10_examples.csv,all_settings_avg_true_dominance_generation_k3_n10_examples,3,avg_true_dominance_generation,avg_true_dominance_generation_bucket_k3,2,3
816,neutral_new,in_context_examples/llama/54_73/seed_2/k_mean_buckets/samples/avg_true_dominance_generation/all_settings_avg_true_dominance_generation_k3_n10_examples.csv,all_settings_avg_true_dominance_generation_k3_n10_examples,3,avg_true_dominance_generation,avg_true_dominance_generation_bucket_k3,1,1
871,neutral_new,in_context_examples/llama/54_73/seed_2/k_mean_buckets/samples/avg_true_dominance_generation/all_settings_avg_true_dominance_generation_k3_n10_examples.csv,all_settings_avg_true_dominance_generation_k3_n10_examples,3,avg_true_dominance_generation,avg_true_dominance_generation_bucket_k3,3,3
893,neutral_new,in_context_examples/llama/54_73/seed_2/k_mean_buckets/samples/avg_true_dominance_generation/all_settings_avg_true_dominance_generation_k3_n10_examples.csv,all_settings_avg_true_dominance_generation_k3_n10_examples,3,avg_true_dominance_generation,avg_true_dominance_generation_bucket_k3,1,2
982,neutral_new,in_context_examples/llama/54_73/seed_2/k_mean_buckets/samples/avg_true_dominance_generation/all_settings_avg_true_dominance_generation_k3_n10_examples.csv,all_settings_avg_true_dominance_generation_k3_n10_examples,3,avg_true_dominance_generation,avg_true_dominance_generation_bucket_k3,3,2
1169,neutral_new,in_context_examples/llama/54_73/seed_2/k_mean_buckets/samples/avg_true_dominance_generation/all_settings_avg_true_dominance_generation_k3_n10_examples.csv,all_settings_avg_true_dominance_generation_k3_n10_examples,3,avg_true_dominance_generation,avg_true_dominance_generation_bucket_k3,2,1
1170,neutral_new,in_context_examples/llama/54_73/seed_2/k_mean_buckets/samples/avg_true_dominance_generation/all_settings_avg_true_dominance_generation_k3_n10_examples.csv,all_settings_avg_true_dominance_generation_k3_n10_examples,3,avg_true_dominance_generation,avg_true_dominance_generation_bucket_k3,3,3
1421,neutral_new,in_context_examples/llama/54_73/seed_2/k_mean_buckets/samples/avg_true_dominance_generation/all_settings_avg_true_dominance_generation_k3_n10_examples.csv,all_settings_avg_true_dominance_generation_k3_n10_examples,3,avg_true_dominance_generation,avg_true_dominance_generation_bucket_k3,2,2
1539,neutral_new,in_context_examples/llama/54_73/seed_2/k_mean_buckets/samples/avg_true_dominance_generation/all_settings_avg_true_dominance_generation_k3_n10_examples.csv,all_settings_avg_true_dominance_generation_k3_n10_examples,3,avg_true_dominance_generation,avg_true_dominance_generation_bucket_k3,3,2
1553,neutral_new,in_context_examples/llama/54_73/seed_2/k_mean_buckets/samples/avg_true_dominance_generation/all_settings_avg_true_dominance_generation_k3_n10_examples.csv,all_settings_avg_true_dominance_generation_k3_n10_examples,3,avg_true_dominance_generation,avg_true_dominance_generation_bucket_k3,3,3
1577,neutral_new,in_context_examples/llama/54_73/seed_2/k_mean_buckets/samples/avg_true_dominance_generation/all_settings_avg_true_dominance_generation_k3_n10_examples.csv,all_settings_avg_true_dominance_generation_k3_n10_examples,3,avg_true_dominance_generation,avg_true_dominance_generation_bucket_k3,1,2
1609,neutral_new,in_context_examples/llama/54_73/seed_2/k_mean_buckets/samples/avg_true_dominance_generation/all_settings_avg_true_dominance_generation_k3_n10_examples.csv,all_settings_avg_true_dominance_generation_k3_n10_examples,3,avg_true_dominance_generation,avg_true_dominance_generation_bucket_k3,3,2
1896,neutral_new,in_context_examples/llama/54_73/seed_2/k_mean_buckets/samples/avg_true_dominance_generation/all_settings_avg_true_dominance_generation_k3_n10_examples.csv,all_settings_avg_true_dominance_generation_k3_n10_examples,3,avg_true_dominance_generation,avg_true_dominance_generation_bucket_k3,1,2
1949,neutral_new,in_context_examples/llama/54_73/seed_2/k_mean_buckets/samples/avg_true_dominance_generation/all_settings_avg_true_dominance_generation_k3_n10_examples.csv,all_settings_avg_true_dominance_generation_k3_n10_examples,3,avg_true_dominance_generation,avg_true_dominance_generation_bucket_k3,2,3
2157,neutral_new,in_context_examples/llama/54_73/seed_2/k_mean_buckets/samples/avg_true_dominance_generation/all_settings_avg_true_dominance_generation_k3_n10_examples.csv,all_settings_avg_true_dominance_generation_k3_n10_examples,3,avg_true_dominance_generation,avg_true_dominance_generation_bucket_k3,3,2
2165,neutral_new,in_context_examples/llama/54_73/seed_2/k_mean_buckets/samples/avg_true_dominance_generation/all_settings_avg_true_dominance_generation_k3_n10_examples.csv,all_settings_avg_true_dominance_generation_k3_n10_examples,3,avg_true_dominance_generation,avg_true_dominance_generation_bucket_k3,1,2
2235,neutral_new,in_context_examples/llama/54_73/seed_2/k_mean_buckets/samples/avg_true_dominance_generation/all_settings_avg_true_dominance_generation_k3_n10_examples.csv,all_settings_avg_true_dominance_generation_k3_n10_examples,3,avg_true_dominance_generation,avg_true_dominance_generation_bucket_k3,3,3
2296,neutral_new,in_context_examples/llama/54_73/seed_2/k_mean_buckets/samples/avg_true_dominance_generation/all_settings_avg_true_dominance_generation_k3_n10_examples.csv,all_settings_avg_true_dominance_generation_k3_n10_examples,3,avg_true_dominance_generation,avg_true_dominance_generation_bucket_k3,2,1
2335,neutral_new,in_context_examples/llama/54_73/seed_2/k_mean_buckets/samples/avg_true_dominance_generation/all_settings_avg_true_dominance_generation_k3_n10_examples.csv,all_settings_avg_true_dominance_generation_k3_n10_examples,3,avg_true_dominance_generation,avg_true_dominance_generation_bucket_k3,2,3
2371,neutral_new,in_context_examples/llama/54_73/seed_2/k_mean_buckets/samples/avg_true_dominance_generation/all_settings_avg_true_dominance_generation_k3_n10_examples.csv,all_settings_avg_true_dominance_generation_k3_n10_examples,3,avg_true_dominance_generation,avg_true_dominance_generation_bucket_k3,2,3
2403,neutral_new,in_context_examples/llama/54_73/seed_2/k_mean_buckets/samples/avg_true_dominance_generation/all_settings_avg_true_dominance_generation_k3_n10_examples.csv,all_settings_avg_true_dominance_generation_k3_n10_examples,3,avg_true_dominance_generation,avg_true_dominance_generation_bucket_k3,3,2
2417,neutral_new,in_context_examples/llama/54_73/seed_2/k_mean_buckets/samples/avg_true_dominance_generation/all_settings_avg_true_dominance_generation_k3_n10_examples.csv,all_settings_avg_true_dominance_generation_k3_n10_examples,3,avg_true_dominance_generation,avg_true_dominance_generation_bucket_k3,1,3
2488,neutral_new,in_context_examples/llama/54_73/seed_2/k_mean_buckets/samples/avg_true_dominance_generation/all_settings_avg_true_dominance_generation_k3_n10_examples.csv,all_settings_avg_true_dominance_generation_k3_n10_examples,3,avg_true_dominance_generation,avg_true_dominance_generation_bucket_k3,1,3
2577,neutral_new,in_context_examples/llama/54_73/seed_2/k_mean_buckets/samples/avg_true_dominance_generation/all_settings_avg_true_dominance_generation_k3_n10_examples.csv,all_settings_avg_true_dominance_generation_k3_n10_examples,3,avg_true_dominance_generation,avg_true_dominance_generation_bucket_k3,3,3
2651,neutral_new,in_context_examples/llama/54_73/seed_2/k_mean_buckets/samples/avg_true_dominance_generation/all_settings_avg_true_dominance_generation_k3_n10_examples.csv,all_settings_avg_true_dominance_generation_k3_n10_examples,3,avg_true_dominance_generation,avg_true_dominance_generation_bucket_k3,2,2
2726,neutral_new,in_context_examples/llama/54_73/seed_2/k_mean_buckets/samples/avg_true_dominance_generation/all_settings_avg_true_dominance_generation_k3_n10_examples.csv,all_settings_avg_true_dominance_generation_k3_n10_examples,3,avg_true_dominance_generation,avg_true_dominance_generation_bucket_k3,1,1
2852,neutral_new,in_context_examples/llama/54_73/seed_2/k_mean_buckets/samples/avg_true_dominance_generation/all_settings_avg_true_dominance_generation_k3_n10_examples.csv,all_settings_avg_true_dominance_generation_k3_n10_examples,3,avg_true_dominance_generation,avg_true_dominance_generation_bucket_k3,3,1
2897,neutral_new,in_context_examples/llama/54_73/seed_2/k_mean_buckets/samples/avg_true_dominance_generation/all_settings_avg_true_dominance_generation_k3_n10_examples.csv,all_settings_avg_true_dominance_generation_k3_n10_examples,3,avg_true_dominance_generation,avg_true_dominance_generation_bucket_k3,3,3
2931,neutral_new,in_context_examples/llama/54_73/seed_2/k_mean_buckets/samples/avg_true_dominance_generation/all_settings_avg_true_dominance_generation_k3_n10_examples.csv,all_settings_avg_true_dominance_generation_k3_n10_examples,3,avg_true_dominance_generation,avg_true_dominance_generation_bucket_k3,1,2
2980,neutral_new,in_context_examples/llama/54_73/seed_2/k_mean_buckets/samples/avg_true_dominance_generation/all_settings_avg_true_dominance_generation_k3_n10_examples.csv,all_settings_avg_true_dominance_generation_k3_n10_examples,3,avg_true_dominance_generation,avg_true_dominance_generation_bucket_k3,3,3
3013,neutral_new,in_context_examples/llama/54_73/seed_2/k_mean_buckets/samples/avg_true_dominance_generation/all_settings_avg_true_dominance_generation_k3_n10_examples.csv,all_settings_avg_true_dominance_generation_k3_n10_examples,3,avg_true_dominance_generation,avg_true_dominance_generation_bucket_k3,1,3
3046,neutral_new,in_context_examples/llama/54_73/seed_2/k_mean_buckets/samples/avg_true_dominance_generation/all_settings_avg_true_dominance_generation_k3_n10_examples.csv,all_settings_avg_true_dominance_generation_k3_n10_examples,3,avg_true_dominance_generation,avg_true_dominance_generation_bucket_k3,3,2
3117,neutral_new,in_context_examples/llama/54_73/seed_2/k_mean_buckets/samples/avg_true_dominance_generation/all_settings_avg_true_dominance_generation_k3_n10_examples.csv,all_settings_avg_true_dominance_generation_k3_n10_examples,3,avg_true_dominance_generation,avg_true_dominance_generation_bucket_k3,2,1
3315,neutral_new,in_context_examples/llama/54_73/seed_2/k_mean_buckets/samples/avg_true_dominance_generation/all_settings_avg_true_dominance_generation_k3_n10_examples.csv,all_settings_avg_true_dominance_generation_k3_n10_examples,3,avg_true_dominance_generation,avg_true_dominance_generation_bucket_k3,2,3
3543,neutral_new,in_context_examples/llama/54_73/seed_2/k_mean_buckets/samples/avg_true_dominance_generation/all_settings_avg_true_dominance_generation_k3_n10_examples.csv,all_settings_avg_true_dominance_generation_k3_n10_examples,3,avg_true_dominance_generation,avg_true_dominance_generation_bucket_k3,2,2
3583,neutral_new,in_context_examples/llama/54_73/seed_2/k_mean_buckets/samples/avg_true_dominance_generation/all_settings_avg_true_dominance_generation_k3_n10_examples.csv,all_settings_avg_true_dominance_generation_k3_n10_examples,3,avg_true_dominance_generation,avg_true_dominance_generation_bucket_k3,1,2
3642,neutral_new,in_context_examples/llama/54_73/seed_2/k_mean_buckets/samples/avg_true_dominance_generation/all_settings_avg_true_dominance_generation_k3_n10_examples.csv,all_settings_avg_true_dominance_generation_k3_n10_examples,3,avg_true_dominance_generation,avg_true_dominance_generation_bucket_k3,1,2
3699,neutral_new,in_context_examples/llama/54_73/seed_2/k_mean_buckets/samples/avg_true_dominance_generation/all_settings_avg_true_dominance_generation_k3_n10_examples.csv,all_settings_avg_true_dominance_generation_k3_n10_examples,3,avg_true_dominance_generation,avg_true_dominance_generation_bucket_k3,1,1
3718,neutral_new,in_context_examples/llama/54_73/seed_2/k_mean_buckets/samples/avg_true_dominance_generation/all_settings_avg_true_dominance_generation_k3_n10_examples.csv,all_settings_avg_true_dominance_generation_k3_n10_examples,3,avg_true_dominance_generation,avg_true_dominance_generation_bucket_k3,3,2
3801,neutral_new,in_context_examples/llama/54_73/seed_2/k_mean_buckets/samples/avg_true_dominance_generation/all_settings_avg_true_dominance_generation_k3_n10_examples.csv,all_settings_avg_true_dominance_generation_k3_n10_examples,3,avg_true_dominance_generation,avg_true_dominance_generation_bucket_k3,3,2
3879,neutral_new,in_context_examples/llama/54_73/seed_2/k_mean_buckets/samples/avg_true_dominance_generation/all_settings_avg_true_dominance_generation_k3_n10_examples.csv,all_settings_avg_true_dominance_generation_k3_n10_examples,3,avg_true_dominance_generation,avg_true_dominance_generation_bucket_k3,3,3
3918,neutral_new,in_context_examples/llama/54_73/seed_2/k_mean_buckets/samples/avg_true_dominance_generation/all_settings_avg_true_dominance_generation_k3_n10_examples.csv,all_settings_avg_true_dominance_generation_k3_n10_examples,3,avg_true_dominance_generation,avg_true_dominance_generation_bucket_k3,1,1
4148,neutral_new,in_context_examples/llama/54_73/seed_2/k_mean_buckets/samples/avg_true_dominance_generation/all_settings_avg_true_dominance_generation_k3_n10_examples.csv,all_settings_avg_true_dominance_generation_k3_n10_examples,3,avg_true_dominance_generation,avg_true_dominance_generation_bucket_k3,3,3
4173,neutral_new,in_context_examples/llama/54_73/seed_2/k_mean_buckets/samples/avg_true_dominance_generation/all_settings_avg_true_dominance_generation_k3_n10_examples.csv,all_settings_avg_true_dominance_generation_k3_n10_examples,3,avg_true_dominance_generation,avg_true_dominance_generation_bucket_k3,3,2
4187,neutral_new,in_context_examples/llama/54_73/seed_2/k_mean_buckets/samples/avg_true_dominance_generation/all_settings_avg_true_dominance_generation_k3_n10_examples.csv,all_settings_avg_true_dominance_generation_k3_n10_examples,3,avg_true_dominance_generation,avg_true_dominance_generation_bucket_k3,3,3
4289,neutral_new,in_context_examples/llama/54_73/seed_2/k_mean_buckets/samples/avg_true_dominance_generation/all_settings_avg_true_dominance_generation_k3_n10_examples.csv,all_settings_avg_true_dominance_generation_k3_n10_examples,3,avg_true_dominance_generation,avg_true_dominance_generation_bucket_k3,3,2
4297,neutral_new,in_context_examples/llama/54_73/seed_2/k_mean_buckets/samples/avg_true_dominance_generation/all_settings_avg_true_dominance_generation_k3_n10_examples.csv,all_settings_avg_true_dominance_generation_k3_n10_examples,3,avg_true_dominance_generation,avg_true_dominance_generation_bucket_k3,3,3
4305,neutral_new,in_context_examples/llama/54_73/seed_2/k_mean_buckets/samples/avg_true_dominance_generation/all_settings_avg_true_dominance_generation_k3_n10_examples.csv,all_settings_avg_true_dominance_generation_k3_n10_examples,3,avg_true_dominance_generation,avg_true_dominance_generation_bucket_k3,3,2
4449,neutral_new,in_context_examples/llama/54_73/seed_2/k_mean_buckets/samples/avg_true_dominance_generation/all_settings_avg_true_dominance_generation_k3_n10_examples.csv,all_settings_avg_true_dominance_generation_k3_n10_examples,3,avg_true_dominance_generation,avg_true_dominance_generation_bucket_k3,2,3
4579,neutral_new,in_context_examples/llama/54_73/seed_2/k_mean_buckets/samples/avg_true_dominance_generation/all_settings_avg_true_dominance_generation_k3_n10_examples.csv,all_settings_avg_true_dominance_generation_k3_n10_examples,3,avg_true_dominance_generation,avg_true_dominance_generation_bucket_k3,1,2
4660,neutral_new,in_context_examples/llama/54_73/seed_2/k_mean_buckets/samples/avg_true_dominance_generation/all_settings_avg_true_dominance_generation_k3_n10_examples.csv,all_settings_avg_true_dominance_generation_k3_n10_examples,3,avg_true_dominance_generation,avg_true_dominance_generation_bucket_k3,1,3
4679,neutral_new,in_context_examples/llama/54_73/seed_2/k_mean_buckets/samples/avg_true_dominance_generation/all_settings_avg_true_dominance_generation_k3_n10_examples.csv,all_settings_avg_true_dominance_generation_k3_n10_examples,3,avg_true_dominance_generation,avg_true_dominance_generation_bucket_k3,1,1
4726,neutral_new,in_context_examples/llama/54_73/seed_2/k_mean_buckets/samples/avg_true_dominance_generation/all_settings_avg_true_dominance_generation_k3_n10_examples.csv,all_settings_avg_true_dominance_generation_k3_n10_examples,3,avg_true_dominance_generation,avg_true_dominance_generation_bucket_k3,1,2
4779,neutral_new,in_context_examples/llama/54_73/seed_2/k_mean_buckets/samples/avg_true_dominance_generation/all_settings_avg_true_dominance_generation_k3_n10_examples.csv,all_settings_avg_true_dominance_generation_k3_n10_examples,3,avg_true_dominance_generation,avg_true_dominance_generation_bucket_k3,3,2
4983,neutral_new,in_context_examples/llama/54_73/seed_2/k_mean_buckets/samples/avg_true_dominance_generation/all_settings_avg_true_dominance_generation_k3_n10_examples.csv,all_settings_avg_true_dominance_generation_k3_n10_examples,3,avg_true_dominance_generation,avg_true_dominance_generation_bucket_k3,1,3
5324,neutral_new,in_context_examples/llama/54_73/seed_2/k_mean_buckets/samples/avg_true_dominance_generation/all_settings_avg_true_dominance_generation_k3_n10_examples.csv,all_settings_avg_true_dominance_generation_k3_n10_examples,3,avg_true_dominance_generation,avg_true_dominance_generation_bucket_k3,2,2
5338,neutral_new,in_context_examples/llama/54_73/seed_2/k_mean_buckets/samples/avg_true_dominance_generation/all_settings_avg_true_dominance_generation_k3_n10_examples.csv,all_settings_avg_true_dominance_generation_k3_n10_examples,3,avg_true_dominance_generation,avg_true_dominance_generation_bucket_k3,1,1
5343,neutral_new,in_context_examples/llama/54_73/seed_2/k_mean_buckets/samples/avg_true_dominance_generation/all_settings_avg_true_dominance_generation_k3_n10_examples.csv,all_settings_avg_true_dominance_generation_k3_n10_examples,3,avg_true_dominance_generation,avg_true_dominance_generation_bucket_k3,1,2
5346,neutral_new,in_context_examples/llama/54_73/seed_2/k_mean_buckets/samples/avg_true_dominance_generation/all_settings_avg_true_dominance_generation_k3_n10_examples.csv,all_settings_avg_true_dominance_generation_k3_n10_examples,3,avg_true_dominance_generation,avg_true_dominance_generation_bucket_k3,3,1
5372,neutral_new,in_context_examples/llama/54_73/seed_2/k_mean_buckets/samples/avg_true_dominance_generation/all_settings_avg_true_dominance_generation_k3_n10_examples.csv,all_settings_avg_true_dominance_generation_k3_n10_examples,3,avg_true_dominance_generation,avg_true_dominance_generation_bucket_k3,2,2
5464,neutral_new,in_context_examples/llama/54_73/seed_2/k_mean_buckets/samples/avg_true_dominance_generation/all_settings_avg_true_dominance_generation_k3_n10_examples.csv,all_settings_avg_true_dominance_generation_k3_n10_examples,3,avg_true_dominance_generation,avg_true_dominance_generation_bucket_k3,3,3
5638,neutral_new,in_context_examples/llama/54_73/seed_2/k_mean_buckets/samples/avg_true_dominance_generation/all_settings_avg_true_dominance_generation_k3_n10_examples.csv,all_settings_avg_true_dominance_generation_k3_n10_examples,3,avg_true_dominance_generation,avg_true_dominance_generation_bucket_k3,1,1
5643,neutral_new,in_context_examples/llama/54_73/seed_2/k_mean_buckets/samples/avg_true_dominance_generation/all_settings_avg_true_dominance_generation_k3_n10_examples.csv,all_settings_avg_true_dominance_generation_k3_n10_examples,3,avg_true_dominance_generation,avg_true_dominance_generation_bucket_k3,3,2
5682,neutral_new,in_context_examples/llama/54_73/seed_2/k_mean_buckets/samples/avg_true_dominance_generation/all_settings_avg_true_dominance_generation_k3_n10_examples.csv,all_settings_avg_true_dominance_generation_k3_n10_examples,3,avg_true_dominance_generation,avg_true_dominance_generation_bucket_k3,3,1
5703,neutral_new,in_context_examples/llama/54_73/seed_2/k_mean_buckets/samples/avg_true_dominance_generation/all_settings_avg_true_dominance_generation_k3_n10_examples.csv,all_settings_avg_true_dominance_generation_k3_n10_examples,3,avg_true_dominance_generation,avg_true_dominance_generation_bucket_k3,3,3
5733,neutral_new,in_context_examples/llama/54_73/seed_2/k_mean_buckets/samples/avg_true_dominance_generation/all_settings_avg_true_dominance_generation_k3_n10_examples.csv,all_settings_avg_true_dominance_generation_k3_n10_examples,3,avg_true_dominance_generation,avg_true_dominance_generation_bucket_k3,1,2
5746,neutral_new,in_context_examples/llama/54_73/seed_2/k_mean_buckets/samples/avg_true_dominance_generation/all_settings_avg_true_dominance_generation_k3_n10_examples.csv,all_settings_avg_true_dominance_generation_k3_n10_examples,3,avg_true_dominance_generation,avg_true_dominance_generation_bucket_k3,3,3
5791,neutral_new,in_context_examples/llama/54_73/seed_2/k_mean_buckets/samples/avg_true_dominance_generation/all_settings_avg_true_dominance_generation_k3_n10_examples.csv,all_settings_avg_true_dominance_generation_k3_n10_examples,3,avg_true_dominance_generation,avg_true_dominance_generation_bucket_k3,3,1
5801,neutral_new,in_context_examples/llama/54_73/seed_2/k_mean_buckets/samples/avg_true_dominance_generation/all_settings_avg_true_dominance_generation_k3_n10_examples.csv,all_settings_avg_true_dominance_generation_k3_n10_examples,3,avg_true_dominance_generation,avg_true_dominance_generation_bucket_k3,3,3
5955,neutral_new,in_context_examples/llama/54_73/seed_2/k_mean_buckets/samples/avg_true_dominance_generation/all_settings_avg_true_dominance_generation_k3_n10_examples.csv,all_settings_avg_true_dominance_generation_k3_n10_examples,3,avg_true_dominance_generation,avg_true_dominance_generation_bucket_k3,1,2
5999,neutral_new,in_context_examples/llama/54_73/seed_2/k_mean_buckets/samples/avg_true_dominance_generation/all_settings_avg_true_dominance_generation_k3_n10_examples.csv,all_settings_avg_true_dominance_generation_k3_n10_examples,3,avg_true_dominance_generation,avg_true_dominance_generation_bucket_k3,3,3
6347,neutral_new,in_context_examples/llama/54_73/seed_2/k_mean_buckets/samples/avg_true_dominance_generation/all_settings_avg_true_dominance_generation_k3_n10_examples.csv,all_settings_avg_true_dominance_generation_k3_n10_examples,3,avg_true_dominance_generation,avg_true_dominance_generation_bucket_k3,3,2
6354,neutral_new,in_context_examples/llama/54_73/seed_2/k_mean_buckets/samples/avg_true_dominance_generation/all_settings_avg_true_dominance_generation_k3_n10_examples.csv,all_settings_avg_true_dominance_generation_k3_n10_examples,3,avg_true_dominance_generation,avg_true_dominance_generation_bucket_k3,2,2
6364,neutral_new,in_context_examples/llama/54_73/seed_2/k_mean_buckets/samples/avg_true_dominance_generation/all_settings_avg_true_dominance_generation_k3_n10_examples.csv,all_settings_avg_true_dominance_generation_k3_n10_examples,3,avg_true_dominance_generation,avg_true_dominance_generation_bucket_k3,3,3
6398,neutral_new,in_context_examples/llama/54_73/seed_2/k_mean_buckets/samples/avg_true_dominance_generation/all_settings_avg_true_dominance_generation_k3_n10_examples.csv,all_settings_avg_true_dominance_generation_k3_n10_examples,3,avg_true_dominance_generation,avg_true_dominance_generation_bucket_k3,3,2
6481,neutral_new,in_context_examples/llama/54_73/seed_2/k_mean_buckets/samples/avg_true_dominance_generation/all_settings_avg_true_dominance_generation_k3_n10_examples.csv,all_settings_avg_true_dominance_generation_k3_n10_examples,3,avg_true_dominance_generation,avg_true_dominance_generation_bucket_k3,3,3
6484,neutral_new,in_context_examples/llama/54_73/seed_2/k_mean_buckets/samples/avg_true_dominance_generation/all_settings_avg_true_dominance_generation_k3_n10_examples.csv,all_settings_avg_true_dominance_generation_k3_n10_examples,3,avg_true_dominance_generation,avg_true_dominance_generation_bucket_k3,3,2
6527,neutral_new,in_context_examples/llama/54_73/seed_2/k_mean_buckets/samples/avg_true_dominance_generation/all_settings_avg_true_dominance_generation_k3_n10_examples.csv,all_settings_avg_true_dominance_generation_k3_n10_examples,3,avg_true_dominance_generation,avg_true_dominance_generation_bucket_k3,3,2
6646,neutral_new,in_context_examples/llama/54_73/seed_2/k_mean_buckets/samples/avg_true_dominance_generation/all_settings_avg_true_dominance_generation_k3_n10_examples.csv,all_settings_avg_true_dominance_generation_k3_n10_examples,3,avg_true_dominance_generation,avg_true_dominance_generation_bucket_k3,1,1
6682,neutral_new,in_context_examples/llama/54_73/seed_2/k_mean_buckets/samples/avg_true_dominance_generation/all_settings_avg_true_dominance_generation_k3_n10_examples.csv,all_settings_avg_true_dominance_generation_k3_n10_examples,3,avg_true_dominance_generation,avg_true_dominance_generation_bucket_k3,1,2
6821,neutral_new,in_context_examples/llama/54_73/seed_2/k_mean_buckets/samples/avg_true_dominance_generation/all_settings_avg_true_dominance_generation_k3_n10_examples.csv,all_settings_avg_true_dominance_generation_k3_n10_examples,3,avg_true_dominance_generation,avg_true_dominance_generation_bucket_k3,3,2
6874,neutral_new,in_context_examples/llama/54_73/seed_2/k_mean_buckets/samples/avg_true_dominance_generation/all_settings_avg_true_dominance_generation_k3_n10_examples.csv,all_settings_avg_true_dominance_generation_k3_n10_examples,3,avg_true_dominance_generation,avg_true_dominance_generation_bucket_k3,1,2
7054,neutral_new,in_context_examples/llama/54_73/seed_2/k_mean_buckets/samples/avg_true_dominance_generation/all_settings_avg_true_dominance_generation_k3_n10_examples.csv,all_settings_avg_true_dominance_generation_k3_n10_examples,3,avg_true_dominance_generation,avg_true_dominance_generation_bucket_k3,2,3
7139,neutral_new,in_context_examples/llama/54_73/seed_2/k_mean_buckets/samples/avg_true_dominance_generation/all_settings_avg_true_dominance_generation_k3_n10_examples.csv,all_settings_avg_true_dominance_generation_k3_n10_examples,3,avg_true_dominance_generation,avg_true_dominance_generation_bucket_k3,3,2
7250,neutral_new,in_context_examples/llama/54_73/seed_2/k_mean_buckets/samples/avg_true_dominance_generation/all_settings_avg_true_dominance_generation_k3_n10_examples.csv,all_settings_avg_true_dominance_generation_k3_n10_examples,3,avg_true_dominance_generation,avg_true_dominance_generation_bucket_k3,1,2
7332,neutral_new,in_context_examples/llama/54_73/seed_2/k_mean_buckets/samples/avg_true_dominance_generation/all_settings_avg_true_dominance_generation_k3_n10_examples.csv,all_settings_avg_true_dominance_generation_k3_n10_examples,3,avg_true_dominance_generation,avg_true_dominance_generation_bucket_k3,1,3
7462,neutral_new,in_context_examples/llama/54_73/seed_2/k_mean_buckets/samples/avg_true_dominance_generation/all_settings_avg_true_dominance_generation_k3_n10_examples.csv,all_settings_avg_true_dominance_generation_k3_n10_examples,3,avg_true_dominance_generation,avg_true_dominance_generation_bucket_k3,3,3
7508,neutral_new,in_context_examples/llama/54_73/seed_2/k_mean_buckets/samples/avg_true_dominance_generation/all_settings_avg_true_dominance_generation_k3_n10_examples.csv,all_settings_avg_true_dominance_generation_k3_n10_examples,3,avg_true_dominance_generation,avg_true_dominance_generation_bucket_k3,3,3
7585,neutral_new,in_context_examples/llama/54_73/seed_2/k_mean_buckets/samples/avg_true_dominance_generation/all_settings_avg_true_dominance_generation_k3_n10_examples.csv,all_settings_avg_true_dominance_generation_k3_n10_examples,3,avg_true_dominance_generation,avg_true_dominance_generation_bucket_k3,3,2
7669,neutral_new,in_context_examples/llama/54_73/seed_2/k_mean_buckets/samples/avg_true_dominance_generation/all_settings_avg_true_dominance_generation_k3_n10_examples.csv,all_settings_avg_true_dominance_generation_k3_n10_examples,3,avg_true_dominance_generation,avg_true_dominance_generation_bucket_k3,3,2
8118,neutral_new,in_context_examples/llama/54_73/seed_2/k_mean_buckets/samples/avg_true_dominance_generation/all_settings_avg_true_dominance_generation_k3_n10_examples.csv,all_settings_avg_true_dominance_generation_k3_n10_examples,3,avg_true_dominance_generation,avg_true_dominance_generation_bucket_k3,1,2
8124,neutral_new,in_context_examples/llama/54_73/seed_2/k_mean_buckets/samples/avg_true_dominance_generation/all_settings_avg_true_dominance_generation_k3_n10_examples.csv,all_settings_avg_true_dominance_generation_k3_n10_examples,3,avg_true_dominance_generation,avg_true_dominance_generation_bucket_k3,3,3
8181,neutral_new,in_context_examples/llama/54_73/seed_2/k_mean_buckets/samples/avg_true_dominance_generation/all_settings_avg_true_dominance_generation_k3_n10_examples.csv,all_settings_avg_true_dominance_generation_k3_n10_examples,3,avg_true_dominance_generation,avg_true_dominance_generation_bucket_k3,1,1
8282,neutral_new,in_context_examples/llama/54_73/seed_2/k_mean_buckets/samples/avg_true_dominance_generation/all_settings_avg_true_dominance_generation_k3_n10_examples.csv,all_settings_avg_true_dominance_generation_k3_n10_examples,3,avg_true_dominance_generation,avg_true_dominance_generation_bucket_k3,3,2
8285,neutral_new,in_context_examples/llama/54_73/seed_2/k_mean_buckets/samples/avg_true_dominance_generation/all_settings_avg_true_dominance_generation_k3_n10_examples.csv,all_settings_avg_true_dominance_generation_k3_n10_examples,3,avg_true_dominance_generation,avg_true_dominance_generation_bucket_k3,3,3
8328,neutral_new,in_context_examples/llama/54_73/seed_2/k_mean_buckets/samples/avg_true_dominance_generation/all_settings_avg_true_dominance_generation_k3_n10_examples.csv,all_settings_avg_true_dominance_generation_k3_n10_examples,3,avg_true_dominance_generation,avg_true_dominance_generation_bucket_k3,3,3
8416,neutral_new,in_context_examples/llama/54_73/seed_2/k_mean_buckets/samples/avg_true_dominance_generation/all_settings_avg_true_dominance_generation_k3_n10_examples.csv,all_settings_avg_true_dominance_generation_k3_n10_examples,3,avg_true_dominance_generation,avg_true_dominance_generation_bucket_k3,3,2
8559,neutral_new,in_context_examples/llama/54_73/seed_2/k_mean_buckets/samples/avg_true_dominance_generation/all_settings_avg_true_dominance_generation_k3_n10_examples.csv,all_settings_avg_true_dominance_generation_k3_n10_examples,3,avg_true_dominance_generation,avg_true_dominance_generation_bucket_k3,3,2
8639,neutral_new,in_context_examples/llama/54_73/seed_2/k_mean_buckets/samples/avg_true_dominance_generation/all_settings_avg_true_dominance_generation_k3_n10_examples.csv,all_settings_avg_true_dominance_generation_k3_n10_examples,3,avg_true_dominance_generation,avg_true_dominance_generation_bucket_k3,3,2
8650,neutral_new,in_context_examples/llama/54_73/seed_2/k_mean_buckets/samples/avg_true_dominance_generation/all_settings_avg_true_dominance_generation_k3_n10_examples.csv,all_settings_avg_true_dominance_generation_k3_n10_examples,3,avg_true_dominance_generation,avg_true_dominance_generation_bucket_k3,3,3
8841,neutral_new,in_context_examples/llama/54_73/seed_2/k_mean_buckets/samples/avg_true_dominance_generation/all_settings_avg_true_dominance_generation_k3_n10_examples.csv,all_settings_avg_true_dominance_generation_k3_n10_examples,3,avg_true_dominance_generation,avg_true_dominance_generation_bucket_k3,2,1
8884,neutral_new,in_context_examples/llama/54_73/seed_2/k_mean_buckets/samples/avg_true_dominance_generation/all_settings_avg_true_dominance_generation_k3_n10_examples.csv,all_settings_avg_true_dominance_generation_k3_n10_examples,3,avg_true_dominance_generation,avg_true_dominance_generation_bucket_k3,3,3
8905,neutral_new,in_context_examples/llama/54_73/seed_2/k_mean_buckets/samples/avg_true_dominance_generation/all_settings_avg_true_dominance_generation_k3_n10_examples.csv,all_settings_avg_true_dominance_generation_k3_n10_examples,3,avg_true_dominance_generation,avg_true_dominance_generation_bucket_k3,1,1
8968,neutral_new,in_context_examples/llama/54_73/seed_2/k_mean_buckets/samples/avg_true_dominance_generation/all_settings_avg_true_dominance_generation_k3_n10_examples.csv,all_settings_avg_true_dominance_generation_k3_n10_examples,3,avg_true_dominance_generation,avg_true_dominance_generation_bucket_k3,3,3
8984,neutral_new,in_context_examples/llama/54_73/seed_2/k_mean_buckets/samples/avg_true_dominance_generation/all_settings_avg_true_dominance_generation_k3_n10_examples.csv,all_settings_avg_true_dominance_generation_k3_n10_examples,3,avg_true_dominance_generation,avg_true_dominance_generation_bucket_k3,3,2
9058,neutral_new,in_context_examples/llama/54_73/seed_2/k_mean_buckets/samples/avg_true_dominance_generation/all_settings_avg_true_dominance_generation_k3_n10_examples.csv,all_settings_avg_true_dominance_generation_k3_n10_examples,3,avg_true_dominance_generation,avg_true_dominance_generation_bucket_k3,2,2
9092,neutral_new,in_context_examples/llama/54_73/seed_2/k_mean_buckets/samples/avg_true_dominance_generation/all_settings_avg_true_dominance_generation_k3_n10_examples.csv,all_settings_avg_true_dominance_generation_k3_n10_examples,3,avg_true_dominance_generation,avg_true_dominance_generation_bucket_k3,3,3
9105,neutral_new,in_context_examples/llama/54_73/seed_2/k_mean_buckets/samples/avg_true_dominance_generation/all_settings_avg_true_dominance_generation_k3_n10_examples.csv,all_settings_avg_true_dominance_generation_k3_n10_examples,3,avg_true_dominance_generation,avg_true_dominance_generation_bucket_k3,1,3
9226,neutral_new,in_context_examples/llama/54_73/seed_2/k_mean_buckets/samples/avg_true_dominance_generation/all_settings_avg_true_dominance_generation_k3_n10_examples.csv,all_settings_avg_true_dominance_generation_k3_n10_examples,3,avg_true_dominance_generation,avg_true_dominance_generation_bucket_k3,1,2
9263,neutral_new,in_context_examples/llama/54_73/seed_2/k_mean_buckets/samples/avg_true_dominance_generation/all_settings_avg_true_dominance_generation_k3_n10_examples.csv,all_settings_avg_true_dominance_generation_k3_n10_examples,3,avg_true_dominance_generation,avg_true_dominance_generation_bucket_k3,3,2
9302,neutral_new,in_context_examples/llama/54_73/seed_2/k_mean_buckets/samples/avg_true_dominance_generation/all_settings_avg_true_dominance_generation_k3_n10_examples.csv,all_settings_avg_true_dominance_generation_k3_n10_examples,3,avg_true_dominance_generation,avg_true_dominance_generation_bucket_k3,2,2
9375,neutral_new,in_context_examples/llama/54_73/seed_2/k_mean_buckets/samples/avg_true_dominance_generation/all_settings_avg_true_dominance_generation_k3_n10_examples.csv,all_settings_avg_true_dominance_generation_k3_n10_examples,3,avg_true_dominance_generation,avg_true_dominance_generation_bucket_k3,1,1
9384,neutral_new,in_context_examples/llama/54_73/seed_2/k_mean_buckets/samples/avg_true_dominance_generation/all_settings_avg_true_dominance_generation_k3_n10_examples.csv,all_settings_avg_true_dominance_generation_k3_n10_examples,3,avg_true_dominance_generation,avg_true_dominance_generation_bucket_k3,3,1
9438,neutral_new,in_context_examples/llama/54_73/seed_2/k_mean_buckets/samples/avg_true_dominance_generation/all_settings_avg_true_dominance_generation_k3_n10_examples.csv,all_settings_avg_true_dominance_generation_k3_n10_examples,3,avg_true_dominance_generation,avg_true_dominance_generation_bucket_k3,3,3
9593,neutral_new,in_context_examples/llama/54_73/seed_2/k_mean_buckets/samples/avg_true_dominance_generation/all_settings_avg_true_dominance_generation_k3_n10_examples.csv,all_settings_avg_true_dominance_generation_k3_n10_examples,3,avg_true_dominance_generation,avg_true_dominance_generation_bucket_k3,3,2
9737,neutral_new,in_context_examples/llama/54_73/seed_2/k_mean_buckets/samples/avg_true_dominance_generation/all_settings_avg_true_dominance_generation_k3_n10_examples.csv,all_settings_avg_true_dominance_generation_k3_n10_examples,3,avg_true_dominance_generation,avg_true_dominance_generation_bucket_k3,2,3
9802,neutral_new,in_context_examples/llama/54_73/seed_2/k_mean_buckets/samples/avg_true_dominance_generation/all_settings_avg_true_dominance_generation_k3_n10_examples.csv,all_settings_avg_true_dominance_generation_k3_n10_examples,3,avg_true_dominance_generation,avg_true_dominance_generation_bucket_k3,3,2
9811,neutral_new,in_context_examples/llama/54_73/seed_2/k_mean_buckets/samples/avg_true_dominance_generation/all_settings_avg_true_dominance_generation_k3_n10_examples.csv,all_settings_avg_true_dominance_generation_k3_n10_examples,3,avg_true_dominance_generation,avg_true_dominance_generation_bucket_k3,2,2
9886,neutral_new,in_context_examples/llama/54_73/seed_2/k_mean_buckets/samples/avg_true_dominance_generation/all_settings_avg_true_dominance_generation_k3_n10_examples.csv,all_settings_avg_true_dominance_generation_k3_n10_examples,3,avg_true_dominance_generation,avg_true_dominance_generation_bucket_k3,3,3
9889,neutral_new,in_context_examples/llama/54_73/seed_2/k_mean_buckets/samples/avg_true_dominance_generation/all_settings_avg_true_dominance_generation_k3_n10_examples.csv,all_settings_avg_true_dominance_generation_k3_n10_examples,3,avg_true_dominance_generation,avg_true_dominance_generation_bucket_k3,1,3
9953,neutral_new,in_context_examples/llama/54_73/seed_2/k_mean_buckets/samples/avg_true_dominance_generation/all_settings_avg_true_dominance_generation_k3_n10_examples.csv,all_settings_avg_true_dominance_generation_k3_n10_examples,3,avg_true_dominance_generation,avg_true_dominance_generation_bucket_k3,3,2
9972,neutral_new,in_context_examples/llama/54_73/seed_2/k_mean_buckets/samples/avg_true_dominance_generation/all_settings_avg_true_dominance_generation_k3_n10_examples.csv,all_settings_avg_true_dominance_generation_k3_n10_examples,3,avg_true_dominance_generation,avg_true_dominance_generation_bucket_k3,1,2
10137,neutral_new,in_context_examples/llama/54_73/seed_2/k_mean_buckets/samples/avg_true_dominance_generation/all_settings_avg_true_dominance_generation_k3_n10_examples.csv,all_settings_avg_true_dominance_generation_k3_n10_examples,3,avg_true_dominance_generation,avg_true_dominance_generation_bucket_k3,1,3
10188,neutral_new,in_context_examples/llama/54_73/seed_2/k_mean_buckets/samples/avg_true_dominance_generation/all_settings_avg_true_dominance_generation_k3_n10_examples.csv,all_settings_avg_true_dominance_generation_k3_n10_examples,3,avg_true_dominance_generation,avg_true_dominance_generation_bucket_k3,1,1
10535,neutral_new,in_context_examples/llama/54_73/seed_2/k_mean_buckets/samples/avg_true_dominance_generation/all_settings_avg_true_dominance_generation_k3_n10_examples.csv,all_settings_avg_true_dominance_generation_k3_n10_examples,3,avg_true_dominance_generation,avg_true_dominance_generation_bucket_k3,3,3
10548,neutral_new,in_context_examples/llama/54_73/seed_2/k_mean_buckets/samples/avg_true_dominance_generation/all_settings_avg_true_dominance_generation_k3_n10_examples.csv,all_settings_avg_true_dominance_generation_k3_n10_examples,3,avg_true_dominance_generation,avg_true_dominance_generation_bucket_k3,3,3
10643,neutral_new,in_context_examples/llama/54_73/seed_2/k_mean_buckets/samples/avg_true_dominance_generation/all_settings_avg_true_dominance_generation_k3_n10_examples.csv,all_settings_avg_true_dominance_generation_k3_n10_examples,3,avg_true_dominance_generation,avg_true_dominance_generation_bucket_k3,3,3
10759,neutral_new,in_context_examples/llama/54_73/seed_2/k_mean_buckets/samples/avg_true_dominance_generation/all_settings_avg_true_dominance_generation_k3_n10_examples.csv,all_settings_avg_true_dominance_generation_k3_n10_examples,3,avg_true_dominance_generation,avg_true_dominance_generation_bucket_k3,3,2
10791,neutral_new,in_context_examples/llama/54_73/seed_2/k_mean_buckets/samples/avg_true_dominance_generation/all_settings_avg_true_dominance_generation_k3_n10_examples.csv,all_settings_avg_true_dominance_generation_k3_n10_examples,3,avg_true_dominance_generation,avg_true_dominance_generation_bucket_k3,2,2
10975,neutral_new,in_context_examples/llama/54_73/seed_2/k_mean_buckets/samples/avg_true_dominance_generation/all_settings_avg_true_dominance_generation_k3_n10_examples.csv,all_settings_avg_true_dominance_generation_k3_n10_examples,3,avg_true_dominance_generation,avg_true_dominance_generation_bucket_k3,1,3
10999,neutral_new,in_context_examples/llama/54_73/seed_2/k_mean_buckets/samples/avg_true_dominance_generation/all_settings_avg_true_dominance_generation_k3_n10_examples.csv,all_settings_avg_true_dominance_generation_k3_n10_examples,3,avg_true_dominance_generation,avg_true_dominance_generation_bucket_k3,2,3
11163,neutral_new,in_context_examples/llama/54_73/seed_2/k_mean_buckets/samples/avg_true_dominance_generation/all_settings_avg_true_dominance_generation_k3_n10_examples.csv,all_settings_avg_true_dominance_generation_k3_n10_examples,3,avg_true_dominance_generation,avg_true_dominance_generation_bucket_k3,3,3
11169,neutral_new,in_context_examples/llama/54_73/seed_2/k_mean_buckets/samples/avg_true_dominance_generation/all_settings_avg_true_dominance_generation_k3_n10_examples.csv,all_settings_avg_true_dominance_generation_k3_n10_examples,3,avg_true_dominance_generation,avg_true_dominance_generation_bucket_k3,3,2
11289,neutral_new,in_context_examples/llama/54_73/seed_2/k_mean_buckets/samples/avg_true_dominance_generation/all_settings_avg_true_dominance_generation_k3_n10_examples.csv,all_settings_avg_true_dominance_generation_k3_n10_examples,3,avg_true_dominance_generation,avg_true_dominance_generation_bucket_k3,2,3
11379,neutral_new,in_context_examples/llama/54_73/seed_2/k_mean_buckets/samples/avg_true_dominance_generation/all_settings_avg_true_dominance_generation_k3_n10_examples.csv,all_settings_avg_true_dominance_generation_k3_n10_examples,3,avg_true_dominance_generation,avg_true_dominance_generation_bucket_k3,2,3
11455,neutral_new,in_context_examples/llama/54_73/seed_2/k_mean_buckets/samples/avg_true_dominance_generation/all_settings_avg_true_dominance_generation_k3_n10_examples.csv,all_settings_avg_true_dominance_generation_k3_n10_examples,3,avg_true_dominance_generation,avg_true_dominance_generation_bucket_k3,1,2
11530,neutral_new,in_context_examples/llama/54_73/seed_2/k_mean_buckets/samples/avg_true_dominance_generation/all_settings_avg_true_dominance_generation_k3_n10_examples.csv,all_settings_avg_true_dominance_generation_k3_n10_examples,3,avg_true_dominance_generation,avg_true_dominance_generation_bucket_k3,3,2
11565,neutral_new,in_context_examples/llama/54_73/seed_2/k_mean_buckets/samples/avg_true_dominance_generation/all_settings_avg_true_dominance_generation_k3_n10_examples.csv,all_settings_avg_true_dominance_generation_k3_n10_examples,3,avg_true_dominance_generation,avg_true_dominance_generation_bucket_k3,2,2
11633,neutral_new,in_context_examples/llama/54_73/seed_2/k_mean_buckets/samples/avg_true_dominance_generation/all_settings_avg_true_dominance_generation_k3_n10_examples.csv,all_settings_avg_true_dominance_generation_k3_n10_examples,3,avg_true_dominance_generation,avg_true_dominance_generation_bucket_k3,2,1
11829,neutral_new,in_context_examples/llama/54_73/seed_2/k_mean_buckets/samples/avg_true_dominance_generation/all_settings_avg_true_dominance_generation_k3_n10_examples.csv,all_settings_avg_true_dominance_generation_k3_n10_examples,3,avg_true_dominance_generation,avg_true_dominance_generation_bucket_k3,3,2
11885,neutral_new,in_context_examples/llama/54_73/seed_2/k_mean_buckets/samples/avg_true_dominance_generation/all_settings_avg_true_dominance_generation_k3_n10_examples.csv,all_settings_avg_true_dominance_generation_k3_n10_examples,3,avg_true_dominance_generation,avg_true_dominance_generation_bucket_k3,3,3
11915,neutral_new,in_context_examples/llama/54_73/seed_2/k_mean_buckets/samples/avg_true_dominance_generation/all_settings_avg_true_dominance_generation_k3_n10_examples.csv,all_settings_avg_true_dominance_generation_k3_n10_examples,3,avg_true_dominance_generation,avg_true_dominance_generation_bucket_k3,2,2
11934,neutral_new,in_context_examples/llama/54_73/seed_2/k_mean_buckets/samples/avg_true_dominance_generation/all_settings_avg_true_dominance_generation_k3_n10_examples.csv,all_settings_avg_true_dominance_generation_k3_n10_examples,3,avg_true_dominance_generation,avg_true_dominance_generation_bucket_k3,1,1
11976,neutral_new,in_context_examples/llama/54_73/seed_2/k_mean_buckets/samples/avg_true_dominance_generation/all_settings_avg_true_dominance_generation_k3_n10_examples.csv,all_settings_avg_true_dominance_generation_k3_n10_examples,3,avg_true_dominance_generation,avg_true_dominance_generation_bucket_k3,2,2
12148,neutral_new,in_context_examples/llama/54_73/seed_2/k_mean_buckets/samples/avg_true_dominance_generation/all_settings_avg_true_dominance_generation_k3_n10_examples.csv,all_settings_avg_true_dominance_generation_k3_n10_examples,3,avg_true_dominance_generation,avg_true_dominance_generation_bucket_k3,3,3
12275,neutral_new,in_context_examples/llama/54_73/seed_2/k_mean_buckets/samples/avg_true_dominance_generation/all_settings_avg_true_dominance_generation_k3_n10_examples.csv,all_settings_avg_true_dominance_generation_k3_n10_examples,3,avg_true_dominance_generation,avg_true_dominance_generation_bucket_k3,3,2
12412,neutral_new,in_context_examples/llama/54_73/seed_2/k_mean_buckets/samples/avg_true_dominance_generation/all_settings_avg_true_dominance_generation_k3_n10_examples.csv,all_settings_avg_true_dominance_generation_k3_n10_examples,3,avg_true_dominance_generation,avg_true_dominance_generation_bucket_k3,2,2
12458,neutral_new,in_context_examples/llama/54_73/seed_2/k_mean_buckets/samples/avg_true_dominance_generation/all_settings_avg_true_dominance_generation_k3_n10_examples.csv,all_settings_avg_true_dominance_generation_k3_n10_examples,3,avg_true_dominance_generation,avg_true_dominance_generation_bucket_k3,1,1
12527,neutral_new,in_context_examples/llama/54_73/seed_2/k_mean_buckets/samples/avg_true_dominance_generation/all_settings_avg_true_dominance_generation_k3_n10_examples.csv,all_settings_avg_true_dominance_generation_k3_n10_examples,3,avg_true_dominance_generation,avg_true_dominance_generation_bucket_k3,1,1
12592,neutral_new,in_context_examples/llama/54_73/seed_2/k_mean_buckets/samples/avg_true_dominance_generation/all_settings_avg_true_dominance_generation_k3_n10_examples.csv,all_settings_avg_true_dominance_generation_k3_n10_examples,3,avg_true_dominance_generation,avg_true_dominance_generation_bucket_k3,2,1
12654,neutral_new,in_context_examples/llama/54_73/seed_2/k_mean_buckets/samples/avg_true_dominance_generation/all_settings_avg_true_dominance_generation_k3_n10_examples.csv,all_settings_avg_true_dominance_generation_k3_n10_examples,3,avg_true_dominance_generation,avg_true_dominance_generation_bucket_k3,3,2
12687,neutral_new,in_context_examples/llama/54_73/seed_2/k_mean_buckets/samples/avg_true_dominance_generation/all_settings_avg_true_dominance_generation_k3_n10_examples.csv,all_settings_avg_true_dominance_generation_k3_n10_examples,3,avg_true_dominance_generation,avg_true_dominance_generation_bucket_k3,2,1
12742,neutral_new,in_context_examples/llama/54_73/seed_2/k_mean_buckets/samples/avg_true_dominance_generation/all_settings_avg_true_dominance_generation_k3_n10_examples.csv,all_settings_avg_true_dominance_generation_k3_n10_examples,3,avg_true_dominance_generation,avg_true_dominance_generation_bucket_k3,3,3
12809,neutral_new,in_context_examples/llama/54_73/seed_2/k_mean_buckets/samples/avg_true_dominance_generation/all_settings_avg_true_dominance_generation_k3_n10_examples.csv,all_settings_avg_true_dominance_generation_k3_n10_examples,3,avg_true_dominance_generation,avg_true_dominance_generation_bucket_k3,1,1
12892,neutral_new,in_context_examples/llama/54_73/seed_2/k_mean_buckets/samples/avg_true_dominance_generation/all_settings_avg_true_dominance_generation_k3_n10_examples.csv,all_settings_avg_true_dominance_generation_k3_n10_examples,3,avg_true_dominance_generation,avg_true_dominance_generation_bucket_k3,3,3
13013,neutral_new,in_context_examples/llama/54_73/seed_2/k_mean_buckets/samples/avg_true_dominance_generation/all_settings_avg_true_dominance_generation_k3_n10_examples.csv,all_settings_avg_true_dominance_generation_k3_n10_examples,3,avg_true_dominance_generation,avg_true_dominance_generation_bucket_k3,3,3
13198,neutral_new,in_context_examples/llama/54_73/seed_2/k_mean_buckets/samples/avg_true_dominance_generation/all_settings_avg_true_dominance_generation_k3_n10_examples.csv,all_settings_avg_true_dominance_generation_k3_n10_examples,3,avg_true_dominance_generation,avg_true_dominance_generation_bucket_k3,3,2
13344,neutral_new,in_context_examples/llama/54_73/seed_2/k_mean_buckets/samples/avg_true_dominance_generation/all_settings_avg_true_dominance_generation_k3_n10_examples.csv,all_settings_avg_true_dominance_generation_k3_n10_examples,3,avg_true_dominance_generation,avg_true_dominance_generation_bucket_k3,3,3
13359,neutral_new,in_context_examples/llama/54_73/seed_2/k_mean_buckets/samples/avg_true_dominance_generation/all_settings_avg_true_dominance_generation_k3_n10_examples.csv,all_settings_avg_true_dominance_generation_k3_n10_examples,3,avg_true_dominance_generation,avg_true_dominance_generation_bucket_k3,1,3
13693,neutral_new,in_context_examples/llama/54_73/seed_2/k_mean_buckets/samples/avg_true_dominance_generation/all_settings_avg_true_dominance_generation_k3_n10_examples.csv,all_settings_avg_true_dominance_generation_k3_n10_examples,3,avg_true_dominance_generation,avg_true_dominance_generation_bucket_k3,1,2
13694,neutral_new,in_context_examples/llama/54_73/seed_2/k_mean_buckets/samples/avg_true_dominance_generation/all_settings_avg_true_dominance_generation_k3_n10_examples.csv,all_settings_avg_true_dominance_generation_k3_n10_examples,3,avg_true_dominance_generation,avg_true_dominance_generation_bucket_k3,3,2
13702,neutral_new,in_context_examples/llama/54_73/seed_2/k_mean_buckets/samples/avg_true_dominance_generation/all_settings_avg_true_dominance_generation_k3_n10_examples.csv,all_settings_avg_true_dominance_generation_k3_n10_examples,3,avg_true_dominance_generation,avg_true_dominance_generation_bucket_k3,3,2
13840,neutral_new,in_context_examples/llama/54_73/seed_2/k_mean_buckets/samples/avg_true_dominance_generation/all_settings_avg_true_dominance_generation_k3_n10_examples.csv,all_settings_avg_true_dominance_generation_k3_n10_examples,3,avg_true_dominance_generation,avg_true_dominance_generation_bucket_k3,3,3
14028,neutral_new,in_context_examples/llama/54_73/seed_2/k_mean_buckets/samples/avg_true_dominance_generation/all_settings_avg_true_dominance_generation_k3_n10_examples.csv,all_settings_avg_true_dominance_generation_k3_n10_examples,3,avg_true_dominance_generation,avg_true_dominance_generation_bucket_k3,3,2
14031,neutral_new,in_context_examples/llama/54_73/seed_2/k_mean_buckets/samples/avg_true_dominance_generation/all_settings_avg_true_dominance_generation_k3_n10_examples.csv,all_settings_avg_true_dominance_generation_k3_n10_examples,3,avg_true_dominance_generation,avg_true_dominance_generation_bucket_k3,1,2
14079,neutral_new,in_context_examples/llama/54_73/seed_2/k_mean_buckets/samples/avg_true_dominance_generation/all_settings_avg_true_dominance_generation_k3_n10_examples.csv,all_settings_avg_true_dominance_generation_k3_n10_examples,3,avg_true_dominance_generation,avg_true_dominance_generation_bucket_k3,3,2
14130,neutral_new,in_context_examples/llama/54_73/seed_2/k_mean_buckets/samples/avg_true_dominance_generation/all_settings_avg_true_dominance_generation_k3_n10_examples.csv,all_settings_avg_true_dominance_generation_k3_n10_examples,3,avg_true_dominance_generation,avg_true_dominance_generation_bucket_k3,3,2
14226,neutral_new,in_context_examples/llama/54_73/seed_2/k_mean_buckets/samples/avg_true_dominance_generation/all_settings_avg_true_dominance_generation_k3_n10_examples.csv,all_settings_avg_true_dominance_generation_k3_n10_examples,3,avg_true_dominance_generation,avg_true_dominance_generation_bucket_k3,2,2
14264,neutral_new,in_context_examples/llama/54_73/seed_2/k_mean_buckets/samples/avg_true_dominance_generation/all_settings_avg_true_dominance_generation_k3_n10_examples.csv,all_settings_avg_true_dominance_generation_k3_n10_examples,3,avg_true_dominance_generation,avg_true_dominance_generation_bucket_k3,2,2
14282,neutral_new,in_context_examples/llama/54_73/seed_2/k_mean_buckets/samples/avg_true_dominance_generation/all_settings_avg_true_dominance_generation_k3_n10_examples.csv,all_settings_avg_true_dominance_generation_k3_n10_examples,3,avg_true_dominance_generation,avg_true_dominance_generation_bucket_k3,2,3
14345,neutral_new,in_context_examples/llama/54_73/seed_2/k_mean_buckets/samples/avg_true_dominance_generation/all_settings_avg_true_dominance_generation_k3_n10_examples.csv,all_settings_avg_true_dominance_generation_k3_n10_examples,3,avg_true_dominance_generation,avg_true_dominance_generation_bucket_k3,2,3
14444,neutral_new,in_context_examples/llama/54_73/seed_2/k_mean_buckets/samples/avg_true_dominance_generation/all_settings_avg_true_dominance_generation_k3_n10_examples.csv,all_settings_avg_true_dominance_generation_k3_n10_examples,3,avg_true_dominance_generation,avg_true_dominance_generation_bucket_k3,3,2
14527,neutral_new,in_context_examples/llama/54_73/seed_2/k_mean_buckets/samples/avg_true_dominance_generation/all_settings_avg_true_dominance_generation_k3_n10_examples.csv,all_settings_avg_true_dominance_generation_k3_n10_examples,3,avg_true_dominance_generation,avg_true_dominance_generation_bucket_k3,1,1
14571,neutral_new,in_context_examples/llama/54_73/seed_2/k_mean_buckets/samples/avg_true_dominance_generation/all_settings_avg_true_dominance_generation_k3_n10_examples.csv,all_settings_avg_true_dominance_generation_k3_n10_examples,3,avg_true_dominance_generation,avg_true_dominance_generation_bucket_k3,2,2
14663,neutral_new,in_context_examples/llama/54_73/seed_2/k_mean_buckets/samples/avg_true_dominance_generation/all_settings_avg_true_dominance_generation_k3_n10_examples.csv,all_settings_avg_true_dominance_generation_k3_n10_examples,3,avg_true_dominance_generation,avg_true_dominance_generation_bucket_k3,2,2
14746,neutral_new,in_context_examples/llama/54_73/seed_2/k_mean_buckets/samples/avg_true_dominance_generation/all_settings_avg_true_dominance_generation_k3_n10_examples.csv,all_settings_avg_true_dominance_generation_k3_n10_examples,3,avg_true_dominance_generation,avg_true_dominance_generation_bucket_k3,1,1
14795,neutral_new,in_context_examples/llama/54_73/seed_2/k_mean_buckets/samples/avg_true_dominance_generation/all_settings_avg_true_dominance_generation_k3_n10_examples.csv,all_settings_avg_true_dominance_generation_k3_n10_examples,3,avg_true_dominance_generation,avg_true_dominance_generation_bucket_k3,1,3
14829,neutral_new,in_context_examples/llama/54_73/seed_2/k_mean_buckets/samples/avg_true_dominance_generation/all_settings_avg_true_dominance_generation_k3_n10_examples.csv,all_settings_avg_true_dominance_generation_k3_n10_examples,3,avg_true_dominance_generation,avg_true_dominance_generation_bucket_k3,1,2
14911,neutral_new,in_context_examples/llama/54_73/seed_2/k_mean_buckets/samples/avg_true_dominance_generation/all_settings_avg_true_dominance_generation_k3_n10_examples.csv,all_settings_avg_true_dominance_generation_k3_n10_examples,3,avg_true_dominance_generation,avg_true_dominance_generation_bucket_k3,2,2
14953,neutral_new,in_context_examples/llama/54_73/seed_2/k_mean_buckets/samples/avg_true_dominance_generation/all_settings_avg_true_dominance_generation_k3_n10_examples.csv,all_settings_avg_true_dominance_generation_k3_n10_examples,3,avg_true_dominance_generation,avg_true_dominance_generation_bucket_k3,3,2
15127,neutral_new,in_context_examples/llama/54_73/seed_2/k_mean_buckets/samples/avg_true_dominance_generation/all_settings_avg_true_dominance_generation_k3_n10_examples.csv,all_settings_avg_true_dominance_generation_k3_n10_examples,3,avg_true_dominance_generation,avg_true_dominance_generation_bucket_k3,3,2
15322,neutral_new,in_context_examples/llama/54_73/seed_2/k_mean_buckets/samples/avg_true_dominance_generation/all_settings_avg_true_dominance_generation_k3_n10_examples.csv,all_settings_avg_true_dominance_generation_k3_n10_examples,3,avg_true_dominance_generation,avg_true_dominance_generation_bucket_k3,3,3
15388,neutral_new,in_context_examples/llama/54_73/seed_2/k_mean_buckets/samples/avg_true_dominance_generation/all_settings_avg_true_dominance_generation_k3_n10_examples.csv,all_settings_avg_true_dominance_generation_k3_n10_examples,3,avg_true_dominance_generation,avg_true_dominance_generation_bucket_k3,3,3
15471,neutral_new,in_context_examples/llama/54_73/seed_2/k_mean_buckets/samples/avg_true_dominance_generation/all_settings_avg_true_dominance_generation_k3_n10_examples.csv,all_settings_avg_true_dominance_generation_k3_n10_examples,3,avg_true_dominance_generation,avg_true_dominance_generation_bucket_k3,3,3
15508,neutral_new,in_context_examples/llama/54_73/seed_2/k_mean_buckets/samples/avg_true_dominance_generation/all_settings_avg_true_dominance_generation_k3_n10_examples.csv,all_settings_avg_true_dominance_generation_k3_n10_examples,3,avg_true_dominance_generation,avg_true_dominance_generation_bucket_k3,3,3
15521,neutral_new,in_context_examples/llama/54_73/seed_2/k_mean_buckets/samples/avg_true_dominance_generation/all_settings_avg_true_dominance_generation_k3_n10_examples.csv,all_settings_avg_true_dominance_generation_k3_n10_examples,3,avg_true_dominance_generation,avg_true_dominance_generation_bucket_k3,1,2
15572,neutral_new,in_context_examples/llama/54_73/seed_2/k_mean_buckets/samples/avg_true_dominance_generation/all_settings_avg_true_dominance_generation_k3_n10_examples.csv,all_settings_avg_true_dominance_generation_k3_n10_examples,3,avg_true_dominance_generation,avg_true_dominance_generation_bucket_k3,2,3
15584,neutral_new,in_context_examples/llama/54_73/seed_2/k_mean_buckets/samples/avg_true_dominance_generation/all_settings_avg_true_dominance_generation_k3_n10_examples.csv,all_settings_avg_true_dominance_generation_k3_n10_examples,3,avg_true_dominance_generation,avg_true_dominance_generation_bucket_k3,1,2
15669,neutral_new,in_context_examples/llama/54_73/seed_2/k_mean_buckets/samples/avg_true_dominance_generation/all_settings_avg_true_dominance_generation_k3_n10_examples.csv,all_settings_avg_true_dominance_generation_k3_n10_examples,3,avg_true_dominance_generation,avg_true_dominance_generation_bucket_k3,2,1
15703,neutral_new,in_context_examples/llama/54_73/seed_2/k_mean_buckets/samples/avg_true_dominance_generation/all_settings_avg_true_dominance_generation_k3_n10_examples.csv,all_settings_avg_true_dominance_generation_k3_n10_examples,3,avg_true_dominance_generation,avg_true_dominance_generation_bucket_k3,3,3
15777,neutral_new,in_context_examples/llama/54_73/seed_2/k_mean_buckets/samples/avg_true_dominance_generation/all_settings_avg_true_dominance_generation_k3_n10_examples.csv,all_settings_avg_true_dominance_generation_k3_n10_examples,3,avg_true_dominance_generation,avg_true_dominance_generation_bucket_k3,3,3
15846,neutral_new,in_context_examples/llama/54_73/seed_2/k_mean_buckets/samples/avg_true_dominance_generation/all_settings_avg_true_dominance_generation_k3_n10_examples.csv,all_settings_avg_true_dominance_generation_k3_n10_examples,3,avg_true_dominance_generation,avg_true_dominance_generation_bucket_k3,3,3
15853,neutral_new,in_context_examples/llama/54_73/seed_2/k_mean_buckets/samples/avg_true_dominance_generation/all_settings_avg_true_dominance_generation_k3_n10_examples.csv,all_settings_avg_true_dominance_generation_k3_n10_examples,3,avg_true_dominance_generation,avg_true_dominance_generation_bucket_k3,3,1
15861,neutral_new,in_context_examples/llama/54_73/seed_2/k_mean_buckets/samples/avg_true_dominance_generation/all_settings_avg_true_dominance_generation_k3_n10_examples.csv,all_settings_avg_true_dominance_generation_k3_n10_examples,3,avg_true_dominance_generation,avg_true_dominance_generation_bucket_k3,3,3
16061,neutral_new,in_context_examples/llama/54_73/seed_2/k_mean_buckets/samples/avg_true_dominance_generation/all_settings_avg_true_dominance_generation_k3_n10_examples.csv,all_settings_avg_true_dominance_generation_k3_n10_examples,3,avg_true_dominance_generation,avg_true_dominance_generation_bucket_k3,1,1
16149,neutral_new,in_context_examples/llama/54_73/seed_2/k_mean_buckets/samples/avg_true_dominance_generation/all_settings_avg_true_dominance_generation_k3_n10_examples.csv,all_settings_avg_true_dominance_generation_k3_n10_examples,3,avg_true_dominance_generation,avg_true_dominance_generation_bucket_k3,1,1
16204,neutral_new,in_context_examples/llama/54_73/seed_2/k_mean_buckets/samples/avg_true_dominance_generation/all_settings_avg_true_dominance_generation_k3_n10_examples.csv,all_settings_avg_true_dominance_generation_k3_n10_examples,3,avg_true_dominance_generation,avg_true_dominance_generation_bucket_k3,3,2
16208,neutral_new,in_context_examples/llama/54_73/seed_2/k_mean_buckets/samples/avg_true_dominance_generation/all_settings_avg_true_dominance_generation_k3_n10_examples.csv,all_settings_avg_true_dominance_generation_k3_n10_examples,3,avg_true_dominance_generation,avg_true_dominance_generation_bucket_k3,1,1
16260,neutral_new,in_context_examples/llama/54_73/seed_2/k_mean_buckets/samples/avg_true_dominance_generation/all_settings_avg_true_dominance_generation_k3_n10_examples.csv,all_settings_avg_true_dominance_generation_k3_n10_examples,3,avg_true_dominance_generation,avg_true_dominance_generation_bucket_k3,3,2
16301,neutral_new,in_context_examples/llama/54_73/seed_2/k_mean_buckets/samples/avg_true_dominance_generation/all_settings_avg_true_dominance_generation_k3_n10_examples.csv,all_settings_avg_true_dominance_generation_k3_n10_examples,3,avg_true_dominance_generation,avg_true_dominance_generation_bucket_k3,3,3
16395,neutral_new,in_context_examples/llama/54_73/seed_2/k_mean_buckets/samples/avg_true_dominance_generation/all_settings_avg_true_dominance_generation_k3_n10_examples.csv,all_settings_avg_true_dominance_generation_k3_n10_examples,3,avg_true_dominance_generation,avg_true_dominance_generation_bucket_k3,3,3
16465,neutral_new,in_context_examples/llama/54_73/seed_2/k_mean_buckets/samples/avg_true_dominance_generation/all_settings_avg_true_dominance_generation_k3_n10_examples.csv,all_settings_avg_true_dominance_generation_k3_n10_examples,3,avg_true_dominance_generation,avg_true_dominance_generation_bucket_k3,1,1
16591,neutral_new,in_context_examples/llama/54_73/seed_2/k_mean_buckets/samples/avg_true_dominance_generation/all_settings_avg_true_dominance_generation_k3_n10_examples.csv,all_settings_avg_true_dominance_generation_k3_n10_examples,3,avg_true_dominance_generation,avg_true_dominance_generation_bucket_k3,1,2
16619,neutral_new,in_context_examples/llama/54_73/seed_2/k_mean_buckets/samples/avg_true_dominance_generation/all_settings_avg_true_dominance_generation_k3_n10_examples.csv,all_settings_avg_true_dominance_generation_k3_n10_examples,3,avg_true_dominance_generation,avg_true_dominance_generation_bucket_k3,2,3
16716,neutral_new,in_context_examples/llama/54_73/seed_2/k_mean_buckets/samples/avg_true_dominance_generation/all_settings_avg_true_dominance_generation_k3_n10_examples.csv,all_settings_avg_true_dominance_generation_k3_n10_examples,3,avg_true_dominance_generation,avg_true_dominance_generation_bucket_k3,2,3
16778,neutral_new,in_context_examples/llama/54_73/seed_2/k_mean_buckets/samples/avg_true_dominance_generation/all_settings_avg_true_dominance_generation_k3_n10_examples.csv,all_settings_avg_true_dominance_generation_k3_n10_examples,3,avg_true_dominance_generation,avg_true_dominance_generation_bucket_k3,3,2
16962,neutral_new,in_context_examples/llama/54_73/seed_2/k_mean_buckets/samples/avg_true_dominance_generation/all_settings_avg_true_dominance_generation_k3_n10_examples.csv,all_settings_avg_true_dominance_generation_k3_n10_examples,3,avg_true_dominance_generation,avg_true_dominance_generation_bucket_k3,1,1
16988,neutral_new,in_context_examples/llama/54_73/seed_2/k_mean_buckets/samples/avg_true_dominance_generation/all_settings_avg_true_dominance_generation_k3_n10_examples.csv,all_settings_avg_true_dominance_generation_k3_n10_examples,3,avg_true_dominance_generation,avg_true_dominance_generation_bucket_k3,3,1
16994,neutral_new,in_context_examples/llama/54_73/seed_2/k_mean_buckets/samples/avg_true_dominance_generation/all_settings_avg_true_dominance_generation_k3_n10_examples.csv,all_settings_avg_true_dominance_generation_k3_n10_examples,3,avg_true_dominance_generation,avg_true_dominance_generation_bucket_k3,3,3
17016,neutral_new,in_context_examples/llama/54_73/seed_2/k_mean_buckets/samples/avg_true_dominance_generation/all_settings_avg_true_dominance_generation_k3_n10_examples.csv,all_settings_avg_true_dominance_generation_k3_n10_examples,3,avg_true_dominance_generation,avg_true_dominance_generation_bucket_k3,3,2
17093,neutral_new,in_context_examples/llama/54_73/seed_2/k_mean_buckets/samples/avg_true_dominance_generation/all_settings_avg_true_dominance_generation_k3_n10_examples.csv,all_settings_avg_true_dominance_generation_k3_n10_examples,3,avg_true_dominance_generation,avg_true_dominance_generation_bucket_k3,1,1
17204,neutral_new,in_context_examples/llama/54_73/seed_2/k_mean_buckets/samples/avg_true_dominance_generation/all_settings_avg_true_dominance_generation_k3_n10_examples.csv,all_settings_avg_true_dominance_generation_k3_n10_examples,3,avg_true_dominance_generation,avg_true_dominance_generation_bucket_k3,3,3
17213,neutral_new,in_context_examples/llama/54_73/seed_2/k_mean_buckets/samples/avg_true_dominance_generation/all_settings_avg_true_dominance_generation_k3_n10_examples.csv,all_settings_avg_true_dominance_generation_k3_n10_examples,3,avg_true_dominance_generation,avg_true_dominance_generation_bucket_k3,3,2
17328,neutral_new,in_context_examples/llama/54_73/seed_2/k_mean_buckets/samples/avg_true_dominance_generation/all_settings_avg_true_dominance_generation_k3_n10_examples.csv,all_settings_avg_true_dominance_generation_k3_n10_examples,3,avg_true_dominance_generation,avg_true_dominance_generation_bucket_k3,3,2
17365,neutral_new,in_context_examples/llama/54_73/seed_2/k_mean_buckets/samples/avg_true_dominance_generation/all_settings_avg_true_dominance_generation_k3_n10_examples.csv,all_settings_avg_true_dominance_generation_k3_n10_examples,3,avg_true_dominance_generation,avg_true_dominance_generation_bucket_k3,3,2
17370,neutral_new,in_context_examples/llama/54_73/seed_2/k_mean_buckets/samples/avg_true_dominance_generation/all_settings_avg_true_dominance_generation_k3_n10_examples.csv,all_settings_avg_true_dominance_generation_k3_n10_examples,3,avg_true_dominance_generation,avg_true_dominance_generation_bucket_k3,2,3
17460,neutral_new,in_context_examples/llama/54_73/seed_2/k_mean_buckets/samples/avg_true_dominance_generation/all_settings_avg_true_dominance_generation_k3_n10_examples.csv,all_settings_avg_true_dominance_generation_k3_n10_examples,3,avg_true_dominance_generation,avg_true_dominance_generation_bucket_k3,3,2
17495,neutral_new,in_context_examples/llama/54_73/seed_2/k_mean_buckets/samples/avg_true_dominance_generation/all_settings_avg_true_dominance_generation_k3_n10_examples.csv,all_settings_avg_true_dominance_generation_k3_n10_examples,3,avg_true_dominance_generation,avg_true_dominance_generation_bucket_k3,3,2
17748,neutral_new,in_context_examples/llama/54_73/seed_2/k_mean_buckets/samples/avg_true_dominance_generation/all_settings_avg_true_dominance_generation_k3_n10_examples.csv,all_settings_avg_true_dominance_generation_k3_n10_examples,3,avg_true_dominance_generation,avg_true_dominance_generation_bucket_k3,1,3
17844,neutral_new,in_context_examples/llama/54_73/seed_2/k_mean_buckets/samples/avg_true_dominance_generation/all_settings_avg_true_dominance_generation_k3_n10_examples.csv,all_settings_avg_true_dominance_generation_k3_n10_examples,3,avg_true_dominance_generation,avg_true_dominance_generation_bucket_k3,2,2
17902,neutral_new,in_context_examples/llama/54_73/seed_2/k_mean_buckets/samples/avg_true_dominance_generation/all_settings_avg_true_dominance_generation_k3_n10_examples.csv,all_settings_avg_true_dominance_generation_k3_n10_examples,3,avg_true_dominance_generation,avg_true_dominance_generation_bucket_k3,2,2
17939,neutral_new,in_context_examples/llama/54_73/seed_2/k_mean_buckets/samples/avg_true_dominance_generation/all_settings_avg_true_dominance_generation_k3_n10_examples.csv,all_settings_avg_true_dominance_generation_k3_n10_examples,3,avg_true_dominance_generation,avg_true_dominance_generation_bucket_k3,3,3
17945,neutral_new,in_context_examples/llama/54_73/seed_2/k_mean_buckets/samples/avg_true_dominance_generation/all_settings_avg_true_dominance_generation_k3_n10_examples.csv,all_settings_avg_true_dominance_generation_k3_n10_examples,3,avg_true_dominance_generation,avg_true_dominance_generation_bucket_k3,3,2
18122,neutral_new,in_context_examples/llama/54_73/seed_2/k_mean_buckets/samples/avg_true_dominance_generation/all_settings_avg_true_dominance_generation_k3_n10_examples.csv,all_settings_avg_true_dominance_generation_k3_n10_examples,3,avg_true_dominance_generation,avg_true_dominance_generation_bucket_k3,1,3
18274,neutral_new,in_context_examples/llama/54_73/seed_2/k_mean_buckets/samples/avg_true_dominance_generation/all_settings_avg_true_dominance_generation_k3_n10_examples.csv,all_settings_avg_true_dominance_generation_k3_n10_examples,3,avg_true_dominance_generation,avg_true_dominance_generation_bucket_k3,1,1
18327,neutral_new,in_context_examples/llama/54_73/seed_2/k_mean_buckets/samples/avg_true_dominance_generation/all_settings_avg_true_dominance_generation_k3_n10_examples.csv,all_settings_avg_true_dominance_generation_k3_n10_examples,3,avg_true_dominance_generation,avg_true_dominance_generation_bucket_k3,2,3
18449,neutral_new,in_context_examples/llama/54_73/seed_2/k_mean_buckets/samples/avg_true_dominance_generation/all_settings_avg_true_dominance_generation_k3_n10_examples.csv,all_settings_avg_true_dominance_generation_k3_n10_examples,3,avg_true_dominance_generation,avg_true_dominance_generation_bucket_k3,1,1
18469,neutral_new,in_context_examples/llama/54_73/seed_2/k_mean_buckets/samples/avg_true_dominance_generation/all_settings_avg_true_dominance_generation_k3_n10_examples.csv,all_settings_avg_true_dominance_generation_k3_n10_examples,3,avg_true_dominance_generation,avg_true_dominance_generation_bucket_k3,1,2
18501,neutral_new,in_context_examples/llama/54_73/seed_2/k_mean_buckets/samples/avg_true_dominance_generation/all_settings_avg_true_dominance_generation_k3_n10_examples.csv,all_settings_avg_true_dominance_generation_k3_n10_examples,3,avg_true_dominance_generation,avg_true_dominance_generation_bucket_k3,2,1
18503,neutral_new,in_context_examples/llama/54_73/seed_2/k_mean_buckets/samples/avg_true_dominance_generation/all_settings_avg_true_dominance_generation_k3_n10_examples.csv,all_settings_avg_true_dominance_generation_k3_n10_examples,3,avg_true_dominance_generation,avg_true_dominance_generation_bucket_k3,1,3
18530,neutral_new,in_context_examples/llama/54_73/seed_2/k_mean_buckets/samples/avg_true_dominance_generation/all_settings_avg_true_dominance_generation_k3_n10_examples.csv,all_settings_avg_true_dominance_generation_k3_n10_examples,3,avg_true_dominance_generation,avg_true_dominance_generation_bucket_k3,2,2
18603,neutral_new,in_context_examples/llama/54_73/seed_2/k_mean_buckets/samples/avg_true_dominance_generation/all_settings_avg_true_dominance_generation_k3_n10_examples.csv,all_settings_avg_true_dominance_generation_k3_n10_examples,3,avg_true_dominance_generation,avg_true_dominance_generation_bucket_k3,3,3
18904,neutral_new,in_context_examples/llama/54_73/seed_2/k_mean_buckets/samples/avg_true_dominance_generation/all_settings_avg_true_dominance_generation_k3_n10_examples.csv,all_settings_avg_true_dominance_generation_k3_n10_examples,3,avg_true_dominance_generation,avg_true_dominance_generation_bucket_k3,1,3
18970,neutral_new,in_context_examples/llama/54_73/seed_2/k_mean_buckets/samples/avg_true_dominance_generation/all_settings_avg_true_dominance_generation_k3_n10_examples.csv,all_settings_avg_true_dominance_generation_k3_n10_examples,3,avg_true_dominance_generation,avg_true_dominance_generation_bucket_k3,2,2
19050,neutral_new,in_context_examples/llama/54_73/seed_2/k_mean_buckets/samples/avg_true_dominance_generation/all_settings_avg_true_dominance_generation_k3_n10_examples.csv,all_settings_avg_true_dominance_generation_k3_n10_examples,3,avg_true_dominance_generation,avg_true_dominance_generation_bucket_k3,1,1
19334,neutral_new,in_context_examples/llama/54_73/seed_2/k_mean_buckets/samples/avg_true_dominance_generation/all_settings_avg_true_dominance_generation_k3_n10_examples.csv,all_settings_avg_true_dominance_generation_k3_n10_examples,3,avg_true_dominance_generation,avg_true_dominance_generation_bucket_k3,2,3
19366,neutral_new,in_context_examples/llama/54_73/seed_2/k_mean_buckets/samples/avg_true_dominance_generation/all_settings_avg_true_dominance_generation_k3_n10_examples.csv,all_settings_avg_true_dominance_generation_k3_n10_examples,3,avg_true_dominance_generation,avg_true_dominance_generation_bucket_k3,3,2
19399,neutral_new,in_context_examples/llama/54_73/seed_2/k_mean_buckets/samples/avg_true_dominance_generation/all_settings_avg_true_dominance_generation_k3_n10_examples.csv,all_settings_avg_true_dominance_generation_k3_n10_examples,3,avg_true_dominance_generation,avg_true_dominance_generation_bucket_k3,3,3
19583,neutral_new,in_context_examples/llama/54_73/seed_2/k_mean_buckets/samples/avg_true_dominance_generation/all_settings_avg_true_dominance_generation_k3_n10_examples.csv,all_settings_avg_true_dominance_generation_k3_n10_examples,3,avg_true_dominance_generation,avg_true_dominance_generation_bucket_k3,1,2
19588,neutral_new,in_context_examples/llama/54_73/seed_2/k_mean_buckets/samples/avg_true_dominance_generation/all_settings_avg_true_dominance_generation_k3_n10_examples.csv,all_settings_avg_true_dominance_generation_k3_n10_examples,3,avg_true_dominance_generation,avg_true_dominance_generation_bucket_k3,3,3
19776,neutral_new,in_context_examples/llama/54_73/seed_2/k_mean_buckets/samples/avg_true_dominance_generation/all_settings_avg_true_dominance_generation_k3_n10_examples.csv,all_settings_avg_true_dominance_generation_k3_n10_examples,3,avg_true_dominance_generation,avg_true_dominance_generation_bucket_k3,1,1
19835,neutral_new,in_context_examples/llama/54_73/seed_2/k_mean_buckets/samples/avg_true_dominance_generation/all_settings_avg_true_dominance_generation_k3_n10_examples.csv,all_settings_avg_true_dominance_generation_k3_n10_examples,3,avg_true_dominance_generation,avg_true_dominance_generation_bucket_k3,2,2
19902,neutral_new,in_context_examples/llama/54_73/seed_2/k_mean_buckets/samples/avg_true_dominance_generation/all_settings_avg_true_dominance_generation_k3_n10_examples.csv,all_settings_avg_true_dominance_generation_k3_n10_examples,3,avg_true_dominance_generation,avg_true_dominance_generation_bucket_k3,3,3
19904,neutral_new,in_context_examples/llama/54_73/seed_2/k_mean_buckets/samples/avg_true_dominance_generation/all_settings_avg_true_dominance_generation_k3_n10_examples.csv,all_settings_avg_true_dominance_generation_k3_n10_examples,3,avg_true_dominance_generation,avg_true_dominance_generation_bucket_k3,2,2
19981,neutral_new,in_context_examples/llama/54_73/seed_2/k_mean_buckets/samples/avg_true_dominance_generation/all_settings_avg_true_dominance_generation_k3_n10_examples.csv,all_settings_avg_true_dominance_generation_k3_n10_examples,3,avg_true_dominance_generation,avg_true_dominance_generation_bucket_k3,3,3
20087,neutral_new,in_context_examples/llama/54_73/seed_2/k_mean_buckets/samples/avg_true_dominance_generation/all_settings_avg_true_dominance_generation_k3_n10_examples.csv,all_settings_avg_true_dominance_generation_k3_n10_examples,3,avg_true_dominance_generation,avg_true_dominance_generation_bucket_k3,1,1
20186,neutral_new,in_context_examples/llama/54_73/seed_2/k_mean_buckets/samples/avg_true_dominance_generation/all_settings_avg_true_dominance_generation_k3_n10_examples.csv,all_settings_avg_true_dominance_generation_k3_n10_examples,3,avg_true_dominance_generation,avg_true_dominance_generation_bucket_k3,1,2
20410,neutral_new,in_context_examples/llama/54_73/seed_2/k_mean_buckets/samples/avg_true_dominance_generation/all_settings_avg_true_dominance_generation_k3_n10_examples.csv,all_settings_avg_true_dominance_generation_k3_n10_examples,3,avg_true_dominance_generation,avg_true_dominance_generation_bucket_k3,3,3
20601,neutral_new,in_context_examples/llama/54_73/seed_2/k_mean_buckets/samples/avg_true_dominance_generation/all_settings_avg_true_dominance_generation_k3_n10_examples.csv,all_settings_avg_true_dominance_generation_k3_n10_examples,3,avg_true_dominance_generation,avg_true_dominance_generation_bucket_k3,1,2
20756,neutral_new,in_context_examples/llama/54_73/seed_2/k_mean_buckets/samples/avg_true_dominance_generation/all_settings_avg_true_dominance_generation_k3_n10_examples.csv,all_settings_avg_true_dominance_generation_k3_n10_examples,3,avg_true_dominance_generation,avg_true_dominance_generation_bucket_k3,1,2
21061,neutral_new,in_context_examples/llama/54_73/seed_2/k_mean_buckets/samples/avg_true_dominance_generation/all_settings_avg_true_dominance_generation_k3_n10_examples.csv,all_settings_avg_true_dominance_generation_k3_n10_examples,3,avg_true_dominance_generation,avg_true_dominance_generation_bucket_k3,2,2
21231,neutral_new,in_context_examples/llama/54_73/seed_2/k_mean_buckets/samples/avg_true_dominance_generation/all_settings_avg_true_dominance_generation_k3_n10_examples.csv,all_settings_avg_true_dominance_generation_k3_n10_examples,3,avg_true_dominance_generation,avg_true_dominance_generation_bucket_k3,1,1
21254,neutral_new,in_context_examples/llama/54_73/seed_2/k_mean_buckets/samples/avg_true_dominance_generation/all_settings_avg_true_dominance_generation_k3_n10_examples.csv,all_settings_avg_true_dominance_generation_k3_n10_examples,3,avg_true_dominance_generation,avg_true_dominance_generation_bucket_k3,3,3
21323,neutral_new,in_context_examples/llama/54_73/seed_2/k_mean_buckets/samples/avg_true_dominance_generation/all_settings_avg_true_dominance_generation_k3_n10_examples.csv,all_settings_avg_true_dominance_generation_k3_n10_examples,3,avg_true_dominance_generation,avg_true_dominance_generation_bucket_k3,3,3
21342,neutral_new,in_context_examples/llama/54_73/seed_2/k_mean_buckets/samples/avg_true_dominance_generation/all_settings_avg_true_dominance_generation_k3_n10_examples.csv,all_settings_avg_true_dominance_generation_k3_n10_examples,3,avg_true_dominance_generation,avg_true_dominance_generation_bucket_k3,2,1
21346,neutral_new,in_context_examples/llama/54_73/seed_2/k_mean_buckets/samples/avg_true_dominance_generation/all_settings_avg_true_dominance_generation_k3_n10_examples.csv,all_settings_avg_true_dominance_generation_k3_n10_examples,3,avg_true_dominance_generation,avg_true_dominance_generation_bucket_k3,3,1
21440,neutral_new,in_context_examples/llama/54_73/seed_2/k_mean_buckets/samples/avg_true_dominance_generation/all_settings_avg_true_dominance_generation_k3_n10_examples.csv,all_settings_avg_true_dominance_generation_k3_n10_examples,3,avg_true_dominance_generation,avg_true_dominance_generation_bucket_k3,3,3
21681,neutral_new,in_context_examples/llama/54_73/seed_2/k_mean_buckets/samples/avg_true_dominance_generation/all_settings_avg_true_dominance_generation_k3_n10_examples.csv,all_settings_avg_true_dominance_generation_k3_n10_examples,3,avg_true_dominance_generation,avg_true_dominance_generation_bucket_k3,1,3
21728,neutral_new,in_context_examples/llama/54_73/seed_2/k_mean_buckets/samples/avg_true_dominance_generation/all_settings_avg_true_dominance_generation_k3_n10_examples.csv,all_settings_avg_true_dominance_generation_k3_n10_examples,3,avg_true_dominance_generation,avg_true_dominance_generation_bucket_k3,2,3
21759,neutral_new,in_context_examples/llama/54_73/seed_2/k_mean_buckets/samples/avg_true_dominance_generation/all_settings_avg_true_dominance_generation_k3_n10_examples.csv,all_settings_avg_true_dominance_generation_k3_n10_examples,3,avg_true_dominance_generation,avg_true_dominance_generation_bucket_k3,2,3
21867,neutral_new,in_context_examples/llama/54_73/seed_2/k_mean_buckets/samples/avg_true_dominance_generation/all_settings_avg_true_dominance_generation_k3_n10_examples.csv,all_settings_avg_true_dominance_generation_k3_n10_examples,3,avg_true_dominance_generation,avg_true_dominance_generation_bucket_k3,1,3
