case_id,setting,examples_file,run_name,k,score_column,target_column_test,generated_answer,ground_truth
108,encyclopaedia,in_context_examples/gemma/46_60/seed_1/k_mean_buckets/samples/avg_new_dominance_generation/all_settings_avg_new_dominance_generation_k3_n10_examples.csv,all_settings_avg_new_dominance_generation_k3_n10_examples,3,avg_new_dominance_generation,avg_new_dominance_generation_bucket_k3,2,2
165,encyclopaedia,in_context_examples/gemma/46_60/seed_1/k_mean_buckets/samples/avg_new_dominance_generation/all_settings_avg_new_dominance_generation_k3_n10_examples.csv,all_settings_avg_new_dominance_generation_k3_n10_examples,3,avg_new_dominance_generation,avg_new_dominance_generation_bucket_k3,3,2
187,encyclopaedia,in_context_examples/gemma/46_60/seed_1/k_mean_buckets/samples/avg_new_dominance_generation/all_settings_avg_new_dominance_generation_k3_n10_examples.csv,all_settings_avg_new_dominance_generation_k3_n10_examples,3,avg_new_dominance_generation,avg_new_dominance_generation_bucket_k3,2,2
222,encyclopaedia,in_context_examples/gemma/46_60/seed_1/k_mean_buckets/samples/avg_new_dominance_generation/all_settings_avg_new_dominance_generation_k3_n10_examples.csv,all_settings_avg_new_dominance_generation_k3_n10_examples,3,avg_new_dominance_generation,avg_new_dominance_generation_bucket_k3,2,2
243,encyclopaedia,in_context_examples/gemma/46_60/seed_1/k_mean_buckets/samples/avg_new_dominance_generation/all_settings_avg_new_dominance_generation_k3_n10_examples.csv,all_settings_avg_new_dominance_generation_k3_n10_examples,3,avg_new_dominance_generation,avg_new_dominance_generation_bucket_k3,2,1
307,encyclopaedia,in_context_examples/gemma/46_60/seed_1/k_mean_buckets/samples/avg_new_dominance_generation/all_settings_avg_new_dominance_generation_k3_n10_examples.csv,all_settings_avg_new_dominance_generation_k3_n10_examples,3,avg_new_dominance_generation,avg_new_dominance_generation_bucket_k3,1,2
423,encyclopaedia,in_context_examples/gemma/46_60/seed_1/k_mean_buckets/samples/avg_new_dominance_generation/all_settings_avg_new_dominance_generation_k3_n10_examples.csv,all_settings_avg_new_dominance_generation_k3_n10_examples,3,avg_new_dominance_generation,avg_new_dominance_generation_bucket_k3,3,2
439,encyclopaedia,in_context_examples/gemma/46_60/seed_1/k_mean_buckets/samples/avg_new_dominance_generation/all_settings_avg_new_dominance_generation_k3_n10_examples.csv,all_settings_avg_new_dominance_generation_k3_n10_examples,3,avg_new_dominance_generation,avg_new_dominance_generation_bucket_k3,2,3
493,encyclopaedia,in_context_examples/gemma/46_60/seed_1/k_mean_buckets/samples/avg_new_dominance_generation/all_settings_avg_new_dominance_generation_k3_n10_examples.csv,all_settings_avg_new_dominance_generation_k3_n10_examples,3,avg_new_dominance_generation,avg_new_dominance_generation_bucket_k3,1,1
503,encyclopaedia,in_context_examples/gemma/46_60/seed_1/k_mean_buckets/samples/avg_new_dominance_generation/all_settings_avg_new_dominance_generation_k3_n10_examples.csv,all_settings_avg_new_dominance_generation_k3_n10_examples,3,avg_new_dominance_generation,avg_new_dominance_generation_bucket_k3,3,2
556,encyclopaedia,in_context_examples/gemma/46_60/seed_1/k_mean_buckets/samples/avg_new_dominance_generation/all_settings_avg_new_dominance_generation_k3_n10_examples.csv,all_settings_avg_new_dominance_generation_k3_n10_examples,3,avg_new_dominance_generation,avg_new_dominance_generation_bucket_k3,2,1
641,encyclopaedia,in_context_examples/gemma/46_60/seed_1/k_mean_buckets/samples/avg_new_dominance_generation/all_settings_avg_new_dominance_generation_k3_n10_examples.csv,all_settings_avg_new_dominance_generation_k3_n10_examples,3,avg_new_dominance_generation,avg_new_dominance_generation_bucket_k3,2,2
679,encyclopaedia,in_context_examples/gemma/46_60/seed_1/k_mean_buckets/samples/avg_new_dominance_generation/all_settings_avg_new_dominance_generation_k3_n10_examples.csv,all_settings_avg_new_dominance_generation_k3_n10_examples,3,avg_new_dominance_generation,avg_new_dominance_generation_bucket_k3,3,3
941,encyclopaedia,in_context_examples/gemma/46_60/seed_1/k_mean_buckets/samples/avg_new_dominance_generation/all_settings_avg_new_dominance_generation_k3_n10_examples.csv,all_settings_avg_new_dominance_generation_k3_n10_examples,3,avg_new_dominance_generation,avg_new_dominance_generation_bucket_k3,1,1
1174,encyclopaedia,in_context_examples/gemma/46_60/seed_1/k_mean_buckets/samples/avg_new_dominance_generation/all_settings_avg_new_dominance_generation_k3_n10_examples.csv,all_settings_avg_new_dominance_generation_k3_n10_examples,3,avg_new_dominance_generation,avg_new_dominance_generation_bucket_k3,2,2
1240,encyclopaedia,in_context_examples/gemma/46_60/seed_1/k_mean_buckets/samples/avg_new_dominance_generation/all_settings_avg_new_dominance_generation_k3_n10_examples.csv,all_settings_avg_new_dominance_generation_k3_n10_examples,3,avg_new_dominance_generation,avg_new_dominance_generation_bucket_k3,1,1
1326,encyclopaedia,in_context_examples/gemma/46_60/seed_1/k_mean_buckets/samples/avg_new_dominance_generation/all_settings_avg_new_dominance_generation_k3_n10_examples.csv,all_settings_avg_new_dominance_generation_k3_n10_examples,3,avg_new_dominance_generation,avg_new_dominance_generation_bucket_k3,2,2
1360,encyclopaedia,in_context_examples/gemma/46_60/seed_1/k_mean_buckets/samples/avg_new_dominance_generation/all_settings_avg_new_dominance_generation_k3_n10_examples.csv,all_settings_avg_new_dominance_generation_k3_n10_examples,3,avg_new_dominance_generation,avg_new_dominance_generation_bucket_k3,2,2
1459,encyclopaedia,in_context_examples/gemma/46_60/seed_1/k_mean_buckets/samples/avg_new_dominance_generation/all_settings_avg_new_dominance_generation_k3_n10_examples.csv,all_settings_avg_new_dominance_generation_k3_n10_examples,3,avg_new_dominance_generation,avg_new_dominance_generation_bucket_k3,3,3
1478,encyclopaedia,in_context_examples/gemma/46_60/seed_1/k_mean_buckets/samples/avg_new_dominance_generation/all_settings_avg_new_dominance_generation_k3_n10_examples.csv,all_settings_avg_new_dominance_generation_k3_n10_examples,3,avg_new_dominance_generation,avg_new_dominance_generation_bucket_k3,2,3
1484,encyclopaedia,in_context_examples/gemma/46_60/seed_1/k_mean_buckets/samples/avg_new_dominance_generation/all_settings_avg_new_dominance_generation_k3_n10_examples.csv,all_settings_avg_new_dominance_generation_k3_n10_examples,3,avg_new_dominance_generation,avg_new_dominance_generation_bucket_k3,1,2
1495,encyclopaedia,in_context_examples/gemma/46_60/seed_1/k_mean_buckets/samples/avg_new_dominance_generation/all_settings_avg_new_dominance_generation_k3_n10_examples.csv,all_settings_avg_new_dominance_generation_k3_n10_examples,3,avg_new_dominance_generation,avg_new_dominance_generation_bucket_k3,1,3
1503,encyclopaedia,in_context_examples/gemma/46_60/seed_1/k_mean_buckets/samples/avg_new_dominance_generation/all_settings_avg_new_dominance_generation_k3_n10_examples.csv,all_settings_avg_new_dominance_generation_k3_n10_examples,3,avg_new_dominance_generation,avg_new_dominance_generation_bucket_k3,2,3
1513,encyclopaedia,in_context_examples/gemma/46_60/seed_1/k_mean_buckets/samples/avg_new_dominance_generation/all_settings_avg_new_dominance_generation_k3_n10_examples.csv,all_settings_avg_new_dominance_generation_k3_n10_examples,3,avg_new_dominance_generation,avg_new_dominance_generation_bucket_k3,1,2
1601,encyclopaedia,in_context_examples/gemma/46_60/seed_1/k_mean_buckets/samples/avg_new_dominance_generation/all_settings_avg_new_dominance_generation_k3_n10_examples.csv,all_settings_avg_new_dominance_generation_k3_n10_examples,3,avg_new_dominance_generation,avg_new_dominance_generation_bucket_k3,2,3
1780,encyclopaedia,in_context_examples/gemma/46_60/seed_1/k_mean_buckets/samples/avg_new_dominance_generation/all_settings_avg_new_dominance_generation_k3_n10_examples.csv,all_settings_avg_new_dominance_generation_k3_n10_examples,3,avg_new_dominance_generation,avg_new_dominance_generation_bucket_k3,2,1
1815,encyclopaedia,in_context_examples/gemma/46_60/seed_1/k_mean_buckets/samples/avg_new_dominance_generation/all_settings_avg_new_dominance_generation_k3_n10_examples.csv,all_settings_avg_new_dominance_generation_k3_n10_examples,3,avg_new_dominance_generation,avg_new_dominance_generation_bucket_k3,2,2
1819,encyclopaedia,in_context_examples/gemma/46_60/seed_1/k_mean_buckets/samples/avg_new_dominance_generation/all_settings_avg_new_dominance_generation_k3_n10_examples.csv,all_settings_avg_new_dominance_generation_k3_n10_examples,3,avg_new_dominance_generation,avg_new_dominance_generation_bucket_k3,3,3
1877,encyclopaedia,in_context_examples/gemma/46_60/seed_1/k_mean_buckets/samples/avg_new_dominance_generation/all_settings_avg_new_dominance_generation_k3_n10_examples.csv,all_settings_avg_new_dominance_generation_k3_n10_examples,3,avg_new_dominance_generation,avg_new_dominance_generation_bucket_k3,2,2
2210,encyclopaedia,in_context_examples/gemma/46_60/seed_1/k_mean_buckets/samples/avg_new_dominance_generation/all_settings_avg_new_dominance_generation_k3_n10_examples.csv,all_settings_avg_new_dominance_generation_k3_n10_examples,3,avg_new_dominance_generation,avg_new_dominance_generation_bucket_k3,2,3
2302,encyclopaedia,in_context_examples/gemma/46_60/seed_1/k_mean_buckets/samples/avg_new_dominance_generation/all_settings_avg_new_dominance_generation_k3_n10_examples.csv,all_settings_avg_new_dominance_generation_k3_n10_examples,3,avg_new_dominance_generation,avg_new_dominance_generation_bucket_k3,2,2
2352,encyclopaedia,in_context_examples/gemma/46_60/seed_1/k_mean_buckets/samples/avg_new_dominance_generation/all_settings_avg_new_dominance_generation_k3_n10_examples.csv,all_settings_avg_new_dominance_generation_k3_n10_examples,3,avg_new_dominance_generation,avg_new_dominance_generation_bucket_k3,2,1
2481,encyclopaedia,in_context_examples/gemma/46_60/seed_1/k_mean_buckets/samples/avg_new_dominance_generation/all_settings_avg_new_dominance_generation_k3_n10_examples.csv,all_settings_avg_new_dominance_generation_k3_n10_examples,3,avg_new_dominance_generation,avg_new_dominance_generation_bucket_k3,3,2
2587,encyclopaedia,in_context_examples/gemma/46_60/seed_1/k_mean_buckets/samples/avg_new_dominance_generation/all_settings_avg_new_dominance_generation_k3_n10_examples.csv,all_settings_avg_new_dominance_generation_k3_n10_examples,3,avg_new_dominance_generation,avg_new_dominance_generation_bucket_k3,2,3
2674,encyclopaedia,in_context_examples/gemma/46_60/seed_1/k_mean_buckets/samples/avg_new_dominance_generation/all_settings_avg_new_dominance_generation_k3_n10_examples.csv,all_settings_avg_new_dominance_generation_k3_n10_examples,3,avg_new_dominance_generation,avg_new_dominance_generation_bucket_k3,2,1
2824,encyclopaedia,in_context_examples/gemma/46_60/seed_1/k_mean_buckets/samples/avg_new_dominance_generation/all_settings_avg_new_dominance_generation_k3_n10_examples.csv,all_settings_avg_new_dominance_generation_k3_n10_examples,3,avg_new_dominance_generation,avg_new_dominance_generation_bucket_k3,2,1
2857,encyclopaedia,in_context_examples/gemma/46_60/seed_1/k_mean_buckets/samples/avg_new_dominance_generation/all_settings_avg_new_dominance_generation_k3_n10_examples.csv,all_settings_avg_new_dominance_generation_k3_n10_examples,3,avg_new_dominance_generation,avg_new_dominance_generation_bucket_k3,1,1
2878,encyclopaedia,in_context_examples/gemma/46_60/seed_1/k_mean_buckets/samples/avg_new_dominance_generation/all_settings_avg_new_dominance_generation_k3_n10_examples.csv,all_settings_avg_new_dominance_generation_k3_n10_examples,3,avg_new_dominance_generation,avg_new_dominance_generation_bucket_k3,1,1
3102,encyclopaedia,in_context_examples/gemma/46_60/seed_1/k_mean_buckets/samples/avg_new_dominance_generation/all_settings_avg_new_dominance_generation_k3_n10_examples.csv,all_settings_avg_new_dominance_generation_k3_n10_examples,3,avg_new_dominance_generation,avg_new_dominance_generation_bucket_k3,1,3
3161,encyclopaedia,in_context_examples/gemma/46_60/seed_1/k_mean_buckets/samples/avg_new_dominance_generation/all_settings_avg_new_dominance_generation_k3_n10_examples.csv,all_settings_avg_new_dominance_generation_k3_n10_examples,3,avg_new_dominance_generation,avg_new_dominance_generation_bucket_k3,2,2
3193,encyclopaedia,in_context_examples/gemma/46_60/seed_1/k_mean_buckets/samples/avg_new_dominance_generation/all_settings_avg_new_dominance_generation_k3_n10_examples.csv,all_settings_avg_new_dominance_generation_k3_n10_examples,3,avg_new_dominance_generation,avg_new_dominance_generation_bucket_k3,2,1
3288,encyclopaedia,in_context_examples/gemma/46_60/seed_1/k_mean_buckets/samples/avg_new_dominance_generation/all_settings_avg_new_dominance_generation_k3_n10_examples.csv,all_settings_avg_new_dominance_generation_k3_n10_examples,3,avg_new_dominance_generation,avg_new_dominance_generation_bucket_k3,2,3
3333,encyclopaedia,in_context_examples/gemma/46_60/seed_1/k_mean_buckets/samples/avg_new_dominance_generation/all_settings_avg_new_dominance_generation_k3_n10_examples.csv,all_settings_avg_new_dominance_generation_k3_n10_examples,3,avg_new_dominance_generation,avg_new_dominance_generation_bucket_k3,2,2
3451,encyclopaedia,in_context_examples/gemma/46_60/seed_1/k_mean_buckets/samples/avg_new_dominance_generation/all_settings_avg_new_dominance_generation_k3_n10_examples.csv,all_settings_avg_new_dominance_generation_k3_n10_examples,3,avg_new_dominance_generation,avg_new_dominance_generation_bucket_k3,2,1
3485,encyclopaedia,in_context_examples/gemma/46_60/seed_1/k_mean_buckets/samples/avg_new_dominance_generation/all_settings_avg_new_dominance_generation_k3_n10_examples.csv,all_settings_avg_new_dominance_generation_k3_n10_examples,3,avg_new_dominance_generation,avg_new_dominance_generation_bucket_k3,2,2
3522,encyclopaedia,in_context_examples/gemma/46_60/seed_1/k_mean_buckets/samples/avg_new_dominance_generation/all_settings_avg_new_dominance_generation_k3_n10_examples.csv,all_settings_avg_new_dominance_generation_k3_n10_examples,3,avg_new_dominance_generation,avg_new_dominance_generation_bucket_k3,2,3
3544,encyclopaedia,in_context_examples/gemma/46_60/seed_1/k_mean_buckets/samples/avg_new_dominance_generation/all_settings_avg_new_dominance_generation_k3_n10_examples.csv,all_settings_avg_new_dominance_generation_k3_n10_examples,3,avg_new_dominance_generation,avg_new_dominance_generation_bucket_k3,2,2
3641,encyclopaedia,in_context_examples/gemma/46_60/seed_1/k_mean_buckets/samples/avg_new_dominance_generation/all_settings_avg_new_dominance_generation_k3_n10_examples.csv,all_settings_avg_new_dominance_generation_k3_n10_examples,3,avg_new_dominance_generation,avg_new_dominance_generation_bucket_k3,3,2
3718,encyclopaedia,in_context_examples/gemma/46_60/seed_1/k_mean_buckets/samples/avg_new_dominance_generation/all_settings_avg_new_dominance_generation_k3_n10_examples.csv,all_settings_avg_new_dominance_generation_k3_n10_examples,3,avg_new_dominance_generation,avg_new_dominance_generation_bucket_k3,1,1
3764,encyclopaedia,in_context_examples/gemma/46_60/seed_1/k_mean_buckets/samples/avg_new_dominance_generation/all_settings_avg_new_dominance_generation_k3_n10_examples.csv,all_settings_avg_new_dominance_generation_k3_n10_examples,3,avg_new_dominance_generation,avg_new_dominance_generation_bucket_k3,2,3
3841,encyclopaedia,in_context_examples/gemma/46_60/seed_1/k_mean_buckets/samples/avg_new_dominance_generation/all_settings_avg_new_dominance_generation_k3_n10_examples.csv,all_settings_avg_new_dominance_generation_k3_n10_examples,3,avg_new_dominance_generation,avg_new_dominance_generation_bucket_k3,2,3
3863,encyclopaedia,in_context_examples/gemma/46_60/seed_1/k_mean_buckets/samples/avg_new_dominance_generation/all_settings_avg_new_dominance_generation_k3_n10_examples.csv,all_settings_avg_new_dominance_generation_k3_n10_examples,3,avg_new_dominance_generation,avg_new_dominance_generation_bucket_k3,2,2
4004,encyclopaedia,in_context_examples/gemma/46_60/seed_1/k_mean_buckets/samples/avg_new_dominance_generation/all_settings_avg_new_dominance_generation_k3_n10_examples.csv,all_settings_avg_new_dominance_generation_k3_n10_examples,3,avg_new_dominance_generation,avg_new_dominance_generation_bucket_k3,2,3
4056,encyclopaedia,in_context_examples/gemma/46_60/seed_1/k_mean_buckets/samples/avg_new_dominance_generation/all_settings_avg_new_dominance_generation_k3_n10_examples.csv,all_settings_avg_new_dominance_generation_k3_n10_examples,3,avg_new_dominance_generation,avg_new_dominance_generation_bucket_k3,2,3
4102,encyclopaedia,in_context_examples/gemma/46_60/seed_1/k_mean_buckets/samples/avg_new_dominance_generation/all_settings_avg_new_dominance_generation_k3_n10_examples.csv,all_settings_avg_new_dominance_generation_k3_n10_examples,3,avg_new_dominance_generation,avg_new_dominance_generation_bucket_k3,1,1
4134,encyclopaedia,in_context_examples/gemma/46_60/seed_1/k_mean_buckets/samples/avg_new_dominance_generation/all_settings_avg_new_dominance_generation_k3_n10_examples.csv,all_settings_avg_new_dominance_generation_k3_n10_examples,3,avg_new_dominance_generation,avg_new_dominance_generation_bucket_k3,1,2
4229,encyclopaedia,in_context_examples/gemma/46_60/seed_1/k_mean_buckets/samples/avg_new_dominance_generation/all_settings_avg_new_dominance_generation_k3_n10_examples.csv,all_settings_avg_new_dominance_generation_k3_n10_examples,3,avg_new_dominance_generation,avg_new_dominance_generation_bucket_k3,2,2
4377,encyclopaedia,in_context_examples/gemma/46_60/seed_1/k_mean_buckets/samples/avg_new_dominance_generation/all_settings_avg_new_dominance_generation_k3_n10_examples.csv,all_settings_avg_new_dominance_generation_k3_n10_examples,3,avg_new_dominance_generation,avg_new_dominance_generation_bucket_k3,3,1
4649,encyclopaedia,in_context_examples/gemma/46_60/seed_1/k_mean_buckets/samples/avg_new_dominance_generation/all_settings_avg_new_dominance_generation_k3_n10_examples.csv,all_settings_avg_new_dominance_generation_k3_n10_examples,3,avg_new_dominance_generation,avg_new_dominance_generation_bucket_k3,2,2
4727,encyclopaedia,in_context_examples/gemma/46_60/seed_1/k_mean_buckets/samples/avg_new_dominance_generation/all_settings_avg_new_dominance_generation_k3_n10_examples.csv,all_settings_avg_new_dominance_generation_k3_n10_examples,3,avg_new_dominance_generation,avg_new_dominance_generation_bucket_k3,1,2
4737,encyclopaedia,in_context_examples/gemma/46_60/seed_1/k_mean_buckets/samples/avg_new_dominance_generation/all_settings_avg_new_dominance_generation_k3_n10_examples.csv,all_settings_avg_new_dominance_generation_k3_n10_examples,3,avg_new_dominance_generation,avg_new_dominance_generation_bucket_k3,2,2
4812,encyclopaedia,in_context_examples/gemma/46_60/seed_1/k_mean_buckets/samples/avg_new_dominance_generation/all_settings_avg_new_dominance_generation_k3_n10_examples.csv,all_settings_avg_new_dominance_generation_k3_n10_examples,3,avg_new_dominance_generation,avg_new_dominance_generation_bucket_k3,1,1
4949,encyclopaedia,in_context_examples/gemma/46_60/seed_1/k_mean_buckets/samples/avg_new_dominance_generation/all_settings_avg_new_dominance_generation_k3_n10_examples.csv,all_settings_avg_new_dominance_generation_k3_n10_examples,3,avg_new_dominance_generation,avg_new_dominance_generation_bucket_k3,2,2
5043,encyclopaedia,in_context_examples/gemma/46_60/seed_1/k_mean_buckets/samples/avg_new_dominance_generation/all_settings_avg_new_dominance_generation_k3_n10_examples.csv,all_settings_avg_new_dominance_generation_k3_n10_examples,3,avg_new_dominance_generation,avg_new_dominance_generation_bucket_k3,3,2
5184,encyclopaedia,in_context_examples/gemma/46_60/seed_1/k_mean_buckets/samples/avg_new_dominance_generation/all_settings_avg_new_dominance_generation_k3_n10_examples.csv,all_settings_avg_new_dominance_generation_k3_n10_examples,3,avg_new_dominance_generation,avg_new_dominance_generation_bucket_k3,2,3
5210,encyclopaedia,in_context_examples/gemma/46_60/seed_1/k_mean_buckets/samples/avg_new_dominance_generation/all_settings_avg_new_dominance_generation_k3_n10_examples.csv,all_settings_avg_new_dominance_generation_k3_n10_examples,3,avg_new_dominance_generation,avg_new_dominance_generation_bucket_k3,2,2
5305,encyclopaedia,in_context_examples/gemma/46_60/seed_1/k_mean_buckets/samples/avg_new_dominance_generation/all_settings_avg_new_dominance_generation_k3_n10_examples.csv,all_settings_avg_new_dominance_generation_k3_n10_examples,3,avg_new_dominance_generation,avg_new_dominance_generation_bucket_k3,2,3
5331,encyclopaedia,in_context_examples/gemma/46_60/seed_1/k_mean_buckets/samples/avg_new_dominance_generation/all_settings_avg_new_dominance_generation_k3_n10_examples.csv,all_settings_avg_new_dominance_generation_k3_n10_examples,3,avg_new_dominance_generation,avg_new_dominance_generation_bucket_k3,3,2
5359,encyclopaedia,in_context_examples/gemma/46_60/seed_1/k_mean_buckets/samples/avg_new_dominance_generation/all_settings_avg_new_dominance_generation_k3_n10_examples.csv,all_settings_avg_new_dominance_generation_k3_n10_examples,3,avg_new_dominance_generation,avg_new_dominance_generation_bucket_k3,2,1
5440,encyclopaedia,in_context_examples/gemma/46_60/seed_1/k_mean_buckets/samples/avg_new_dominance_generation/all_settings_avg_new_dominance_generation_k3_n10_examples.csv,all_settings_avg_new_dominance_generation_k3_n10_examples,3,avg_new_dominance_generation,avg_new_dominance_generation_bucket_k3,1,2
5528,encyclopaedia,in_context_examples/gemma/46_60/seed_1/k_mean_buckets/samples/avg_new_dominance_generation/all_settings_avg_new_dominance_generation_k3_n10_examples.csv,all_settings_avg_new_dominance_generation_k3_n10_examples,3,avg_new_dominance_generation,avg_new_dominance_generation_bucket_k3,2,3
5596,encyclopaedia,in_context_examples/gemma/46_60/seed_1/k_mean_buckets/samples/avg_new_dominance_generation/all_settings_avg_new_dominance_generation_k3_n10_examples.csv,all_settings_avg_new_dominance_generation_k3_n10_examples,3,avg_new_dominance_generation,avg_new_dominance_generation_bucket_k3,2,3
5914,encyclopaedia,in_context_examples/gemma/46_60/seed_1/k_mean_buckets/samples/avg_new_dominance_generation/all_settings_avg_new_dominance_generation_k3_n10_examples.csv,all_settings_avg_new_dominance_generation_k3_n10_examples,3,avg_new_dominance_generation,avg_new_dominance_generation_bucket_k3,3,2
5973,encyclopaedia,in_context_examples/gemma/46_60/seed_1/k_mean_buckets/samples/avg_new_dominance_generation/all_settings_avg_new_dominance_generation_k3_n10_examples.csv,all_settings_avg_new_dominance_generation_k3_n10_examples,3,avg_new_dominance_generation,avg_new_dominance_generation_bucket_k3,1,3
6050,encyclopaedia,in_context_examples/gemma/46_60/seed_1/k_mean_buckets/samples/avg_new_dominance_generation/all_settings_avg_new_dominance_generation_k3_n10_examples.csv,all_settings_avg_new_dominance_generation_k3_n10_examples,3,avg_new_dominance_generation,avg_new_dominance_generation_bucket_k3,2,2
6052,encyclopaedia,in_context_examples/gemma/46_60/seed_1/k_mean_buckets/samples/avg_new_dominance_generation/all_settings_avg_new_dominance_generation_k3_n10_examples.csv,all_settings_avg_new_dominance_generation_k3_n10_examples,3,avg_new_dominance_generation,avg_new_dominance_generation_bucket_k3,3,2
6058,encyclopaedia,in_context_examples/gemma/46_60/seed_1/k_mean_buckets/samples/avg_new_dominance_generation/all_settings_avg_new_dominance_generation_k3_n10_examples.csv,all_settings_avg_new_dominance_generation_k3_n10_examples,3,avg_new_dominance_generation,avg_new_dominance_generation_bucket_k3,2,2
6142,encyclopaedia,in_context_examples/gemma/46_60/seed_1/k_mean_buckets/samples/avg_new_dominance_generation/all_settings_avg_new_dominance_generation_k3_n10_examples.csv,all_settings_avg_new_dominance_generation_k3_n10_examples,3,avg_new_dominance_generation,avg_new_dominance_generation_bucket_k3,2,3
6144,encyclopaedia,in_context_examples/gemma/46_60/seed_1/k_mean_buckets/samples/avg_new_dominance_generation/all_settings_avg_new_dominance_generation_k3_n10_examples.csv,all_settings_avg_new_dominance_generation_k3_n10_examples,3,avg_new_dominance_generation,avg_new_dominance_generation_bucket_k3,1,3
6212,encyclopaedia,in_context_examples/gemma/46_60/seed_1/k_mean_buckets/samples/avg_new_dominance_generation/all_settings_avg_new_dominance_generation_k3_n10_examples.csv,all_settings_avg_new_dominance_generation_k3_n10_examples,3,avg_new_dominance_generation,avg_new_dominance_generation_bucket_k3,2,3
6226,encyclopaedia,in_context_examples/gemma/46_60/seed_1/k_mean_buckets/samples/avg_new_dominance_generation/all_settings_avg_new_dominance_generation_k3_n10_examples.csv,all_settings_avg_new_dominance_generation_k3_n10_examples,3,avg_new_dominance_generation,avg_new_dominance_generation_bucket_k3,1,1
6268,encyclopaedia,in_context_examples/gemma/46_60/seed_1/k_mean_buckets/samples/avg_new_dominance_generation/all_settings_avg_new_dominance_generation_k3_n10_examples.csv,all_settings_avg_new_dominance_generation_k3_n10_examples,3,avg_new_dominance_generation,avg_new_dominance_generation_bucket_k3,1,1
6299,encyclopaedia,in_context_examples/gemma/46_60/seed_1/k_mean_buckets/samples/avg_new_dominance_generation/all_settings_avg_new_dominance_generation_k3_n10_examples.csv,all_settings_avg_new_dominance_generation_k3_n10_examples,3,avg_new_dominance_generation,avg_new_dominance_generation_bucket_k3,2,1
6387,encyclopaedia,in_context_examples/gemma/46_60/seed_1/k_mean_buckets/samples/avg_new_dominance_generation/all_settings_avg_new_dominance_generation_k3_n10_examples.csv,all_settings_avg_new_dominance_generation_k3_n10_examples,3,avg_new_dominance_generation,avg_new_dominance_generation_bucket_k3,2,1
6486,encyclopaedia,in_context_examples/gemma/46_60/seed_1/k_mean_buckets/samples/avg_new_dominance_generation/all_settings_avg_new_dominance_generation_k3_n10_examples.csv,all_settings_avg_new_dominance_generation_k3_n10_examples,3,avg_new_dominance_generation,avg_new_dominance_generation_bucket_k3,3,3
6504,encyclopaedia,in_context_examples/gemma/46_60/seed_1/k_mean_buckets/samples/avg_new_dominance_generation/all_settings_avg_new_dominance_generation_k3_n10_examples.csv,all_settings_avg_new_dominance_generation_k3_n10_examples,3,avg_new_dominance_generation,avg_new_dominance_generation_bucket_k3,1,2
6555,encyclopaedia,in_context_examples/gemma/46_60/seed_1/k_mean_buckets/samples/avg_new_dominance_generation/all_settings_avg_new_dominance_generation_k3_n10_examples.csv,all_settings_avg_new_dominance_generation_k3_n10_examples,3,avg_new_dominance_generation,avg_new_dominance_generation_bucket_k3,1,2
6652,encyclopaedia,in_context_examples/gemma/46_60/seed_1/k_mean_buckets/samples/avg_new_dominance_generation/all_settings_avg_new_dominance_generation_k3_n10_examples.csv,all_settings_avg_new_dominance_generation_k3_n10_examples,3,avg_new_dominance_generation,avg_new_dominance_generation_bucket_k3,3,3
6656,encyclopaedia,in_context_examples/gemma/46_60/seed_1/k_mean_buckets/samples/avg_new_dominance_generation/all_settings_avg_new_dominance_generation_k3_n10_examples.csv,all_settings_avg_new_dominance_generation_k3_n10_examples,3,avg_new_dominance_generation,avg_new_dominance_generation_bucket_k3,3,2
6657,encyclopaedia,in_context_examples/gemma/46_60/seed_1/k_mean_buckets/samples/avg_new_dominance_generation/all_settings_avg_new_dominance_generation_k3_n10_examples.csv,all_settings_avg_new_dominance_generation_k3_n10_examples,3,avg_new_dominance_generation,avg_new_dominance_generation_bucket_k3,2,1
6683,encyclopaedia,in_context_examples/gemma/46_60/seed_1/k_mean_buckets/samples/avg_new_dominance_generation/all_settings_avg_new_dominance_generation_k3_n10_examples.csv,all_settings_avg_new_dominance_generation_k3_n10_examples,3,avg_new_dominance_generation,avg_new_dominance_generation_bucket_k3,3,2
6940,encyclopaedia,in_context_examples/gemma/46_60/seed_1/k_mean_buckets/samples/avg_new_dominance_generation/all_settings_avg_new_dominance_generation_k3_n10_examples.csv,all_settings_avg_new_dominance_generation_k3_n10_examples,3,avg_new_dominance_generation,avg_new_dominance_generation_bucket_k3,2,3
6961,encyclopaedia,in_context_examples/gemma/46_60/seed_1/k_mean_buckets/samples/avg_new_dominance_generation/all_settings_avg_new_dominance_generation_k3_n10_examples.csv,all_settings_avg_new_dominance_generation_k3_n10_examples,3,avg_new_dominance_generation,avg_new_dominance_generation_bucket_k3,2,3
7008,encyclopaedia,in_context_examples/gemma/46_60/seed_1/k_mean_buckets/samples/avg_new_dominance_generation/all_settings_avg_new_dominance_generation_k3_n10_examples.csv,all_settings_avg_new_dominance_generation_k3_n10_examples,3,avg_new_dominance_generation,avg_new_dominance_generation_bucket_k3,1,1
7095,encyclopaedia,in_context_examples/gemma/46_60/seed_1/k_mean_buckets/samples/avg_new_dominance_generation/all_settings_avg_new_dominance_generation_k3_n10_examples.csv,all_settings_avg_new_dominance_generation_k3_n10_examples,3,avg_new_dominance_generation,avg_new_dominance_generation_bucket_k3,1,1
7242,encyclopaedia,in_context_examples/gemma/46_60/seed_1/k_mean_buckets/samples/avg_new_dominance_generation/all_settings_avg_new_dominance_generation_k3_n10_examples.csv,all_settings_avg_new_dominance_generation_k3_n10_examples,3,avg_new_dominance_generation,avg_new_dominance_generation_bucket_k3,2,2
7319,encyclopaedia,in_context_examples/gemma/46_60/seed_1/k_mean_buckets/samples/avg_new_dominance_generation/all_settings_avg_new_dominance_generation_k3_n10_examples.csv,all_settings_avg_new_dominance_generation_k3_n10_examples,3,avg_new_dominance_generation,avg_new_dominance_generation_bucket_k3,2,2
7354,encyclopaedia,in_context_examples/gemma/46_60/seed_1/k_mean_buckets/samples/avg_new_dominance_generation/all_settings_avg_new_dominance_generation_k3_n10_examples.csv,all_settings_avg_new_dominance_generation_k3_n10_examples,3,avg_new_dominance_generation,avg_new_dominance_generation_bucket_k3,3,3
7413,encyclopaedia,in_context_examples/gemma/46_60/seed_1/k_mean_buckets/samples/avg_new_dominance_generation/all_settings_avg_new_dominance_generation_k3_n10_examples.csv,all_settings_avg_new_dominance_generation_k3_n10_examples,3,avg_new_dominance_generation,avg_new_dominance_generation_bucket_k3,3,2
7495,encyclopaedia,in_context_examples/gemma/46_60/seed_1/k_mean_buckets/samples/avg_new_dominance_generation/all_settings_avg_new_dominance_generation_k3_n10_examples.csv,all_settings_avg_new_dominance_generation_k3_n10_examples,3,avg_new_dominance_generation,avg_new_dominance_generation_bucket_k3,1,2
7663,encyclopaedia,in_context_examples/gemma/46_60/seed_1/k_mean_buckets/samples/avg_new_dominance_generation/all_settings_avg_new_dominance_generation_k3_n10_examples.csv,all_settings_avg_new_dominance_generation_k3_n10_examples,3,avg_new_dominance_generation,avg_new_dominance_generation_bucket_k3,2,2
7723,encyclopaedia,in_context_examples/gemma/46_60/seed_1/k_mean_buckets/samples/avg_new_dominance_generation/all_settings_avg_new_dominance_generation_k3_n10_examples.csv,all_settings_avg_new_dominance_generation_k3_n10_examples,3,avg_new_dominance_generation,avg_new_dominance_generation_bucket_k3,1,3
7728,encyclopaedia,in_context_examples/gemma/46_60/seed_1/k_mean_buckets/samples/avg_new_dominance_generation/all_settings_avg_new_dominance_generation_k3_n10_examples.csv,all_settings_avg_new_dominance_generation_k3_n10_examples,3,avg_new_dominance_generation,avg_new_dominance_generation_bucket_k3,1,1
7735,encyclopaedia,in_context_examples/gemma/46_60/seed_1/k_mean_buckets/samples/avg_new_dominance_generation/all_settings_avg_new_dominance_generation_k3_n10_examples.csv,all_settings_avg_new_dominance_generation_k3_n10_examples,3,avg_new_dominance_generation,avg_new_dominance_generation_bucket_k3,1,1
7956,encyclopaedia,in_context_examples/gemma/46_60/seed_1/k_mean_buckets/samples/avg_new_dominance_generation/all_settings_avg_new_dominance_generation_k3_n10_examples.csv,all_settings_avg_new_dominance_generation_k3_n10_examples,3,avg_new_dominance_generation,avg_new_dominance_generation_bucket_k3,2,2
8021,encyclopaedia,in_context_examples/gemma/46_60/seed_1/k_mean_buckets/samples/avg_new_dominance_generation/all_settings_avg_new_dominance_generation_k3_n10_examples.csv,all_settings_avg_new_dominance_generation_k3_n10_examples,3,avg_new_dominance_generation,avg_new_dominance_generation_bucket_k3,1,1
8085,encyclopaedia,in_context_examples/gemma/46_60/seed_1/k_mean_buckets/samples/avg_new_dominance_generation/all_settings_avg_new_dominance_generation_k3_n10_examples.csv,all_settings_avg_new_dominance_generation_k3_n10_examples,3,avg_new_dominance_generation,avg_new_dominance_generation_bucket_k3,1,2
8238,encyclopaedia,in_context_examples/gemma/46_60/seed_1/k_mean_buckets/samples/avg_new_dominance_generation/all_settings_avg_new_dominance_generation_k3_n10_examples.csv,all_settings_avg_new_dominance_generation_k3_n10_examples,3,avg_new_dominance_generation,avg_new_dominance_generation_bucket_k3,3,2
8353,encyclopaedia,in_context_examples/gemma/46_60/seed_1/k_mean_buckets/samples/avg_new_dominance_generation/all_settings_avg_new_dominance_generation_k3_n10_examples.csv,all_settings_avg_new_dominance_generation_k3_n10_examples,3,avg_new_dominance_generation,avg_new_dominance_generation_bucket_k3,2,2
8395,encyclopaedia,in_context_examples/gemma/46_60/seed_1/k_mean_buckets/samples/avg_new_dominance_generation/all_settings_avg_new_dominance_generation_k3_n10_examples.csv,all_settings_avg_new_dominance_generation_k3_n10_examples,3,avg_new_dominance_generation,avg_new_dominance_generation_bucket_k3,2,2
8460,encyclopaedia,in_context_examples/gemma/46_60/seed_1/k_mean_buckets/samples/avg_new_dominance_generation/all_settings_avg_new_dominance_generation_k3_n10_examples.csv,all_settings_avg_new_dominance_generation_k3_n10_examples,3,avg_new_dominance_generation,avg_new_dominance_generation_bucket_k3,2,2
8521,encyclopaedia,in_context_examples/gemma/46_60/seed_1/k_mean_buckets/samples/avg_new_dominance_generation/all_settings_avg_new_dominance_generation_k3_n10_examples.csv,all_settings_avg_new_dominance_generation_k3_n10_examples,3,avg_new_dominance_generation,avg_new_dominance_generation_bucket_k3,3,3
8541,encyclopaedia,in_context_examples/gemma/46_60/seed_1/k_mean_buckets/samples/avg_new_dominance_generation/all_settings_avg_new_dominance_generation_k3_n10_examples.csv,all_settings_avg_new_dominance_generation_k3_n10_examples,3,avg_new_dominance_generation,avg_new_dominance_generation_bucket_k3,1,2
8620,encyclopaedia,in_context_examples/gemma/46_60/seed_1/k_mean_buckets/samples/avg_new_dominance_generation/all_settings_avg_new_dominance_generation_k3_n10_examples.csv,all_settings_avg_new_dominance_generation_k3_n10_examples,3,avg_new_dominance_generation,avg_new_dominance_generation_bucket_k3,3,3
9062,encyclopaedia,in_context_examples/gemma/46_60/seed_1/k_mean_buckets/samples/avg_new_dominance_generation/all_settings_avg_new_dominance_generation_k3_n10_examples.csv,all_settings_avg_new_dominance_generation_k3_n10_examples,3,avg_new_dominance_generation,avg_new_dominance_generation_bucket_k3,2,2
9075,encyclopaedia,in_context_examples/gemma/46_60/seed_1/k_mean_buckets/samples/avg_new_dominance_generation/all_settings_avg_new_dominance_generation_k3_n10_examples.csv,all_settings_avg_new_dominance_generation_k3_n10_examples,3,avg_new_dominance_generation,avg_new_dominance_generation_bucket_k3,3,3
9079,encyclopaedia,in_context_examples/gemma/46_60/seed_1/k_mean_buckets/samples/avg_new_dominance_generation/all_settings_avg_new_dominance_generation_k3_n10_examples.csv,all_settings_avg_new_dominance_generation_k3_n10_examples,3,avg_new_dominance_generation,avg_new_dominance_generation_bucket_k3,2,1
9294,encyclopaedia,in_context_examples/gemma/46_60/seed_1/k_mean_buckets/samples/avg_new_dominance_generation/all_settings_avg_new_dominance_generation_k3_n10_examples.csv,all_settings_avg_new_dominance_generation_k3_n10_examples,3,avg_new_dominance_generation,avg_new_dominance_generation_bucket_k3,1,1
9407,encyclopaedia,in_context_examples/gemma/46_60/seed_1/k_mean_buckets/samples/avg_new_dominance_generation/all_settings_avg_new_dominance_generation_k3_n10_examples.csv,all_settings_avg_new_dominance_generation_k3_n10_examples,3,avg_new_dominance_generation,avg_new_dominance_generation_bucket_k3,1,3
9487,encyclopaedia,in_context_examples/gemma/46_60/seed_1/k_mean_buckets/samples/avg_new_dominance_generation/all_settings_avg_new_dominance_generation_k3_n10_examples.csv,all_settings_avg_new_dominance_generation_k3_n10_examples,3,avg_new_dominance_generation,avg_new_dominance_generation_bucket_k3,1,1
9510,encyclopaedia,in_context_examples/gemma/46_60/seed_1/k_mean_buckets/samples/avg_new_dominance_generation/all_settings_avg_new_dominance_generation_k3_n10_examples.csv,all_settings_avg_new_dominance_generation_k3_n10_examples,3,avg_new_dominance_generation,avg_new_dominance_generation_bucket_k3,2,2
9539,encyclopaedia,in_context_examples/gemma/46_60/seed_1/k_mean_buckets/samples/avg_new_dominance_generation/all_settings_avg_new_dominance_generation_k3_n10_examples.csv,all_settings_avg_new_dominance_generation_k3_n10_examples,3,avg_new_dominance_generation,avg_new_dominance_generation_bucket_k3,2,2
9670,encyclopaedia,in_context_examples/gemma/46_60/seed_1/k_mean_buckets/samples/avg_new_dominance_generation/all_settings_avg_new_dominance_generation_k3_n10_examples.csv,all_settings_avg_new_dominance_generation_k3_n10_examples,3,avg_new_dominance_generation,avg_new_dominance_generation_bucket_k3,2,2
9772,encyclopaedia,in_context_examples/gemma/46_60/seed_1/k_mean_buckets/samples/avg_new_dominance_generation/all_settings_avg_new_dominance_generation_k3_n10_examples.csv,all_settings_avg_new_dominance_generation_k3_n10_examples,3,avg_new_dominance_generation,avg_new_dominance_generation_bucket_k3,3,3
9832,encyclopaedia,in_context_examples/gemma/46_60/seed_1/k_mean_buckets/samples/avg_new_dominance_generation/all_settings_avg_new_dominance_generation_k3_n10_examples.csv,all_settings_avg_new_dominance_generation_k3_n10_examples,3,avg_new_dominance_generation,avg_new_dominance_generation_bucket_k3,1,1
9915,encyclopaedia,in_context_examples/gemma/46_60/seed_1/k_mean_buckets/samples/avg_new_dominance_generation/all_settings_avg_new_dominance_generation_k3_n10_examples.csv,all_settings_avg_new_dominance_generation_k3_n10_examples,3,avg_new_dominance_generation,avg_new_dominance_generation_bucket_k3,1,2
9930,encyclopaedia,in_context_examples/gemma/46_60/seed_1/k_mean_buckets/samples/avg_new_dominance_generation/all_settings_avg_new_dominance_generation_k3_n10_examples.csv,all_settings_avg_new_dominance_generation_k3_n10_examples,3,avg_new_dominance_generation,avg_new_dominance_generation_bucket_k3,3,3
10038,encyclopaedia,in_context_examples/gemma/46_60/seed_1/k_mean_buckets/samples/avg_new_dominance_generation/all_settings_avg_new_dominance_generation_k3_n10_examples.csv,all_settings_avg_new_dominance_generation_k3_n10_examples,3,avg_new_dominance_generation,avg_new_dominance_generation_bucket_k3,2,2
10040,encyclopaedia,in_context_examples/gemma/46_60/seed_1/k_mean_buckets/samples/avg_new_dominance_generation/all_settings_avg_new_dominance_generation_k3_n10_examples.csv,all_settings_avg_new_dominance_generation_k3_n10_examples,3,avg_new_dominance_generation,avg_new_dominance_generation_bucket_k3,1,1
10052,encyclopaedia,in_context_examples/gemma/46_60/seed_1/k_mean_buckets/samples/avg_new_dominance_generation/all_settings_avg_new_dominance_generation_k3_n10_examples.csv,all_settings_avg_new_dominance_generation_k3_n10_examples,3,avg_new_dominance_generation,avg_new_dominance_generation_bucket_k3,1,1
10180,encyclopaedia,in_context_examples/gemma/46_60/seed_1/k_mean_buckets/samples/avg_new_dominance_generation/all_settings_avg_new_dominance_generation_k3_n10_examples.csv,all_settings_avg_new_dominance_generation_k3_n10_examples,3,avg_new_dominance_generation,avg_new_dominance_generation_bucket_k3,2,2
10223,encyclopaedia,in_context_examples/gemma/46_60/seed_1/k_mean_buckets/samples/avg_new_dominance_generation/all_settings_avg_new_dominance_generation_k3_n10_examples.csv,all_settings_avg_new_dominance_generation_k3_n10_examples,3,avg_new_dominance_generation,avg_new_dominance_generation_bucket_k3,2,3
10231,encyclopaedia,in_context_examples/gemma/46_60/seed_1/k_mean_buckets/samples/avg_new_dominance_generation/all_settings_avg_new_dominance_generation_k3_n10_examples.csv,all_settings_avg_new_dominance_generation_k3_n10_examples,3,avg_new_dominance_generation,avg_new_dominance_generation_bucket_k3,2,2
10319,encyclopaedia,in_context_examples/gemma/46_60/seed_1/k_mean_buckets/samples/avg_new_dominance_generation/all_settings_avg_new_dominance_generation_k3_n10_examples.csv,all_settings_avg_new_dominance_generation_k3_n10_examples,3,avg_new_dominance_generation,avg_new_dominance_generation_bucket_k3,2,3
10326,encyclopaedia,in_context_examples/gemma/46_60/seed_1/k_mean_buckets/samples/avg_new_dominance_generation/all_settings_avg_new_dominance_generation_k3_n10_examples.csv,all_settings_avg_new_dominance_generation_k3_n10_examples,3,avg_new_dominance_generation,avg_new_dominance_generation_bucket_k3,1,3
10343,encyclopaedia,in_context_examples/gemma/46_60/seed_1/k_mean_buckets/samples/avg_new_dominance_generation/all_settings_avg_new_dominance_generation_k3_n10_examples.csv,all_settings_avg_new_dominance_generation_k3_n10_examples,3,avg_new_dominance_generation,avg_new_dominance_generation_bucket_k3,1,1
10365,encyclopaedia,in_context_examples/gemma/46_60/seed_1/k_mean_buckets/samples/avg_new_dominance_generation/all_settings_avg_new_dominance_generation_k3_n10_examples.csv,all_settings_avg_new_dominance_generation_k3_n10_examples,3,avg_new_dominance_generation,avg_new_dominance_generation_bucket_k3,3,2
10376,encyclopaedia,in_context_examples/gemma/46_60/seed_1/k_mean_buckets/samples/avg_new_dominance_generation/all_settings_avg_new_dominance_generation_k3_n10_examples.csv,all_settings_avg_new_dominance_generation_k3_n10_examples,3,avg_new_dominance_generation,avg_new_dominance_generation_bucket_k3,3,1
10440,encyclopaedia,in_context_examples/gemma/46_60/seed_1/k_mean_buckets/samples/avg_new_dominance_generation/all_settings_avg_new_dominance_generation_k3_n10_examples.csv,all_settings_avg_new_dominance_generation_k3_n10_examples,3,avg_new_dominance_generation,avg_new_dominance_generation_bucket_k3,2,2
10509,encyclopaedia,in_context_examples/gemma/46_60/seed_1/k_mean_buckets/samples/avg_new_dominance_generation/all_settings_avg_new_dominance_generation_k3_n10_examples.csv,all_settings_avg_new_dominance_generation_k3_n10_examples,3,avg_new_dominance_generation,avg_new_dominance_generation_bucket_k3,1,1
10747,encyclopaedia,in_context_examples/gemma/46_60/seed_1/k_mean_buckets/samples/avg_new_dominance_generation/all_settings_avg_new_dominance_generation_k3_n10_examples.csv,all_settings_avg_new_dominance_generation_k3_n10_examples,3,avg_new_dominance_generation,avg_new_dominance_generation_bucket_k3,3,3
10775,encyclopaedia,in_context_examples/gemma/46_60/seed_1/k_mean_buckets/samples/avg_new_dominance_generation/all_settings_avg_new_dominance_generation_k3_n10_examples.csv,all_settings_avg_new_dominance_generation_k3_n10_examples,3,avg_new_dominance_generation,avg_new_dominance_generation_bucket_k3,2,3
10845,encyclopaedia,in_context_examples/gemma/46_60/seed_1/k_mean_buckets/samples/avg_new_dominance_generation/all_settings_avg_new_dominance_generation_k3_n10_examples.csv,all_settings_avg_new_dominance_generation_k3_n10_examples,3,avg_new_dominance_generation,avg_new_dominance_generation_bucket_k3,2,1
10881,encyclopaedia,in_context_examples/gemma/46_60/seed_1/k_mean_buckets/samples/avg_new_dominance_generation/all_settings_avg_new_dominance_generation_k3_n10_examples.csv,all_settings_avg_new_dominance_generation_k3_n10_examples,3,avg_new_dominance_generation,avg_new_dominance_generation_bucket_k3,1,3
11168,encyclopaedia,in_context_examples/gemma/46_60/seed_1/k_mean_buckets/samples/avg_new_dominance_generation/all_settings_avg_new_dominance_generation_k3_n10_examples.csv,all_settings_avg_new_dominance_generation_k3_n10_examples,3,avg_new_dominance_generation,avg_new_dominance_generation_bucket_k3,3,2
11187,encyclopaedia,in_context_examples/gemma/46_60/seed_1/k_mean_buckets/samples/avg_new_dominance_generation/all_settings_avg_new_dominance_generation_k3_n10_examples.csv,all_settings_avg_new_dominance_generation_k3_n10_examples,3,avg_new_dominance_generation,avg_new_dominance_generation_bucket_k3,1,1
11382,encyclopaedia,in_context_examples/gemma/46_60/seed_1/k_mean_buckets/samples/avg_new_dominance_generation/all_settings_avg_new_dominance_generation_k3_n10_examples.csv,all_settings_avg_new_dominance_generation_k3_n10_examples,3,avg_new_dominance_generation,avg_new_dominance_generation_bucket_k3,3,3
11678,encyclopaedia,in_context_examples/gemma/46_60/seed_1/k_mean_buckets/samples/avg_new_dominance_generation/all_settings_avg_new_dominance_generation_k3_n10_examples.csv,all_settings_avg_new_dominance_generation_k3_n10_examples,3,avg_new_dominance_generation,avg_new_dominance_generation_bucket_k3,1,1
11722,encyclopaedia,in_context_examples/gemma/46_60/seed_1/k_mean_buckets/samples/avg_new_dominance_generation/all_settings_avg_new_dominance_generation_k3_n10_examples.csv,all_settings_avg_new_dominance_generation_k3_n10_examples,3,avg_new_dominance_generation,avg_new_dominance_generation_bucket_k3,2,2
11929,encyclopaedia,in_context_examples/gemma/46_60/seed_1/k_mean_buckets/samples/avg_new_dominance_generation/all_settings_avg_new_dominance_generation_k3_n10_examples.csv,all_settings_avg_new_dominance_generation_k3_n10_examples,3,avg_new_dominance_generation,avg_new_dominance_generation_bucket_k3,1,1
11976,encyclopaedia,in_context_examples/gemma/46_60/seed_1/k_mean_buckets/samples/avg_new_dominance_generation/all_settings_avg_new_dominance_generation_k3_n10_examples.csv,all_settings_avg_new_dominance_generation_k3_n10_examples,3,avg_new_dominance_generation,avg_new_dominance_generation_bucket_k3,2,3
11977,encyclopaedia,in_context_examples/gemma/46_60/seed_1/k_mean_buckets/samples/avg_new_dominance_generation/all_settings_avg_new_dominance_generation_k3_n10_examples.csv,all_settings_avg_new_dominance_generation_k3_n10_examples,3,avg_new_dominance_generation,avg_new_dominance_generation_bucket_k3,3,3
12194,encyclopaedia,in_context_examples/gemma/46_60/seed_1/k_mean_buckets/samples/avg_new_dominance_generation/all_settings_avg_new_dominance_generation_k3_n10_examples.csv,all_settings_avg_new_dominance_generation_k3_n10_examples,3,avg_new_dominance_generation,avg_new_dominance_generation_bucket_k3,1,1
12238,encyclopaedia,in_context_examples/gemma/46_60/seed_1/k_mean_buckets/samples/avg_new_dominance_generation/all_settings_avg_new_dominance_generation_k3_n10_examples.csv,all_settings_avg_new_dominance_generation_k3_n10_examples,3,avg_new_dominance_generation,avg_new_dominance_generation_bucket_k3,1,1
12472,encyclopaedia,in_context_examples/gemma/46_60/seed_1/k_mean_buckets/samples/avg_new_dominance_generation/all_settings_avg_new_dominance_generation_k3_n10_examples.csv,all_settings_avg_new_dominance_generation_k3_n10_examples,3,avg_new_dominance_generation,avg_new_dominance_generation_bucket_k3,2,3
12594,encyclopaedia,in_context_examples/gemma/46_60/seed_1/k_mean_buckets/samples/avg_new_dominance_generation/all_settings_avg_new_dominance_generation_k3_n10_examples.csv,all_settings_avg_new_dominance_generation_k3_n10_examples,3,avg_new_dominance_generation,avg_new_dominance_generation_bucket_k3,2,2
12597,encyclopaedia,in_context_examples/gemma/46_60/seed_1/k_mean_buckets/samples/avg_new_dominance_generation/all_settings_avg_new_dominance_generation_k3_n10_examples.csv,all_settings_avg_new_dominance_generation_k3_n10_examples,3,avg_new_dominance_generation,avg_new_dominance_generation_bucket_k3,2,2
12646,encyclopaedia,in_context_examples/gemma/46_60/seed_1/k_mean_buckets/samples/avg_new_dominance_generation/all_settings_avg_new_dominance_generation_k3_n10_examples.csv,all_settings_avg_new_dominance_generation_k3_n10_examples,3,avg_new_dominance_generation,avg_new_dominance_generation_bucket_k3,2,2
12671,encyclopaedia,in_context_examples/gemma/46_60/seed_1/k_mean_buckets/samples/avg_new_dominance_generation/all_settings_avg_new_dominance_generation_k3_n10_examples.csv,all_settings_avg_new_dominance_generation_k3_n10_examples,3,avg_new_dominance_generation,avg_new_dominance_generation_bucket_k3,2,1
12736,encyclopaedia,in_context_examples/gemma/46_60/seed_1/k_mean_buckets/samples/avg_new_dominance_generation/all_settings_avg_new_dominance_generation_k3_n10_examples.csv,all_settings_avg_new_dominance_generation_k3_n10_examples,3,avg_new_dominance_generation,avg_new_dominance_generation_bucket_k3,2,1
12837,encyclopaedia,in_context_examples/gemma/46_60/seed_1/k_mean_buckets/samples/avg_new_dominance_generation/all_settings_avg_new_dominance_generation_k3_n10_examples.csv,all_settings_avg_new_dominance_generation_k3_n10_examples,3,avg_new_dominance_generation,avg_new_dominance_generation_bucket_k3,2,1
12851,encyclopaedia,in_context_examples/gemma/46_60/seed_1/k_mean_buckets/samples/avg_new_dominance_generation/all_settings_avg_new_dominance_generation_k3_n10_examples.csv,all_settings_avg_new_dominance_generation_k3_n10_examples,3,avg_new_dominance_generation,avg_new_dominance_generation_bucket_k3,2,2
12923,encyclopaedia,in_context_examples/gemma/46_60/seed_1/k_mean_buckets/samples/avg_new_dominance_generation/all_settings_avg_new_dominance_generation_k3_n10_examples.csv,all_settings_avg_new_dominance_generation_k3_n10_examples,3,avg_new_dominance_generation,avg_new_dominance_generation_bucket_k3,2,3
13044,encyclopaedia,in_context_examples/gemma/46_60/seed_1/k_mean_buckets/samples/avg_new_dominance_generation/all_settings_avg_new_dominance_generation_k3_n10_examples.csv,all_settings_avg_new_dominance_generation_k3_n10_examples,3,avg_new_dominance_generation,avg_new_dominance_generation_bucket_k3,2,2
13070,encyclopaedia,in_context_examples/gemma/46_60/seed_1/k_mean_buckets/samples/avg_new_dominance_generation/all_settings_avg_new_dominance_generation_k3_n10_examples.csv,all_settings_avg_new_dominance_generation_k3_n10_examples,3,avg_new_dominance_generation,avg_new_dominance_generation_bucket_k3,1,1
13101,encyclopaedia,in_context_examples/gemma/46_60/seed_1/k_mean_buckets/samples/avg_new_dominance_generation/all_settings_avg_new_dominance_generation_k3_n10_examples.csv,all_settings_avg_new_dominance_generation_k3_n10_examples,3,avg_new_dominance_generation,avg_new_dominance_generation_bucket_k3,1,1
13199,encyclopaedia,in_context_examples/gemma/46_60/seed_1/k_mean_buckets/samples/avg_new_dominance_generation/all_settings_avg_new_dominance_generation_k3_n10_examples.csv,all_settings_avg_new_dominance_generation_k3_n10_examples,3,avg_new_dominance_generation,avg_new_dominance_generation_bucket_k3,1,3
13215,encyclopaedia,in_context_examples/gemma/46_60/seed_1/k_mean_buckets/samples/avg_new_dominance_generation/all_settings_avg_new_dominance_generation_k3_n10_examples.csv,all_settings_avg_new_dominance_generation_k3_n10_examples,3,avg_new_dominance_generation,avg_new_dominance_generation_bucket_k3,3,3
13245,encyclopaedia,in_context_examples/gemma/46_60/seed_1/k_mean_buckets/samples/avg_new_dominance_generation/all_settings_avg_new_dominance_generation_k3_n10_examples.csv,all_settings_avg_new_dominance_generation_k3_n10_examples,3,avg_new_dominance_generation,avg_new_dominance_generation_bucket_k3,2,3
13328,encyclopaedia,in_context_examples/gemma/46_60/seed_1/k_mean_buckets/samples/avg_new_dominance_generation/all_settings_avg_new_dominance_generation_k3_n10_examples.csv,all_settings_avg_new_dominance_generation_k3_n10_examples,3,avg_new_dominance_generation,avg_new_dominance_generation_bucket_k3,2,2
13419,encyclopaedia,in_context_examples/gemma/46_60/seed_1/k_mean_buckets/samples/avg_new_dominance_generation/all_settings_avg_new_dominance_generation_k3_n10_examples.csv,all_settings_avg_new_dominance_generation_k3_n10_examples,3,avg_new_dominance_generation,avg_new_dominance_generation_bucket_k3,2,3
13494,encyclopaedia,in_context_examples/gemma/46_60/seed_1/k_mean_buckets/samples/avg_new_dominance_generation/all_settings_avg_new_dominance_generation_k3_n10_examples.csv,all_settings_avg_new_dominance_generation_k3_n10_examples,3,avg_new_dominance_generation,avg_new_dominance_generation_bucket_k3,3,2
13729,encyclopaedia,in_context_examples/gemma/46_60/seed_1/k_mean_buckets/samples/avg_new_dominance_generation/all_settings_avg_new_dominance_generation_k3_n10_examples.csv,all_settings_avg_new_dominance_generation_k3_n10_examples,3,avg_new_dominance_generation,avg_new_dominance_generation_bucket_k3,1,1
13733,encyclopaedia,in_context_examples/gemma/46_60/seed_1/k_mean_buckets/samples/avg_new_dominance_generation/all_settings_avg_new_dominance_generation_k3_n10_examples.csv,all_settings_avg_new_dominance_generation_k3_n10_examples,3,avg_new_dominance_generation,avg_new_dominance_generation_bucket_k3,3,3
13833,encyclopaedia,in_context_examples/gemma/46_60/seed_1/k_mean_buckets/samples/avg_new_dominance_generation/all_settings_avg_new_dominance_generation_k3_n10_examples.csv,all_settings_avg_new_dominance_generation_k3_n10_examples,3,avg_new_dominance_generation,avg_new_dominance_generation_bucket_k3,3,3
14008,encyclopaedia,in_context_examples/gemma/46_60/seed_1/k_mean_buckets/samples/avg_new_dominance_generation/all_settings_avg_new_dominance_generation_k3_n10_examples.csv,all_settings_avg_new_dominance_generation_k3_n10_examples,3,avg_new_dominance_generation,avg_new_dominance_generation_bucket_k3,2,2
14320,encyclopaedia,in_context_examples/gemma/46_60/seed_1/k_mean_buckets/samples/avg_new_dominance_generation/all_settings_avg_new_dominance_generation_k3_n10_examples.csv,all_settings_avg_new_dominance_generation_k3_n10_examples,3,avg_new_dominance_generation,avg_new_dominance_generation_bucket_k3,2,3
14404,encyclopaedia,in_context_examples/gemma/46_60/seed_1/k_mean_buckets/samples/avg_new_dominance_generation/all_settings_avg_new_dominance_generation_k3_n10_examples.csv,all_settings_avg_new_dominance_generation_k3_n10_examples,3,avg_new_dominance_generation,avg_new_dominance_generation_bucket_k3,2,3
14442,encyclopaedia,in_context_examples/gemma/46_60/seed_1/k_mean_buckets/samples/avg_new_dominance_generation/all_settings_avg_new_dominance_generation_k3_n10_examples.csv,all_settings_avg_new_dominance_generation_k3_n10_examples,3,avg_new_dominance_generation,avg_new_dominance_generation_bucket_k3,1,3
14492,encyclopaedia,in_context_examples/gemma/46_60/seed_1/k_mean_buckets/samples/avg_new_dominance_generation/all_settings_avg_new_dominance_generation_k3_n10_examples.csv,all_settings_avg_new_dominance_generation_k3_n10_examples,3,avg_new_dominance_generation,avg_new_dominance_generation_bucket_k3,2,3
14535,encyclopaedia,in_context_examples/gemma/46_60/seed_1/k_mean_buckets/samples/avg_new_dominance_generation/all_settings_avg_new_dominance_generation_k3_n10_examples.csv,all_settings_avg_new_dominance_generation_k3_n10_examples,3,avg_new_dominance_generation,avg_new_dominance_generation_bucket_k3,2,3
14648,encyclopaedia,in_context_examples/gemma/46_60/seed_1/k_mean_buckets/samples/avg_new_dominance_generation/all_settings_avg_new_dominance_generation_k3_n10_examples.csv,all_settings_avg_new_dominance_generation_k3_n10_examples,3,avg_new_dominance_generation,avg_new_dominance_generation_bucket_k3,3,3
14677,encyclopaedia,in_context_examples/gemma/46_60/seed_1/k_mean_buckets/samples/avg_new_dominance_generation/all_settings_avg_new_dominance_generation_k3_n10_examples.csv,all_settings_avg_new_dominance_generation_k3_n10_examples,3,avg_new_dominance_generation,avg_new_dominance_generation_bucket_k3,2,3
14735,encyclopaedia,in_context_examples/gemma/46_60/seed_1/k_mean_buckets/samples/avg_new_dominance_generation/all_settings_avg_new_dominance_generation_k3_n10_examples.csv,all_settings_avg_new_dominance_generation_k3_n10_examples,3,avg_new_dominance_generation,avg_new_dominance_generation_bucket_k3,3,3
14745,encyclopaedia,in_context_examples/gemma/46_60/seed_1/k_mean_buckets/samples/avg_new_dominance_generation/all_settings_avg_new_dominance_generation_k3_n10_examples.csv,all_settings_avg_new_dominance_generation_k3_n10_examples,3,avg_new_dominance_generation,avg_new_dominance_generation_bucket_k3,2,1
14815,encyclopaedia,in_context_examples/gemma/46_60/seed_1/k_mean_buckets/samples/avg_new_dominance_generation/all_settings_avg_new_dominance_generation_k3_n10_examples.csv,all_settings_avg_new_dominance_generation_k3_n10_examples,3,avg_new_dominance_generation,avg_new_dominance_generation_bucket_k3,3,1
14852,encyclopaedia,in_context_examples/gemma/46_60/seed_1/k_mean_buckets/samples/avg_new_dominance_generation/all_settings_avg_new_dominance_generation_k3_n10_examples.csv,all_settings_avg_new_dominance_generation_k3_n10_examples,3,avg_new_dominance_generation,avg_new_dominance_generation_bucket_k3,1,3
14883,encyclopaedia,in_context_examples/gemma/46_60/seed_1/k_mean_buckets/samples/avg_new_dominance_generation/all_settings_avg_new_dominance_generation_k3_n10_examples.csv,all_settings_avg_new_dominance_generation_k3_n10_examples,3,avg_new_dominance_generation,avg_new_dominance_generation_bucket_k3,2,3
14907,encyclopaedia,in_context_examples/gemma/46_60/seed_1/k_mean_buckets/samples/avg_new_dominance_generation/all_settings_avg_new_dominance_generation_k3_n10_examples.csv,all_settings_avg_new_dominance_generation_k3_n10_examples,3,avg_new_dominance_generation,avg_new_dominance_generation_bucket_k3,1,3
14997,encyclopaedia,in_context_examples/gemma/46_60/seed_1/k_mean_buckets/samples/avg_new_dominance_generation/all_settings_avg_new_dominance_generation_k3_n10_examples.csv,all_settings_avg_new_dominance_generation_k3_n10_examples,3,avg_new_dominance_generation,avg_new_dominance_generation_bucket_k3,2,2
15064,encyclopaedia,in_context_examples/gemma/46_60/seed_1/k_mean_buckets/samples/avg_new_dominance_generation/all_settings_avg_new_dominance_generation_k3_n10_examples.csv,all_settings_avg_new_dominance_generation_k3_n10_examples,3,avg_new_dominance_generation,avg_new_dominance_generation_bucket_k3,2,3
15249,encyclopaedia,in_context_examples/gemma/46_60/seed_1/k_mean_buckets/samples/avg_new_dominance_generation/all_settings_avg_new_dominance_generation_k3_n10_examples.csv,all_settings_avg_new_dominance_generation_k3_n10_examples,3,avg_new_dominance_generation,avg_new_dominance_generation_bucket_k3,1,2
15291,encyclopaedia,in_context_examples/gemma/46_60/seed_1/k_mean_buckets/samples/avg_new_dominance_generation/all_settings_avg_new_dominance_generation_k3_n10_examples.csv,all_settings_avg_new_dominance_generation_k3_n10_examples,3,avg_new_dominance_generation,avg_new_dominance_generation_bucket_k3,2,3
15577,encyclopaedia,in_context_examples/gemma/46_60/seed_1/k_mean_buckets/samples/avg_new_dominance_generation/all_settings_avg_new_dominance_generation_k3_n10_examples.csv,all_settings_avg_new_dominance_generation_k3_n10_examples,3,avg_new_dominance_generation,avg_new_dominance_generation_bucket_k3,3,1
15766,encyclopaedia,in_context_examples/gemma/46_60/seed_1/k_mean_buckets/samples/avg_new_dominance_generation/all_settings_avg_new_dominance_generation_k3_n10_examples.csv,all_settings_avg_new_dominance_generation_k3_n10_examples,3,avg_new_dominance_generation,avg_new_dominance_generation_bucket_k3,3,2
15850,encyclopaedia,in_context_examples/gemma/46_60/seed_1/k_mean_buckets/samples/avg_new_dominance_generation/all_settings_avg_new_dominance_generation_k3_n10_examples.csv,all_settings_avg_new_dominance_generation_k3_n10_examples,3,avg_new_dominance_generation,avg_new_dominance_generation_bucket_k3,2,3
15867,encyclopaedia,in_context_examples/gemma/46_60/seed_1/k_mean_buckets/samples/avg_new_dominance_generation/all_settings_avg_new_dominance_generation_k3_n10_examples.csv,all_settings_avg_new_dominance_generation_k3_n10_examples,3,avg_new_dominance_generation,avg_new_dominance_generation_bucket_k3,2,3
15954,encyclopaedia,in_context_examples/gemma/46_60/seed_1/k_mean_buckets/samples/avg_new_dominance_generation/all_settings_avg_new_dominance_generation_k3_n10_examples.csv,all_settings_avg_new_dominance_generation_k3_n10_examples,3,avg_new_dominance_generation,avg_new_dominance_generation_bucket_k3,1,1
15957,encyclopaedia,in_context_examples/gemma/46_60/seed_1/k_mean_buckets/samples/avg_new_dominance_generation/all_settings_avg_new_dominance_generation_k3_n10_examples.csv,all_settings_avg_new_dominance_generation_k3_n10_examples,3,avg_new_dominance_generation,avg_new_dominance_generation_bucket_k3,3,1
16048,encyclopaedia,in_context_examples/gemma/46_60/seed_1/k_mean_buckets/samples/avg_new_dominance_generation/all_settings_avg_new_dominance_generation_k3_n10_examples.csv,all_settings_avg_new_dominance_generation_k3_n10_examples,3,avg_new_dominance_generation,avg_new_dominance_generation_bucket_k3,2,2
16130,encyclopaedia,in_context_examples/gemma/46_60/seed_1/k_mean_buckets/samples/avg_new_dominance_generation/all_settings_avg_new_dominance_generation_k3_n10_examples.csv,all_settings_avg_new_dominance_generation_k3_n10_examples,3,avg_new_dominance_generation,avg_new_dominance_generation_bucket_k3,1,1
16377,encyclopaedia,in_context_examples/gemma/46_60/seed_1/k_mean_buckets/samples/avg_new_dominance_generation/all_settings_avg_new_dominance_generation_k3_n10_examples.csv,all_settings_avg_new_dominance_generation_k3_n10_examples,3,avg_new_dominance_generation,avg_new_dominance_generation_bucket_k3,2,2
16426,encyclopaedia,in_context_examples/gemma/46_60/seed_1/k_mean_buckets/samples/avg_new_dominance_generation/all_settings_avg_new_dominance_generation_k3_n10_examples.csv,all_settings_avg_new_dominance_generation_k3_n10_examples,3,avg_new_dominance_generation,avg_new_dominance_generation_bucket_k3,2,2
16479,encyclopaedia,in_context_examples/gemma/46_60/seed_1/k_mean_buckets/samples/avg_new_dominance_generation/all_settings_avg_new_dominance_generation_k3_n10_examples.csv,all_settings_avg_new_dominance_generation_k3_n10_examples,3,avg_new_dominance_generation,avg_new_dominance_generation_bucket_k3,1,3
16556,encyclopaedia,in_context_examples/gemma/46_60/seed_1/k_mean_buckets/samples/avg_new_dominance_generation/all_settings_avg_new_dominance_generation_k3_n10_examples.csv,all_settings_avg_new_dominance_generation_k3_n10_examples,3,avg_new_dominance_generation,avg_new_dominance_generation_bucket_k3,2,2
16585,encyclopaedia,in_context_examples/gemma/46_60/seed_1/k_mean_buckets/samples/avg_new_dominance_generation/all_settings_avg_new_dominance_generation_k3_n10_examples.csv,all_settings_avg_new_dominance_generation_k3_n10_examples,3,avg_new_dominance_generation,avg_new_dominance_generation_bucket_k3,2,1
16655,encyclopaedia,in_context_examples/gemma/46_60/seed_1/k_mean_buckets/samples/avg_new_dominance_generation/all_settings_avg_new_dominance_generation_k3_n10_examples.csv,all_settings_avg_new_dominance_generation_k3_n10_examples,3,avg_new_dominance_generation,avg_new_dominance_generation_bucket_k3,1,1
16803,encyclopaedia,in_context_examples/gemma/46_60/seed_1/k_mean_buckets/samples/avg_new_dominance_generation/all_settings_avg_new_dominance_generation_k3_n10_examples.csv,all_settings_avg_new_dominance_generation_k3_n10_examples,3,avg_new_dominance_generation,avg_new_dominance_generation_bucket_k3,1,1
16841,encyclopaedia,in_context_examples/gemma/46_60/seed_1/k_mean_buckets/samples/avg_new_dominance_generation/all_settings_avg_new_dominance_generation_k3_n10_examples.csv,all_settings_avg_new_dominance_generation_k3_n10_examples,3,avg_new_dominance_generation,avg_new_dominance_generation_bucket_k3,2,3
16993,encyclopaedia,in_context_examples/gemma/46_60/seed_1/k_mean_buckets/samples/avg_new_dominance_generation/all_settings_avg_new_dominance_generation_k3_n10_examples.csv,all_settings_avg_new_dominance_generation_k3_n10_examples,3,avg_new_dominance_generation,avg_new_dominance_generation_bucket_k3,1,2
17002,encyclopaedia,in_context_examples/gemma/46_60/seed_1/k_mean_buckets/samples/avg_new_dominance_generation/all_settings_avg_new_dominance_generation_k3_n10_examples.csv,all_settings_avg_new_dominance_generation_k3_n10_examples,3,avg_new_dominance_generation,avg_new_dominance_generation_bucket_k3,1,1
17094,encyclopaedia,in_context_examples/gemma/46_60/seed_1/k_mean_buckets/samples/avg_new_dominance_generation/all_settings_avg_new_dominance_generation_k3_n10_examples.csv,all_settings_avg_new_dominance_generation_k3_n10_examples,3,avg_new_dominance_generation,avg_new_dominance_generation_bucket_k3,2,3
17247,encyclopaedia,in_context_examples/gemma/46_60/seed_1/k_mean_buckets/samples/avg_new_dominance_generation/all_settings_avg_new_dominance_generation_k3_n10_examples.csv,all_settings_avg_new_dominance_generation_k3_n10_examples,3,avg_new_dominance_generation,avg_new_dominance_generation_bucket_k3,1,1
17276,encyclopaedia,in_context_examples/gemma/46_60/seed_1/k_mean_buckets/samples/avg_new_dominance_generation/all_settings_avg_new_dominance_generation_k3_n10_examples.csv,all_settings_avg_new_dominance_generation_k3_n10_examples,3,avg_new_dominance_generation,avg_new_dominance_generation_bucket_k3,1,3
17298,encyclopaedia,in_context_examples/gemma/46_60/seed_1/k_mean_buckets/samples/avg_new_dominance_generation/all_settings_avg_new_dominance_generation_k3_n10_examples.csv,all_settings_avg_new_dominance_generation_k3_n10_examples,3,avg_new_dominance_generation,avg_new_dominance_generation_bucket_k3,2,2
17378,encyclopaedia,in_context_examples/gemma/46_60/seed_1/k_mean_buckets/samples/avg_new_dominance_generation/all_settings_avg_new_dominance_generation_k3_n10_examples.csv,all_settings_avg_new_dominance_generation_k3_n10_examples,3,avg_new_dominance_generation,avg_new_dominance_generation_bucket_k3,2,2
17525,encyclopaedia,in_context_examples/gemma/46_60/seed_1/k_mean_buckets/samples/avg_new_dominance_generation/all_settings_avg_new_dominance_generation_k3_n10_examples.csv,all_settings_avg_new_dominance_generation_k3_n10_examples,3,avg_new_dominance_generation,avg_new_dominance_generation_bucket_k3,3,2
17528,encyclopaedia,in_context_examples/gemma/46_60/seed_1/k_mean_buckets/samples/avg_new_dominance_generation/all_settings_avg_new_dominance_generation_k3_n10_examples.csv,all_settings_avg_new_dominance_generation_k3_n10_examples,3,avg_new_dominance_generation,avg_new_dominance_generation_bucket_k3,2,2
17811,encyclopaedia,in_context_examples/gemma/46_60/seed_1/k_mean_buckets/samples/avg_new_dominance_generation/all_settings_avg_new_dominance_generation_k3_n10_examples.csv,all_settings_avg_new_dominance_generation_k3_n10_examples,3,avg_new_dominance_generation,avg_new_dominance_generation_bucket_k3,3,3
18070,encyclopaedia,in_context_examples/gemma/46_60/seed_1/k_mean_buckets/samples/avg_new_dominance_generation/all_settings_avg_new_dominance_generation_k3_n10_examples.csv,all_settings_avg_new_dominance_generation_k3_n10_examples,3,avg_new_dominance_generation,avg_new_dominance_generation_bucket_k3,2,3
18094,encyclopaedia,in_context_examples/gemma/46_60/seed_1/k_mean_buckets/samples/avg_new_dominance_generation/all_settings_avg_new_dominance_generation_k3_n10_examples.csv,all_settings_avg_new_dominance_generation_k3_n10_examples,3,avg_new_dominance_generation,avg_new_dominance_generation_bucket_k3,1,1
18143,encyclopaedia,in_context_examples/gemma/46_60/seed_1/k_mean_buckets/samples/avg_new_dominance_generation/all_settings_avg_new_dominance_generation_k3_n10_examples.csv,all_settings_avg_new_dominance_generation_k3_n10_examples,3,avg_new_dominance_generation,avg_new_dominance_generation_bucket_k3,2,3
18161,encyclopaedia,in_context_examples/gemma/46_60/seed_1/k_mean_buckets/samples/avg_new_dominance_generation/all_settings_avg_new_dominance_generation_k3_n10_examples.csv,all_settings_avg_new_dominance_generation_k3_n10_examples,3,avg_new_dominance_generation,avg_new_dominance_generation_bucket_k3,3,1
18242,encyclopaedia,in_context_examples/gemma/46_60/seed_1/k_mean_buckets/samples/avg_new_dominance_generation/all_settings_avg_new_dominance_generation_k3_n10_examples.csv,all_settings_avg_new_dominance_generation_k3_n10_examples,3,avg_new_dominance_generation,avg_new_dominance_generation_bucket_k3,1,1
18284,encyclopaedia,in_context_examples/gemma/46_60/seed_1/k_mean_buckets/samples/avg_new_dominance_generation/all_settings_avg_new_dominance_generation_k3_n10_examples.csv,all_settings_avg_new_dominance_generation_k3_n10_examples,3,avg_new_dominance_generation,avg_new_dominance_generation_bucket_k3,1,2
18319,encyclopaedia,in_context_examples/gemma/46_60/seed_1/k_mean_buckets/samples/avg_new_dominance_generation/all_settings_avg_new_dominance_generation_k3_n10_examples.csv,all_settings_avg_new_dominance_generation_k3_n10_examples,3,avg_new_dominance_generation,avg_new_dominance_generation_bucket_k3,1,3
18510,encyclopaedia,in_context_examples/gemma/46_60/seed_1/k_mean_buckets/samples/avg_new_dominance_generation/all_settings_avg_new_dominance_generation_k3_n10_examples.csv,all_settings_avg_new_dominance_generation_k3_n10_examples,3,avg_new_dominance_generation,avg_new_dominance_generation_bucket_k3,1,2
18520,encyclopaedia,in_context_examples/gemma/46_60/seed_1/k_mean_buckets/samples/avg_new_dominance_generation/all_settings_avg_new_dominance_generation_k3_n10_examples.csv,all_settings_avg_new_dominance_generation_k3_n10_examples,3,avg_new_dominance_generation,avg_new_dominance_generation_bucket_k3,2,2
18587,encyclopaedia,in_context_examples/gemma/46_60/seed_1/k_mean_buckets/samples/avg_new_dominance_generation/all_settings_avg_new_dominance_generation_k3_n10_examples.csv,all_settings_avg_new_dominance_generation_k3_n10_examples,3,avg_new_dominance_generation,avg_new_dominance_generation_bucket_k3,2,1
18592,encyclopaedia,in_context_examples/gemma/46_60/seed_1/k_mean_buckets/samples/avg_new_dominance_generation/all_settings_avg_new_dominance_generation_k3_n10_examples.csv,all_settings_avg_new_dominance_generation_k3_n10_examples,3,avg_new_dominance_generation,avg_new_dominance_generation_bucket_k3,2,3
18604,encyclopaedia,in_context_examples/gemma/46_60/seed_1/k_mean_buckets/samples/avg_new_dominance_generation/all_settings_avg_new_dominance_generation_k3_n10_examples.csv,all_settings_avg_new_dominance_generation_k3_n10_examples,3,avg_new_dominance_generation,avg_new_dominance_generation_bucket_k3,2,3
18786,encyclopaedia,in_context_examples/gemma/46_60/seed_1/k_mean_buckets/samples/avg_new_dominance_generation/all_settings_avg_new_dominance_generation_k3_n10_examples.csv,all_settings_avg_new_dominance_generation_k3_n10_examples,3,avg_new_dominance_generation,avg_new_dominance_generation_bucket_k3,2,2
18840,encyclopaedia,in_context_examples/gemma/46_60/seed_1/k_mean_buckets/samples/avg_new_dominance_generation/all_settings_avg_new_dominance_generation_k3_n10_examples.csv,all_settings_avg_new_dominance_generation_k3_n10_examples,3,avg_new_dominance_generation,avg_new_dominance_generation_bucket_k3,1,3
18845,encyclopaedia,in_context_examples/gemma/46_60/seed_1/k_mean_buckets/samples/avg_new_dominance_generation/all_settings_avg_new_dominance_generation_k3_n10_examples.csv,all_settings_avg_new_dominance_generation_k3_n10_examples,3,avg_new_dominance_generation,avg_new_dominance_generation_bucket_k3,2,1
18860,encyclopaedia,in_context_examples/gemma/46_60/seed_1/k_mean_buckets/samples/avg_new_dominance_generation/all_settings_avg_new_dominance_generation_k3_n10_examples.csv,all_settings_avg_new_dominance_generation_k3_n10_examples,3,avg_new_dominance_generation,avg_new_dominance_generation_bucket_k3,2,1
18966,encyclopaedia,in_context_examples/gemma/46_60/seed_1/k_mean_buckets/samples/avg_new_dominance_generation/all_settings_avg_new_dominance_generation_k3_n10_examples.csv,all_settings_avg_new_dominance_generation_k3_n10_examples,3,avg_new_dominance_generation,avg_new_dominance_generation_bucket_k3,1,1
19047,encyclopaedia,in_context_examples/gemma/46_60/seed_1/k_mean_buckets/samples/avg_new_dominance_generation/all_settings_avg_new_dominance_generation_k3_n10_examples.csv,all_settings_avg_new_dominance_generation_k3_n10_examples,3,avg_new_dominance_generation,avg_new_dominance_generation_bucket_k3,1,2
19066,encyclopaedia,in_context_examples/gemma/46_60/seed_1/k_mean_buckets/samples/avg_new_dominance_generation/all_settings_avg_new_dominance_generation_k3_n10_examples.csv,all_settings_avg_new_dominance_generation_k3_n10_examples,3,avg_new_dominance_generation,avg_new_dominance_generation_bucket_k3,2,3
19107,encyclopaedia,in_context_examples/gemma/46_60/seed_1/k_mean_buckets/samples/avg_new_dominance_generation/all_settings_avg_new_dominance_generation_k3_n10_examples.csv,all_settings_avg_new_dominance_generation_k3_n10_examples,3,avg_new_dominance_generation,avg_new_dominance_generation_bucket_k3,1,3
19114,encyclopaedia,in_context_examples/gemma/46_60/seed_1/k_mean_buckets/samples/avg_new_dominance_generation/all_settings_avg_new_dominance_generation_k3_n10_examples.csv,all_settings_avg_new_dominance_generation_k3_n10_examples,3,avg_new_dominance_generation,avg_new_dominance_generation_bucket_k3,2,2
19122,encyclopaedia,in_context_examples/gemma/46_60/seed_1/k_mean_buckets/samples/avg_new_dominance_generation/all_settings_avg_new_dominance_generation_k3_n10_examples.csv,all_settings_avg_new_dominance_generation_k3_n10_examples,3,avg_new_dominance_generation,avg_new_dominance_generation_bucket_k3,3,3
19214,encyclopaedia,in_context_examples/gemma/46_60/seed_1/k_mean_buckets/samples/avg_new_dominance_generation/all_settings_avg_new_dominance_generation_k3_n10_examples.csv,all_settings_avg_new_dominance_generation_k3_n10_examples,3,avg_new_dominance_generation,avg_new_dominance_generation_bucket_k3,2,1
19322,encyclopaedia,in_context_examples/gemma/46_60/seed_1/k_mean_buckets/samples/avg_new_dominance_generation/all_settings_avg_new_dominance_generation_k3_n10_examples.csv,all_settings_avg_new_dominance_generation_k3_n10_examples,3,avg_new_dominance_generation,avg_new_dominance_generation_bucket_k3,2,3
19430,encyclopaedia,in_context_examples/gemma/46_60/seed_1/k_mean_buckets/samples/avg_new_dominance_generation/all_settings_avg_new_dominance_generation_k3_n10_examples.csv,all_settings_avg_new_dominance_generation_k3_n10_examples,3,avg_new_dominance_generation,avg_new_dominance_generation_bucket_k3,3,3
19485,encyclopaedia,in_context_examples/gemma/46_60/seed_1/k_mean_buckets/samples/avg_new_dominance_generation/all_settings_avg_new_dominance_generation_k3_n10_examples.csv,all_settings_avg_new_dominance_generation_k3_n10_examples,3,avg_new_dominance_generation,avg_new_dominance_generation_bucket_k3,3,3
19523,encyclopaedia,in_context_examples/gemma/46_60/seed_1/k_mean_buckets/samples/avg_new_dominance_generation/all_settings_avg_new_dominance_generation_k3_n10_examples.csv,all_settings_avg_new_dominance_generation_k3_n10_examples,3,avg_new_dominance_generation,avg_new_dominance_generation_bucket_k3,1,3
19597,encyclopaedia,in_context_examples/gemma/46_60/seed_1/k_mean_buckets/samples/avg_new_dominance_generation/all_settings_avg_new_dominance_generation_k3_n10_examples.csv,all_settings_avg_new_dominance_generation_k3_n10_examples,3,avg_new_dominance_generation,avg_new_dominance_generation_bucket_k3,1,1
19829,encyclopaedia,in_context_examples/gemma/46_60/seed_1/k_mean_buckets/samples/avg_new_dominance_generation/all_settings_avg_new_dominance_generation_k3_n10_examples.csv,all_settings_avg_new_dominance_generation_k3_n10_examples,3,avg_new_dominance_generation,avg_new_dominance_generation_bucket_k3,3,2
19898,encyclopaedia,in_context_examples/gemma/46_60/seed_1/k_mean_buckets/samples/avg_new_dominance_generation/all_settings_avg_new_dominance_generation_k3_n10_examples.csv,all_settings_avg_new_dominance_generation_k3_n10_examples,3,avg_new_dominance_generation,avg_new_dominance_generation_bucket_k3,2,2
19941,encyclopaedia,in_context_examples/gemma/46_60/seed_1/k_mean_buckets/samples/avg_new_dominance_generation/all_settings_avg_new_dominance_generation_k3_n10_examples.csv,all_settings_avg_new_dominance_generation_k3_n10_examples,3,avg_new_dominance_generation,avg_new_dominance_generation_bucket_k3,2,3
20051,encyclopaedia,in_context_examples/gemma/46_60/seed_1/k_mean_buckets/samples/avg_new_dominance_generation/all_settings_avg_new_dominance_generation_k3_n10_examples.csv,all_settings_avg_new_dominance_generation_k3_n10_examples,3,avg_new_dominance_generation,avg_new_dominance_generation_bucket_k3,2,1
20098,encyclopaedia,in_context_examples/gemma/46_60/seed_1/k_mean_buckets/samples/avg_new_dominance_generation/all_settings_avg_new_dominance_generation_k3_n10_examples.csv,all_settings_avg_new_dominance_generation_k3_n10_examples,3,avg_new_dominance_generation,avg_new_dominance_generation_bucket_k3,1,3
20112,encyclopaedia,in_context_examples/gemma/46_60/seed_1/k_mean_buckets/samples/avg_new_dominance_generation/all_settings_avg_new_dominance_generation_k3_n10_examples.csv,all_settings_avg_new_dominance_generation_k3_n10_examples,3,avg_new_dominance_generation,avg_new_dominance_generation_bucket_k3,2,2
20182,encyclopaedia,in_context_examples/gemma/46_60/seed_1/k_mean_buckets/samples/avg_new_dominance_generation/all_settings_avg_new_dominance_generation_k3_n10_examples.csv,all_settings_avg_new_dominance_generation_k3_n10_examples,3,avg_new_dominance_generation,avg_new_dominance_generation_bucket_k3,2,2
20202,encyclopaedia,in_context_examples/gemma/46_60/seed_1/k_mean_buckets/samples/avg_new_dominance_generation/all_settings_avg_new_dominance_generation_k3_n10_examples.csv,all_settings_avg_new_dominance_generation_k3_n10_examples,3,avg_new_dominance_generation,avg_new_dominance_generation_bucket_k3,1,1
20311,encyclopaedia,in_context_examples/gemma/46_60/seed_1/k_mean_buckets/samples/avg_new_dominance_generation/all_settings_avg_new_dominance_generation_k3_n10_examples.csv,all_settings_avg_new_dominance_generation_k3_n10_examples,3,avg_new_dominance_generation,avg_new_dominance_generation_bucket_k3,2,3
20324,encyclopaedia,in_context_examples/gemma/46_60/seed_1/k_mean_buckets/samples/avg_new_dominance_generation/all_settings_avg_new_dominance_generation_k3_n10_examples.csv,all_settings_avg_new_dominance_generation_k3_n10_examples,3,avg_new_dominance_generation,avg_new_dominance_generation_bucket_k3,2,2
20486,encyclopaedia,in_context_examples/gemma/46_60/seed_1/k_mean_buckets/samples/avg_new_dominance_generation/all_settings_avg_new_dominance_generation_k3_n10_examples.csv,all_settings_avg_new_dominance_generation_k3_n10_examples,3,avg_new_dominance_generation,avg_new_dominance_generation_bucket_k3,2,2
20647,encyclopaedia,in_context_examples/gemma/46_60/seed_1/k_mean_buckets/samples/avg_new_dominance_generation/all_settings_avg_new_dominance_generation_k3_n10_examples.csv,all_settings_avg_new_dominance_generation_k3_n10_examples,3,avg_new_dominance_generation,avg_new_dominance_generation_bucket_k3,2,2
20680,encyclopaedia,in_context_examples/gemma/46_60/seed_1/k_mean_buckets/samples/avg_new_dominance_generation/all_settings_avg_new_dominance_generation_k3_n10_examples.csv,all_settings_avg_new_dominance_generation_k3_n10_examples,3,avg_new_dominance_generation,avg_new_dominance_generation_bucket_k3,2,2
20821,encyclopaedia,in_context_examples/gemma/46_60/seed_1/k_mean_buckets/samples/avg_new_dominance_generation/all_settings_avg_new_dominance_generation_k3_n10_examples.csv,all_settings_avg_new_dominance_generation_k3_n10_examples,3,avg_new_dominance_generation,avg_new_dominance_generation_bucket_k3,2,3
21013,encyclopaedia,in_context_examples/gemma/46_60/seed_1/k_mean_buckets/samples/avg_new_dominance_generation/all_settings_avg_new_dominance_generation_k3_n10_examples.csv,all_settings_avg_new_dominance_generation_k3_n10_examples,3,avg_new_dominance_generation,avg_new_dominance_generation_bucket_k3,3,2
21066,encyclopaedia,in_context_examples/gemma/46_60/seed_1/k_mean_buckets/samples/avg_new_dominance_generation/all_settings_avg_new_dominance_generation_k3_n10_examples.csv,all_settings_avg_new_dominance_generation_k3_n10_examples,3,avg_new_dominance_generation,avg_new_dominance_generation_bucket_k3,2,3
21073,encyclopaedia,in_context_examples/gemma/46_60/seed_1/k_mean_buckets/samples/avg_new_dominance_generation/all_settings_avg_new_dominance_generation_k3_n10_examples.csv,all_settings_avg_new_dominance_generation_k3_n10_examples,3,avg_new_dominance_generation,avg_new_dominance_generation_bucket_k3,1,1
21076,encyclopaedia,in_context_examples/gemma/46_60/seed_1/k_mean_buckets/samples/avg_new_dominance_generation/all_settings_avg_new_dominance_generation_k3_n10_examples.csv,all_settings_avg_new_dominance_generation_k3_n10_examples,3,avg_new_dominance_generation,avg_new_dominance_generation_bucket_k3,1,3
21157,encyclopaedia,in_context_examples/gemma/46_60/seed_1/k_mean_buckets/samples/avg_new_dominance_generation/all_settings_avg_new_dominance_generation_k3_n10_examples.csv,all_settings_avg_new_dominance_generation_k3_n10_examples,3,avg_new_dominance_generation,avg_new_dominance_generation_bucket_k3,2,2
21279,encyclopaedia,in_context_examples/gemma/46_60/seed_1/k_mean_buckets/samples/avg_new_dominance_generation/all_settings_avg_new_dominance_generation_k3_n10_examples.csv,all_settings_avg_new_dominance_generation_k3_n10_examples,3,avg_new_dominance_generation,avg_new_dominance_generation_bucket_k3,1,3
21468,encyclopaedia,in_context_examples/gemma/46_60/seed_1/k_mean_buckets/samples/avg_new_dominance_generation/all_settings_avg_new_dominance_generation_k3_n10_examples.csv,all_settings_avg_new_dominance_generation_k3_n10_examples,3,avg_new_dominance_generation,avg_new_dominance_generation_bucket_k3,2,3
21488,encyclopaedia,in_context_examples/gemma/46_60/seed_1/k_mean_buckets/samples/avg_new_dominance_generation/all_settings_avg_new_dominance_generation_k3_n10_examples.csv,all_settings_avg_new_dominance_generation_k3_n10_examples,3,avg_new_dominance_generation,avg_new_dominance_generation_bucket_k3,2,2
21537,encyclopaedia,in_context_examples/gemma/46_60/seed_1/k_mean_buckets/samples/avg_new_dominance_generation/all_settings_avg_new_dominance_generation_k3_n10_examples.csv,all_settings_avg_new_dominance_generation_k3_n10_examples,3,avg_new_dominance_generation,avg_new_dominance_generation_bucket_k3,2,3
21638,encyclopaedia,in_context_examples/gemma/46_60/seed_1/k_mean_buckets/samples/avg_new_dominance_generation/all_settings_avg_new_dominance_generation_k3_n10_examples.csv,all_settings_avg_new_dominance_generation_k3_n10_examples,3,avg_new_dominance_generation,avg_new_dominance_generation_bucket_k3,2,3
21791,encyclopaedia,in_context_examples/gemma/46_60/seed_1/k_mean_buckets/samples/avg_new_dominance_generation/all_settings_avg_new_dominance_generation_k3_n10_examples.csv,all_settings_avg_new_dominance_generation_k3_n10_examples,3,avg_new_dominance_generation,avg_new_dominance_generation_bucket_k3,2,2
21836,encyclopaedia,in_context_examples/gemma/46_60/seed_1/k_mean_buckets/samples/avg_new_dominance_generation/all_settings_avg_new_dominance_generation_k3_n10_examples.csv,all_settings_avg_new_dominance_generation_k3_n10_examples,3,avg_new_dominance_generation,avg_new_dominance_generation_bucket_k3,3,1
108,information_not_credible_source_new,in_context_examples/gemma/46_60/seed_1/k_mean_buckets/samples/avg_new_dominance_generation/all_settings_avg_new_dominance_generation_k3_n10_examples.csv,all_settings_avg_new_dominance_generation_k3_n10_examples,3,avg_new_dominance_generation,avg_new_dominance_generation_bucket_k3,1,2
165,information_not_credible_source_new,in_context_examples/gemma/46_60/seed_1/k_mean_buckets/samples/avg_new_dominance_generation/all_settings_avg_new_dominance_generation_k3_n10_examples.csv,all_settings_avg_new_dominance_generation_k3_n10_examples,3,avg_new_dominance_generation,avg_new_dominance_generation_bucket_k3,3,1
187,information_not_credible_source_new,in_context_examples/gemma/46_60/seed_1/k_mean_buckets/samples/avg_new_dominance_generation/all_settings_avg_new_dominance_generation_k3_n10_examples.csv,all_settings_avg_new_dominance_generation_k3_n10_examples,3,avg_new_dominance_generation,avg_new_dominance_generation_bucket_k3,2,1
222,information_not_credible_source_new,in_context_examples/gemma/46_60/seed_1/k_mean_buckets/samples/avg_new_dominance_generation/all_settings_avg_new_dominance_generation_k3_n10_examples.csv,all_settings_avg_new_dominance_generation_k3_n10_examples,3,avg_new_dominance_generation,avg_new_dominance_generation_bucket_k3,1,2
243,information_not_credible_source_new,in_context_examples/gemma/46_60/seed_1/k_mean_buckets/samples/avg_new_dominance_generation/all_settings_avg_new_dominance_generation_k3_n10_examples.csv,all_settings_avg_new_dominance_generation_k3_n10_examples,3,avg_new_dominance_generation,avg_new_dominance_generation_bucket_k3,2,3
307,information_not_credible_source_new,in_context_examples/gemma/46_60/seed_1/k_mean_buckets/samples/avg_new_dominance_generation/all_settings_avg_new_dominance_generation_k3_n10_examples.csv,all_settings_avg_new_dominance_generation_k3_n10_examples,3,avg_new_dominance_generation,avg_new_dominance_generation_bucket_k3,2,2
423,information_not_credible_source_new,in_context_examples/gemma/46_60/seed_1/k_mean_buckets/samples/avg_new_dominance_generation/all_settings_avg_new_dominance_generation_k3_n10_examples.csv,all_settings_avg_new_dominance_generation_k3_n10_examples,3,avg_new_dominance_generation,avg_new_dominance_generation_bucket_k3,2,3
439,information_not_credible_source_new,in_context_examples/gemma/46_60/seed_1/k_mean_buckets/samples/avg_new_dominance_generation/all_settings_avg_new_dominance_generation_k3_n10_examples.csv,all_settings_avg_new_dominance_generation_k3_n10_examples,3,avg_new_dominance_generation,avg_new_dominance_generation_bucket_k3,2,3
493,information_not_credible_source_new,in_context_examples/gemma/46_60/seed_1/k_mean_buckets/samples/avg_new_dominance_generation/all_settings_avg_new_dominance_generation_k3_n10_examples.csv,all_settings_avg_new_dominance_generation_k3_n10_examples,3,avg_new_dominance_generation,avg_new_dominance_generation_bucket_k3,1,1
503,information_not_credible_source_new,in_context_examples/gemma/46_60/seed_1/k_mean_buckets/samples/avg_new_dominance_generation/all_settings_avg_new_dominance_generation_k3_n10_examples.csv,all_settings_avg_new_dominance_generation_k3_n10_examples,3,avg_new_dominance_generation,avg_new_dominance_generation_bucket_k3,2,3
556,information_not_credible_source_new,in_context_examples/gemma/46_60/seed_1/k_mean_buckets/samples/avg_new_dominance_generation/all_settings_avg_new_dominance_generation_k3_n10_examples.csv,all_settings_avg_new_dominance_generation_k3_n10_examples,3,avg_new_dominance_generation,avg_new_dominance_generation_bucket_k3,2,1
641,information_not_credible_source_new,in_context_examples/gemma/46_60/seed_1/k_mean_buckets/samples/avg_new_dominance_generation/all_settings_avg_new_dominance_generation_k3_n10_examples.csv,all_settings_avg_new_dominance_generation_k3_n10_examples,3,avg_new_dominance_generation,avg_new_dominance_generation_bucket_k3,2,2
679,information_not_credible_source_new,in_context_examples/gemma/46_60/seed_1/k_mean_buckets/samples/avg_new_dominance_generation/all_settings_avg_new_dominance_generation_k3_n10_examples.csv,all_settings_avg_new_dominance_generation_k3_n10_examples,3,avg_new_dominance_generation,avg_new_dominance_generation_bucket_k3,3,3
941,information_not_credible_source_new,in_context_examples/gemma/46_60/seed_1/k_mean_buckets/samples/avg_new_dominance_generation/all_settings_avg_new_dominance_generation_k3_n10_examples.csv,all_settings_avg_new_dominance_generation_k3_n10_examples,3,avg_new_dominance_generation,avg_new_dominance_generation_bucket_k3,1,1
1174,information_not_credible_source_new,in_context_examples/gemma/46_60/seed_1/k_mean_buckets/samples/avg_new_dominance_generation/all_settings_avg_new_dominance_generation_k3_n10_examples.csv,all_settings_avg_new_dominance_generation_k3_n10_examples,3,avg_new_dominance_generation,avg_new_dominance_generation_bucket_k3,2,1
1240,information_not_credible_source_new,in_context_examples/gemma/46_60/seed_1/k_mean_buckets/samples/avg_new_dominance_generation/all_settings_avg_new_dominance_generation_k3_n10_examples.csv,all_settings_avg_new_dominance_generation_k3_n10_examples,3,avg_new_dominance_generation,avg_new_dominance_generation_bucket_k3,1,1
1326,information_not_credible_source_new,in_context_examples/gemma/46_60/seed_1/k_mean_buckets/samples/avg_new_dominance_generation/all_settings_avg_new_dominance_generation_k3_n10_examples.csv,all_settings_avg_new_dominance_generation_k3_n10_examples,3,avg_new_dominance_generation,avg_new_dominance_generation_bucket_k3,2,3
1360,information_not_credible_source_new,in_context_examples/gemma/46_60/seed_1/k_mean_buckets/samples/avg_new_dominance_generation/all_settings_avg_new_dominance_generation_k3_n10_examples.csv,all_settings_avg_new_dominance_generation_k3_n10_examples,3,avg_new_dominance_generation,avg_new_dominance_generation_bucket_k3,2,2
1459,information_not_credible_source_new,in_context_examples/gemma/46_60/seed_1/k_mean_buckets/samples/avg_new_dominance_generation/all_settings_avg_new_dominance_generation_k3_n10_examples.csv,all_settings_avg_new_dominance_generation_k3_n10_examples,3,avg_new_dominance_generation,avg_new_dominance_generation_bucket_k3,3,3
1478,information_not_credible_source_new,in_context_examples/gemma/46_60/seed_1/k_mean_buckets/samples/avg_new_dominance_generation/all_settings_avg_new_dominance_generation_k3_n10_examples.csv,all_settings_avg_new_dominance_generation_k3_n10_examples,3,avg_new_dominance_generation,avg_new_dominance_generation_bucket_k3,2,3
1484,information_not_credible_source_new,in_context_examples/gemma/46_60/seed_1/k_mean_buckets/samples/avg_new_dominance_generation/all_settings_avg_new_dominance_generation_k3_n10_examples.csv,all_settings_avg_new_dominance_generation_k3_n10_examples,3,avg_new_dominance_generation,avg_new_dominance_generation_bucket_k3,1,1
1495,information_not_credible_source_new,in_context_examples/gemma/46_60/seed_1/k_mean_buckets/samples/avg_new_dominance_generation/all_settings_avg_new_dominance_generation_k3_n10_examples.csv,all_settings_avg_new_dominance_generation_k3_n10_examples,3,avg_new_dominance_generation,avg_new_dominance_generation_bucket_k3,2,1
1503,information_not_credible_source_new,in_context_examples/gemma/46_60/seed_1/k_mean_buckets/samples/avg_new_dominance_generation/all_settings_avg_new_dominance_generation_k3_n10_examples.csv,all_settings_avg_new_dominance_generation_k3_n10_examples,3,avg_new_dominance_generation,avg_new_dominance_generation_bucket_k3,2,3
1513,information_not_credible_source_new,in_context_examples/gemma/46_60/seed_1/k_mean_buckets/samples/avg_new_dominance_generation/all_settings_avg_new_dominance_generation_k3_n10_examples.csv,all_settings_avg_new_dominance_generation_k3_n10_examples,3,avg_new_dominance_generation,avg_new_dominance_generation_bucket_k3,1,1
1601,information_not_credible_source_new,in_context_examples/gemma/46_60/seed_1/k_mean_buckets/samples/avg_new_dominance_generation/all_settings_avg_new_dominance_generation_k3_n10_examples.csv,all_settings_avg_new_dominance_generation_k3_n10_examples,3,avg_new_dominance_generation,avg_new_dominance_generation_bucket_k3,2,3
1780,information_not_credible_source_new,in_context_examples/gemma/46_60/seed_1/k_mean_buckets/samples/avg_new_dominance_generation/all_settings_avg_new_dominance_generation_k3_n10_examples.csv,all_settings_avg_new_dominance_generation_k3_n10_examples,3,avg_new_dominance_generation,avg_new_dominance_generation_bucket_k3,1,2
1815,information_not_credible_source_new,in_context_examples/gemma/46_60/seed_1/k_mean_buckets/samples/avg_new_dominance_generation/all_settings_avg_new_dominance_generation_k3_n10_examples.csv,all_settings_avg_new_dominance_generation_k3_n10_examples,3,avg_new_dominance_generation,avg_new_dominance_generation_bucket_k3,2,2
1819,information_not_credible_source_new,in_context_examples/gemma/46_60/seed_1/k_mean_buckets/samples/avg_new_dominance_generation/all_settings_avg_new_dominance_generation_k3_n10_examples.csv,all_settings_avg_new_dominance_generation_k3_n10_examples,3,avg_new_dominance_generation,avg_new_dominance_generation_bucket_k3,2,2
1877,information_not_credible_source_new,in_context_examples/gemma/46_60/seed_1/k_mean_buckets/samples/avg_new_dominance_generation/all_settings_avg_new_dominance_generation_k3_n10_examples.csv,all_settings_avg_new_dominance_generation_k3_n10_examples,3,avg_new_dominance_generation,avg_new_dominance_generation_bucket_k3,2,2
2210,information_not_credible_source_new,in_context_examples/gemma/46_60/seed_1/k_mean_buckets/samples/avg_new_dominance_generation/all_settings_avg_new_dominance_generation_k3_n10_examples.csv,all_settings_avg_new_dominance_generation_k3_n10_examples,3,avg_new_dominance_generation,avg_new_dominance_generation_bucket_k3,2,3
2302,information_not_credible_source_new,in_context_examples/gemma/46_60/seed_1/k_mean_buckets/samples/avg_new_dominance_generation/all_settings_avg_new_dominance_generation_k3_n10_examples.csv,all_settings_avg_new_dominance_generation_k3_n10_examples,3,avg_new_dominance_generation,avg_new_dominance_generation_bucket_k3,2,1
2352,information_not_credible_source_new,in_context_examples/gemma/46_60/seed_1/k_mean_buckets/samples/avg_new_dominance_generation/all_settings_avg_new_dominance_generation_k3_n10_examples.csv,all_settings_avg_new_dominance_generation_k3_n10_examples,3,avg_new_dominance_generation,avg_new_dominance_generation_bucket_k3,2,1
2481,information_not_credible_source_new,in_context_examples/gemma/46_60/seed_1/k_mean_buckets/samples/avg_new_dominance_generation/all_settings_avg_new_dominance_generation_k3_n10_examples.csv,all_settings_avg_new_dominance_generation_k3_n10_examples,3,avg_new_dominance_generation,avg_new_dominance_generation_bucket_k3,2,2
2587,information_not_credible_source_new,in_context_examples/gemma/46_60/seed_1/k_mean_buckets/samples/avg_new_dominance_generation/all_settings_avg_new_dominance_generation_k3_n10_examples.csv,all_settings_avg_new_dominance_generation_k3_n10_examples,3,avg_new_dominance_generation,avg_new_dominance_generation_bucket_k3,2,3
2674,information_not_credible_source_new,in_context_examples/gemma/46_60/seed_1/k_mean_buckets/samples/avg_new_dominance_generation/all_settings_avg_new_dominance_generation_k3_n10_examples.csv,all_settings_avg_new_dominance_generation_k3_n10_examples,3,avg_new_dominance_generation,avg_new_dominance_generation_bucket_k3,1,1
2824,information_not_credible_source_new,in_context_examples/gemma/46_60/seed_1/k_mean_buckets/samples/avg_new_dominance_generation/all_settings_avg_new_dominance_generation_k3_n10_examples.csv,all_settings_avg_new_dominance_generation_k3_n10_examples,3,avg_new_dominance_generation,avg_new_dominance_generation_bucket_k3,1,1
2857,information_not_credible_source_new,in_context_examples/gemma/46_60/seed_1/k_mean_buckets/samples/avg_new_dominance_generation/all_settings_avg_new_dominance_generation_k3_n10_examples.csv,all_settings_avg_new_dominance_generation_k3_n10_examples,3,avg_new_dominance_generation,avg_new_dominance_generation_bucket_k3,1,1
2878,information_not_credible_source_new,in_context_examples/gemma/46_60/seed_1/k_mean_buckets/samples/avg_new_dominance_generation/all_settings_avg_new_dominance_generation_k3_n10_examples.csv,all_settings_avg_new_dominance_generation_k3_n10_examples,3,avg_new_dominance_generation,avg_new_dominance_generation_bucket_k3,1,1
3102,information_not_credible_source_new,in_context_examples/gemma/46_60/seed_1/k_mean_buckets/samples/avg_new_dominance_generation/all_settings_avg_new_dominance_generation_k3_n10_examples.csv,all_settings_avg_new_dominance_generation_k3_n10_examples,3,avg_new_dominance_generation,avg_new_dominance_generation_bucket_k3,1,2
3161,information_not_credible_source_new,in_context_examples/gemma/46_60/seed_1/k_mean_buckets/samples/avg_new_dominance_generation/all_settings_avg_new_dominance_generation_k3_n10_examples.csv,all_settings_avg_new_dominance_generation_k3_n10_examples,3,avg_new_dominance_generation,avg_new_dominance_generation_bucket_k3,1,1
3193,information_not_credible_source_new,in_context_examples/gemma/46_60/seed_1/k_mean_buckets/samples/avg_new_dominance_generation/all_settings_avg_new_dominance_generation_k3_n10_examples.csv,all_settings_avg_new_dominance_generation_k3_n10_examples,3,avg_new_dominance_generation,avg_new_dominance_generation_bucket_k3,2,1
3288,information_not_credible_source_new,in_context_examples/gemma/46_60/seed_1/k_mean_buckets/samples/avg_new_dominance_generation/all_settings_avg_new_dominance_generation_k3_n10_examples.csv,all_settings_avg_new_dominance_generation_k3_n10_examples,3,avg_new_dominance_generation,avg_new_dominance_generation_bucket_k3,2,2
3333,information_not_credible_source_new,in_context_examples/gemma/46_60/seed_1/k_mean_buckets/samples/avg_new_dominance_generation/all_settings_avg_new_dominance_generation_k3_n10_examples.csv,all_settings_avg_new_dominance_generation_k3_n10_examples,3,avg_new_dominance_generation,avg_new_dominance_generation_bucket_k3,2,1
3451,information_not_credible_source_new,in_context_examples/gemma/46_60/seed_1/k_mean_buckets/samples/avg_new_dominance_generation/all_settings_avg_new_dominance_generation_k3_n10_examples.csv,all_settings_avg_new_dominance_generation_k3_n10_examples,3,avg_new_dominance_generation,avg_new_dominance_generation_bucket_k3,2,2
3485,information_not_credible_source_new,in_context_examples/gemma/46_60/seed_1/k_mean_buckets/samples/avg_new_dominance_generation/all_settings_avg_new_dominance_generation_k3_n10_examples.csv,all_settings_avg_new_dominance_generation_k3_n10_examples,3,avg_new_dominance_generation,avg_new_dominance_generation_bucket_k3,2,2
3522,information_not_credible_source_new,in_context_examples/gemma/46_60/seed_1/k_mean_buckets/samples/avg_new_dominance_generation/all_settings_avg_new_dominance_generation_k3_n10_examples.csv,all_settings_avg_new_dominance_generation_k3_n10_examples,3,avg_new_dominance_generation,avg_new_dominance_generation_bucket_k3,2,2
3544,information_not_credible_source_new,in_context_examples/gemma/46_60/seed_1/k_mean_buckets/samples/avg_new_dominance_generation/all_settings_avg_new_dominance_generation_k3_n10_examples.csv,all_settings_avg_new_dominance_generation_k3_n10_examples,3,avg_new_dominance_generation,avg_new_dominance_generation_bucket_k3,2,3
3641,information_not_credible_source_new,in_context_examples/gemma/46_60/seed_1/k_mean_buckets/samples/avg_new_dominance_generation/all_settings_avg_new_dominance_generation_k3_n10_examples.csv,all_settings_avg_new_dominance_generation_k3_n10_examples,3,avg_new_dominance_generation,avg_new_dominance_generation_bucket_k3,2,3
3718,information_not_credible_source_new,in_context_examples/gemma/46_60/seed_1/k_mean_buckets/samples/avg_new_dominance_generation/all_settings_avg_new_dominance_generation_k3_n10_examples.csv,all_settings_avg_new_dominance_generation_k3_n10_examples,3,avg_new_dominance_generation,avg_new_dominance_generation_bucket_k3,1,1
3764,information_not_credible_source_new,in_context_examples/gemma/46_60/seed_1/k_mean_buckets/samples/avg_new_dominance_generation/all_settings_avg_new_dominance_generation_k3_n10_examples.csv,all_settings_avg_new_dominance_generation_k3_n10_examples,3,avg_new_dominance_generation,avg_new_dominance_generation_bucket_k3,2,3
3841,information_not_credible_source_new,in_context_examples/gemma/46_60/seed_1/k_mean_buckets/samples/avg_new_dominance_generation/all_settings_avg_new_dominance_generation_k3_n10_examples.csv,all_settings_avg_new_dominance_generation_k3_n10_examples,3,avg_new_dominance_generation,avg_new_dominance_generation_bucket_k3,1,2
3863,information_not_credible_source_new,in_context_examples/gemma/46_60/seed_1/k_mean_buckets/samples/avg_new_dominance_generation/all_settings_avg_new_dominance_generation_k3_n10_examples.csv,all_settings_avg_new_dominance_generation_k3_n10_examples,3,avg_new_dominance_generation,avg_new_dominance_generation_bucket_k3,2,1
4004,information_not_credible_source_new,in_context_examples/gemma/46_60/seed_1/k_mean_buckets/samples/avg_new_dominance_generation/all_settings_avg_new_dominance_generation_k3_n10_examples.csv,all_settings_avg_new_dominance_generation_k3_n10_examples,3,avg_new_dominance_generation,avg_new_dominance_generation_bucket_k3,2,3
4056,information_not_credible_source_new,in_context_examples/gemma/46_60/seed_1/k_mean_buckets/samples/avg_new_dominance_generation/all_settings_avg_new_dominance_generation_k3_n10_examples.csv,all_settings_avg_new_dominance_generation_k3_n10_examples,3,avg_new_dominance_generation,avg_new_dominance_generation_bucket_k3,2,3
4102,information_not_credible_source_new,in_context_examples/gemma/46_60/seed_1/k_mean_buckets/samples/avg_new_dominance_generation/all_settings_avg_new_dominance_generation_k3_n10_examples.csv,all_settings_avg_new_dominance_generation_k3_n10_examples,3,avg_new_dominance_generation,avg_new_dominance_generation_bucket_k3,1,1
4134,information_not_credible_source_new,in_context_examples/gemma/46_60/seed_1/k_mean_buckets/samples/avg_new_dominance_generation/all_settings_avg_new_dominance_generation_k3_n10_examples.csv,all_settings_avg_new_dominance_generation_k3_n10_examples,3,avg_new_dominance_generation,avg_new_dominance_generation_bucket_k3,1,1
4229,information_not_credible_source_new,in_context_examples/gemma/46_60/seed_1/k_mean_buckets/samples/avg_new_dominance_generation/all_settings_avg_new_dominance_generation_k3_n10_examples.csv,all_settings_avg_new_dominance_generation_k3_n10_examples,3,avg_new_dominance_generation,avg_new_dominance_generation_bucket_k3,2,1
4377,information_not_credible_source_new,in_context_examples/gemma/46_60/seed_1/k_mean_buckets/samples/avg_new_dominance_generation/all_settings_avg_new_dominance_generation_k3_n10_examples.csv,all_settings_avg_new_dominance_generation_k3_n10_examples,3,avg_new_dominance_generation,avg_new_dominance_generation_bucket_k3,2,1
4649,information_not_credible_source_new,in_context_examples/gemma/46_60/seed_1/k_mean_buckets/samples/avg_new_dominance_generation/all_settings_avg_new_dominance_generation_k3_n10_examples.csv,all_settings_avg_new_dominance_generation_k3_n10_examples,3,avg_new_dominance_generation,avg_new_dominance_generation_bucket_k3,1,3
4727,information_not_credible_source_new,in_context_examples/gemma/46_60/seed_1/k_mean_buckets/samples/avg_new_dominance_generation/all_settings_avg_new_dominance_generation_k3_n10_examples.csv,all_settings_avg_new_dominance_generation_k3_n10_examples,3,avg_new_dominance_generation,avg_new_dominance_generation_bucket_k3,1,2
4737,information_not_credible_source_new,in_context_examples/gemma/46_60/seed_1/k_mean_buckets/samples/avg_new_dominance_generation/all_settings_avg_new_dominance_generation_k3_n10_examples.csv,all_settings_avg_new_dominance_generation_k3_n10_examples,3,avg_new_dominance_generation,avg_new_dominance_generation_bucket_k3,2,3
4812,information_not_credible_source_new,in_context_examples/gemma/46_60/seed_1/k_mean_buckets/samples/avg_new_dominance_generation/all_settings_avg_new_dominance_generation_k3_n10_examples.csv,all_settings_avg_new_dominance_generation_k3_n10_examples,3,avg_new_dominance_generation,avg_new_dominance_generation_bucket_k3,1,1
4949,information_not_credible_source_new,in_context_examples/gemma/46_60/seed_1/k_mean_buckets/samples/avg_new_dominance_generation/all_settings_avg_new_dominance_generation_k3_n10_examples.csv,all_settings_avg_new_dominance_generation_k3_n10_examples,3,avg_new_dominance_generation,avg_new_dominance_generation_bucket_k3,1,1
5043,information_not_credible_source_new,in_context_examples/gemma/46_60/seed_1/k_mean_buckets/samples/avg_new_dominance_generation/all_settings_avg_new_dominance_generation_k3_n10_examples.csv,all_settings_avg_new_dominance_generation_k3_n10_examples,3,avg_new_dominance_generation,avg_new_dominance_generation_bucket_k3,3,2
5184,information_not_credible_source_new,in_context_examples/gemma/46_60/seed_1/k_mean_buckets/samples/avg_new_dominance_generation/all_settings_avg_new_dominance_generation_k3_n10_examples.csv,all_settings_avg_new_dominance_generation_k3_n10_examples,3,avg_new_dominance_generation,avg_new_dominance_generation_bucket_k3,1,2
5210,information_not_credible_source_new,in_context_examples/gemma/46_60/seed_1/k_mean_buckets/samples/avg_new_dominance_generation/all_settings_avg_new_dominance_generation_k3_n10_examples.csv,all_settings_avg_new_dominance_generation_k3_n10_examples,3,avg_new_dominance_generation,avg_new_dominance_generation_bucket_k3,2,2
5305,information_not_credible_source_new,in_context_examples/gemma/46_60/seed_1/k_mean_buckets/samples/avg_new_dominance_generation/all_settings_avg_new_dominance_generation_k3_n10_examples.csv,all_settings_avg_new_dominance_generation_k3_n10_examples,3,avg_new_dominance_generation,avg_new_dominance_generation_bucket_k3,1,2
5331,information_not_credible_source_new,in_context_examples/gemma/46_60/seed_1/k_mean_buckets/samples/avg_new_dominance_generation/all_settings_avg_new_dominance_generation_k3_n10_examples.csv,all_settings_avg_new_dominance_generation_k3_n10_examples,3,avg_new_dominance_generation,avg_new_dominance_generation_bucket_k3,2,3
5359,information_not_credible_source_new,in_context_examples/gemma/46_60/seed_1/k_mean_buckets/samples/avg_new_dominance_generation/all_settings_avg_new_dominance_generation_k3_n10_examples.csv,all_settings_avg_new_dominance_generation_k3_n10_examples,3,avg_new_dominance_generation,avg_new_dominance_generation_bucket_k3,1,1
5440,information_not_credible_source_new,in_context_examples/gemma/46_60/seed_1/k_mean_buckets/samples/avg_new_dominance_generation/all_settings_avg_new_dominance_generation_k3_n10_examples.csv,all_settings_avg_new_dominance_generation_k3_n10_examples,3,avg_new_dominance_generation,avg_new_dominance_generation_bucket_k3,1,1
5528,information_not_credible_source_new,in_context_examples/gemma/46_60/seed_1/k_mean_buckets/samples/avg_new_dominance_generation/all_settings_avg_new_dominance_generation_k3_n10_examples.csv,all_settings_avg_new_dominance_generation_k3_n10_examples,3,avg_new_dominance_generation,avg_new_dominance_generation_bucket_k3,2,3
5596,information_not_credible_source_new,in_context_examples/gemma/46_60/seed_1/k_mean_buckets/samples/avg_new_dominance_generation/all_settings_avg_new_dominance_generation_k3_n10_examples.csv,all_settings_avg_new_dominance_generation_k3_n10_examples,3,avg_new_dominance_generation,avg_new_dominance_generation_bucket_k3,2,1
5914,information_not_credible_source_new,in_context_examples/gemma/46_60/seed_1/k_mean_buckets/samples/avg_new_dominance_generation/all_settings_avg_new_dominance_generation_k3_n10_examples.csv,all_settings_avg_new_dominance_generation_k3_n10_examples,3,avg_new_dominance_generation,avg_new_dominance_generation_bucket_k3,2,3
5973,information_not_credible_source_new,in_context_examples/gemma/46_60/seed_1/k_mean_buckets/samples/avg_new_dominance_generation/all_settings_avg_new_dominance_generation_k3_n10_examples.csv,all_settings_avg_new_dominance_generation_k3_n10_examples,3,avg_new_dominance_generation,avg_new_dominance_generation_bucket_k3,1,3
6050,information_not_credible_source_new,in_context_examples/gemma/46_60/seed_1/k_mean_buckets/samples/avg_new_dominance_generation/all_settings_avg_new_dominance_generation_k3_n10_examples.csv,all_settings_avg_new_dominance_generation_k3_n10_examples,3,avg_new_dominance_generation,avg_new_dominance_generation_bucket_k3,2,3
6052,information_not_credible_source_new,in_context_examples/gemma/46_60/seed_1/k_mean_buckets/samples/avg_new_dominance_generation/all_settings_avg_new_dominance_generation_k3_n10_examples.csv,all_settings_avg_new_dominance_generation_k3_n10_examples,3,avg_new_dominance_generation,avg_new_dominance_generation_bucket_k3,2,2
6058,information_not_credible_source_new,in_context_examples/gemma/46_60/seed_1/k_mean_buckets/samples/avg_new_dominance_generation/all_settings_avg_new_dominance_generation_k3_n10_examples.csv,all_settings_avg_new_dominance_generation_k3_n10_examples,3,avg_new_dominance_generation,avg_new_dominance_generation_bucket_k3,1,1
6142,information_not_credible_source_new,in_context_examples/gemma/46_60/seed_1/k_mean_buckets/samples/avg_new_dominance_generation/all_settings_avg_new_dominance_generation_k3_n10_examples.csv,all_settings_avg_new_dominance_generation_k3_n10_examples,3,avg_new_dominance_generation,avg_new_dominance_generation_bucket_k3,2,3
6144,information_not_credible_source_new,in_context_examples/gemma/46_60/seed_1/k_mean_buckets/samples/avg_new_dominance_generation/all_settings_avg_new_dominance_generation_k3_n10_examples.csv,all_settings_avg_new_dominance_generation_k3_n10_examples,3,avg_new_dominance_generation,avg_new_dominance_generation_bucket_k3,1,2
6212,information_not_credible_source_new,in_context_examples/gemma/46_60/seed_1/k_mean_buckets/samples/avg_new_dominance_generation/all_settings_avg_new_dominance_generation_k3_n10_examples.csv,all_settings_avg_new_dominance_generation_k3_n10_examples,3,avg_new_dominance_generation,avg_new_dominance_generation_bucket_k3,2,3
6226,information_not_credible_source_new,in_context_examples/gemma/46_60/seed_1/k_mean_buckets/samples/avg_new_dominance_generation/all_settings_avg_new_dominance_generation_k3_n10_examples.csv,all_settings_avg_new_dominance_generation_k3_n10_examples,3,avg_new_dominance_generation,avg_new_dominance_generation_bucket_k3,1,1
6268,information_not_credible_source_new,in_context_examples/gemma/46_60/seed_1/k_mean_buckets/samples/avg_new_dominance_generation/all_settings_avg_new_dominance_generation_k3_n10_examples.csv,all_settings_avg_new_dominance_generation_k3_n10_examples,3,avg_new_dominance_generation,avg_new_dominance_generation_bucket_k3,1,1
6299,information_not_credible_source_new,in_context_examples/gemma/46_60/seed_1/k_mean_buckets/samples/avg_new_dominance_generation/all_settings_avg_new_dominance_generation_k3_n10_examples.csv,all_settings_avg_new_dominance_generation_k3_n10_examples,3,avg_new_dominance_generation,avg_new_dominance_generation_bucket_k3,1,1
6387,information_not_credible_source_new,in_context_examples/gemma/46_60/seed_1/k_mean_buckets/samples/avg_new_dominance_generation/all_settings_avg_new_dominance_generation_k3_n10_examples.csv,all_settings_avg_new_dominance_generation_k3_n10_examples,3,avg_new_dominance_generation,avg_new_dominance_generation_bucket_k3,2,1
6486,information_not_credible_source_new,in_context_examples/gemma/46_60/seed_1/k_mean_buckets/samples/avg_new_dominance_generation/all_settings_avg_new_dominance_generation_k3_n10_examples.csv,all_settings_avg_new_dominance_generation_k3_n10_examples,3,avg_new_dominance_generation,avg_new_dominance_generation_bucket_k3,2,2
6504,information_not_credible_source_new,in_context_examples/gemma/46_60/seed_1/k_mean_buckets/samples/avg_new_dominance_generation/all_settings_avg_new_dominance_generation_k3_n10_examples.csv,all_settings_avg_new_dominance_generation_k3_n10_examples,3,avg_new_dominance_generation,avg_new_dominance_generation_bucket_k3,1,3
6555,information_not_credible_source_new,in_context_examples/gemma/46_60/seed_1/k_mean_buckets/samples/avg_new_dominance_generation/all_settings_avg_new_dominance_generation_k3_n10_examples.csv,all_settings_avg_new_dominance_generation_k3_n10_examples,3,avg_new_dominance_generation,avg_new_dominance_generation_bucket_k3,2,1
6652,information_not_credible_source_new,in_context_examples/gemma/46_60/seed_1/k_mean_buckets/samples/avg_new_dominance_generation/all_settings_avg_new_dominance_generation_k3_n10_examples.csv,all_settings_avg_new_dominance_generation_k3_n10_examples,3,avg_new_dominance_generation,avg_new_dominance_generation_bucket_k3,3,3
6656,information_not_credible_source_new,in_context_examples/gemma/46_60/seed_1/k_mean_buckets/samples/avg_new_dominance_generation/all_settings_avg_new_dominance_generation_k3_n10_examples.csv,all_settings_avg_new_dominance_generation_k3_n10_examples,3,avg_new_dominance_generation,avg_new_dominance_generation_bucket_k3,3,2
6657,information_not_credible_source_new,in_context_examples/gemma/46_60/seed_1/k_mean_buckets/samples/avg_new_dominance_generation/all_settings_avg_new_dominance_generation_k3_n10_examples.csv,all_settings_avg_new_dominance_generation_k3_n10_examples,3,avg_new_dominance_generation,avg_new_dominance_generation_bucket_k3,2,2
6683,information_not_credible_source_new,in_context_examples/gemma/46_60/seed_1/k_mean_buckets/samples/avg_new_dominance_generation/all_settings_avg_new_dominance_generation_k3_n10_examples.csv,all_settings_avg_new_dominance_generation_k3_n10_examples,3,avg_new_dominance_generation,avg_new_dominance_generation_bucket_k3,2,2
6940,information_not_credible_source_new,in_context_examples/gemma/46_60/seed_1/k_mean_buckets/samples/avg_new_dominance_generation/all_settings_avg_new_dominance_generation_k3_n10_examples.csv,all_settings_avg_new_dominance_generation_k3_n10_examples,3,avg_new_dominance_generation,avg_new_dominance_generation_bucket_k3,2,3
6961,information_not_credible_source_new,in_context_examples/gemma/46_60/seed_1/k_mean_buckets/samples/avg_new_dominance_generation/all_settings_avg_new_dominance_generation_k3_n10_examples.csv,all_settings_avg_new_dominance_generation_k3_n10_examples,3,avg_new_dominance_generation,avg_new_dominance_generation_bucket_k3,2,1
7008,information_not_credible_source_new,in_context_examples/gemma/46_60/seed_1/k_mean_buckets/samples/avg_new_dominance_generation/all_settings_avg_new_dominance_generation_k3_n10_examples.csv,all_settings_avg_new_dominance_generation_k3_n10_examples,3,avg_new_dominance_generation,avg_new_dominance_generation_bucket_k3,1,1
7095,information_not_credible_source_new,in_context_examples/gemma/46_60/seed_1/k_mean_buckets/samples/avg_new_dominance_generation/all_settings_avg_new_dominance_generation_k3_n10_examples.csv,all_settings_avg_new_dominance_generation_k3_n10_examples,3,avg_new_dominance_generation,avg_new_dominance_generation_bucket_k3,1,1
7242,information_not_credible_source_new,in_context_examples/gemma/46_60/seed_1/k_mean_buckets/samples/avg_new_dominance_generation/all_settings_avg_new_dominance_generation_k3_n10_examples.csv,all_settings_avg_new_dominance_generation_k3_n10_examples,3,avg_new_dominance_generation,avg_new_dominance_generation_bucket_k3,2,3
7319,information_not_credible_source_new,in_context_examples/gemma/46_60/seed_1/k_mean_buckets/samples/avg_new_dominance_generation/all_settings_avg_new_dominance_generation_k3_n10_examples.csv,all_settings_avg_new_dominance_generation_k3_n10_examples,3,avg_new_dominance_generation,avg_new_dominance_generation_bucket_k3,2,2
7354,information_not_credible_source_new,in_context_examples/gemma/46_60/seed_1/k_mean_buckets/samples/avg_new_dominance_generation/all_settings_avg_new_dominance_generation_k3_n10_examples.csv,all_settings_avg_new_dominance_generation_k3_n10_examples,3,avg_new_dominance_generation,avg_new_dominance_generation_bucket_k3,3,3
7413,information_not_credible_source_new,in_context_examples/gemma/46_60/seed_1/k_mean_buckets/samples/avg_new_dominance_generation/all_settings_avg_new_dominance_generation_k3_n10_examples.csv,all_settings_avg_new_dominance_generation_k3_n10_examples,3,avg_new_dominance_generation,avg_new_dominance_generation_bucket_k3,2,1
7495,information_not_credible_source_new,in_context_examples/gemma/46_60/seed_1/k_mean_buckets/samples/avg_new_dominance_generation/all_settings_avg_new_dominance_generation_k3_n10_examples.csv,all_settings_avg_new_dominance_generation_k3_n10_examples,3,avg_new_dominance_generation,avg_new_dominance_generation_bucket_k3,1,2
7663,information_not_credible_source_new,in_context_examples/gemma/46_60/seed_1/k_mean_buckets/samples/avg_new_dominance_generation/all_settings_avg_new_dominance_generation_k3_n10_examples.csv,all_settings_avg_new_dominance_generation_k3_n10_examples,3,avg_new_dominance_generation,avg_new_dominance_generation_bucket_k3,2,1
7723,information_not_credible_source_new,in_context_examples/gemma/46_60/seed_1/k_mean_buckets/samples/avg_new_dominance_generation/all_settings_avg_new_dominance_generation_k3_n10_examples.csv,all_settings_avg_new_dominance_generation_k3_n10_examples,3,avg_new_dominance_generation,avg_new_dominance_generation_bucket_k3,2,2
7728,information_not_credible_source_new,in_context_examples/gemma/46_60/seed_1/k_mean_buckets/samples/avg_new_dominance_generation/all_settings_avg_new_dominance_generation_k3_n10_examples.csv,all_settings_avg_new_dominance_generation_k3_n10_examples,3,avg_new_dominance_generation,avg_new_dominance_generation_bucket_k3,1,1
7735,information_not_credible_source_new,in_context_examples/gemma/46_60/seed_1/k_mean_buckets/samples/avg_new_dominance_generation/all_settings_avg_new_dominance_generation_k3_n10_examples.csv,all_settings_avg_new_dominance_generation_k3_n10_examples,3,avg_new_dominance_generation,avg_new_dominance_generation_bucket_k3,1,1
7956,information_not_credible_source_new,in_context_examples/gemma/46_60/seed_1/k_mean_buckets/samples/avg_new_dominance_generation/all_settings_avg_new_dominance_generation_k3_n10_examples.csv,all_settings_avg_new_dominance_generation_k3_n10_examples,3,avg_new_dominance_generation,avg_new_dominance_generation_bucket_k3,2,1
8021,information_not_credible_source_new,in_context_examples/gemma/46_60/seed_1/k_mean_buckets/samples/avg_new_dominance_generation/all_settings_avg_new_dominance_generation_k3_n10_examples.csv,all_settings_avg_new_dominance_generation_k3_n10_examples,3,avg_new_dominance_generation,avg_new_dominance_generation_bucket_k3,1,1
8085,information_not_credible_source_new,in_context_examples/gemma/46_60/seed_1/k_mean_buckets/samples/avg_new_dominance_generation/all_settings_avg_new_dominance_generation_k3_n10_examples.csv,all_settings_avg_new_dominance_generation_k3_n10_examples,3,avg_new_dominance_generation,avg_new_dominance_generation_bucket_k3,1,1
8238,information_not_credible_source_new,in_context_examples/gemma/46_60/seed_1/k_mean_buckets/samples/avg_new_dominance_generation/all_settings_avg_new_dominance_generation_k3_n10_examples.csv,all_settings_avg_new_dominance_generation_k3_n10_examples,3,avg_new_dominance_generation,avg_new_dominance_generation_bucket_k3,3,2
8353,information_not_credible_source_new,in_context_examples/gemma/46_60/seed_1/k_mean_buckets/samples/avg_new_dominance_generation/all_settings_avg_new_dominance_generation_k3_n10_examples.csv,all_settings_avg_new_dominance_generation_k3_n10_examples,3,avg_new_dominance_generation,avg_new_dominance_generation_bucket_k3,2,3
8395,information_not_credible_source_new,in_context_examples/gemma/46_60/seed_1/k_mean_buckets/samples/avg_new_dominance_generation/all_settings_avg_new_dominance_generation_k3_n10_examples.csv,all_settings_avg_new_dominance_generation_k3_n10_examples,3,avg_new_dominance_generation,avg_new_dominance_generation_bucket_k3,2,1
8460,information_not_credible_source_new,in_context_examples/gemma/46_60/seed_1/k_mean_buckets/samples/avg_new_dominance_generation/all_settings_avg_new_dominance_generation_k3_n10_examples.csv,all_settings_avg_new_dominance_generation_k3_n10_examples,3,avg_new_dominance_generation,avg_new_dominance_generation_bucket_k3,2,1
8521,information_not_credible_source_new,in_context_examples/gemma/46_60/seed_1/k_mean_buckets/samples/avg_new_dominance_generation/all_settings_avg_new_dominance_generation_k3_n10_examples.csv,all_settings_avg_new_dominance_generation_k3_n10_examples,3,avg_new_dominance_generation,avg_new_dominance_generation_bucket_k3,2,3
8541,information_not_credible_source_new,in_context_examples/gemma/46_60/seed_1/k_mean_buckets/samples/avg_new_dominance_generation/all_settings_avg_new_dominance_generation_k3_n10_examples.csv,all_settings_avg_new_dominance_generation_k3_n10_examples,3,avg_new_dominance_generation,avg_new_dominance_generation_bucket_k3,1,1
8620,information_not_credible_source_new,in_context_examples/gemma/46_60/seed_1/k_mean_buckets/samples/avg_new_dominance_generation/all_settings_avg_new_dominance_generation_k3_n10_examples.csv,all_settings_avg_new_dominance_generation_k3_n10_examples,3,avg_new_dominance_generation,avg_new_dominance_generation_bucket_k3,2,3
9062,information_not_credible_source_new,in_context_examples/gemma/46_60/seed_1/k_mean_buckets/samples/avg_new_dominance_generation/all_settings_avg_new_dominance_generation_k3_n10_examples.csv,all_settings_avg_new_dominance_generation_k3_n10_examples,3,avg_new_dominance_generation,avg_new_dominance_generation_bucket_k3,2,3
9075,information_not_credible_source_new,in_context_examples/gemma/46_60/seed_1/k_mean_buckets/samples/avg_new_dominance_generation/all_settings_avg_new_dominance_generation_k3_n10_examples.csv,all_settings_avg_new_dominance_generation_k3_n10_examples,3,avg_new_dominance_generation,avg_new_dominance_generation_bucket_k3,3,2
9079,information_not_credible_source_new,in_context_examples/gemma/46_60/seed_1/k_mean_buckets/samples/avg_new_dominance_generation/all_settings_avg_new_dominance_generation_k3_n10_examples.csv,all_settings_avg_new_dominance_generation_k3_n10_examples,3,avg_new_dominance_generation,avg_new_dominance_generation_bucket_k3,2,1
9294,information_not_credible_source_new,in_context_examples/gemma/46_60/seed_1/k_mean_buckets/samples/avg_new_dominance_generation/all_settings_avg_new_dominance_generation_k3_n10_examples.csv,all_settings_avg_new_dominance_generation_k3_n10_examples,3,avg_new_dominance_generation,avg_new_dominance_generation_bucket_k3,1,1
9407,information_not_credible_source_new,in_context_examples/gemma/46_60/seed_1/k_mean_buckets/samples/avg_new_dominance_generation/all_settings_avg_new_dominance_generation_k3_n10_examples.csv,all_settings_avg_new_dominance_generation_k3_n10_examples,3,avg_new_dominance_generation,avg_new_dominance_generation_bucket_k3,2,3
9487,information_not_credible_source_new,in_context_examples/gemma/46_60/seed_1/k_mean_buckets/samples/avg_new_dominance_generation/all_settings_avg_new_dominance_generation_k3_n10_examples.csv,all_settings_avg_new_dominance_generation_k3_n10_examples,3,avg_new_dominance_generation,avg_new_dominance_generation_bucket_k3,2,2
9510,information_not_credible_source_new,in_context_examples/gemma/46_60/seed_1/k_mean_buckets/samples/avg_new_dominance_generation/all_settings_avg_new_dominance_generation_k3_n10_examples.csv,all_settings_avg_new_dominance_generation_k3_n10_examples,3,avg_new_dominance_generation,avg_new_dominance_generation_bucket_k3,2,3
9539,information_not_credible_source_new,in_context_examples/gemma/46_60/seed_1/k_mean_buckets/samples/avg_new_dominance_generation/all_settings_avg_new_dominance_generation_k3_n10_examples.csv,all_settings_avg_new_dominance_generation_k3_n10_examples,3,avg_new_dominance_generation,avg_new_dominance_generation_bucket_k3,2,2
9670,information_not_credible_source_new,in_context_examples/gemma/46_60/seed_1/k_mean_buckets/samples/avg_new_dominance_generation/all_settings_avg_new_dominance_generation_k3_n10_examples.csv,all_settings_avg_new_dominance_generation_k3_n10_examples,3,avg_new_dominance_generation,avg_new_dominance_generation_bucket_k3,2,3
9772,information_not_credible_source_new,in_context_examples/gemma/46_60/seed_1/k_mean_buckets/samples/avg_new_dominance_generation/all_settings_avg_new_dominance_generation_k3_n10_examples.csv,all_settings_avg_new_dominance_generation_k3_n10_examples,3,avg_new_dominance_generation,avg_new_dominance_generation_bucket_k3,2,3
9832,information_not_credible_source_new,in_context_examples/gemma/46_60/seed_1/k_mean_buckets/samples/avg_new_dominance_generation/all_settings_avg_new_dominance_generation_k3_n10_examples.csv,all_settings_avg_new_dominance_generation_k3_n10_examples,3,avg_new_dominance_generation,avg_new_dominance_generation_bucket_k3,2,1
9915,information_not_credible_source_new,in_context_examples/gemma/46_60/seed_1/k_mean_buckets/samples/avg_new_dominance_generation/all_settings_avg_new_dominance_generation_k3_n10_examples.csv,all_settings_avg_new_dominance_generation_k3_n10_examples,3,avg_new_dominance_generation,avg_new_dominance_generation_bucket_k3,1,1
9930,information_not_credible_source_new,in_context_examples/gemma/46_60/seed_1/k_mean_buckets/samples/avg_new_dominance_generation/all_settings_avg_new_dominance_generation_k3_n10_examples.csv,all_settings_avg_new_dominance_generation_k3_n10_examples,3,avg_new_dominance_generation,avg_new_dominance_generation_bucket_k3,3,3
10038,information_not_credible_source_new,in_context_examples/gemma/46_60/seed_1/k_mean_buckets/samples/avg_new_dominance_generation/all_settings_avg_new_dominance_generation_k3_n10_examples.csv,all_settings_avg_new_dominance_generation_k3_n10_examples,3,avg_new_dominance_generation,avg_new_dominance_generation_bucket_k3,2,3
10040,information_not_credible_source_new,in_context_examples/gemma/46_60/seed_1/k_mean_buckets/samples/avg_new_dominance_generation/all_settings_avg_new_dominance_generation_k3_n10_examples.csv,all_settings_avg_new_dominance_generation_k3_n10_examples,3,avg_new_dominance_generation,avg_new_dominance_generation_bucket_k3,1,1
10052,information_not_credible_source_new,in_context_examples/gemma/46_60/seed_1/k_mean_buckets/samples/avg_new_dominance_generation/all_settings_avg_new_dominance_generation_k3_n10_examples.csv,all_settings_avg_new_dominance_generation_k3_n10_examples,3,avg_new_dominance_generation,avg_new_dominance_generation_bucket_k3,1,1
10180,information_not_credible_source_new,in_context_examples/gemma/46_60/seed_1/k_mean_buckets/samples/avg_new_dominance_generation/all_settings_avg_new_dominance_generation_k3_n10_examples.csv,all_settings_avg_new_dominance_generation_k3_n10_examples,3,avg_new_dominance_generation,avg_new_dominance_generation_bucket_k3,2,2
10223,information_not_credible_source_new,in_context_examples/gemma/46_60/seed_1/k_mean_buckets/samples/avg_new_dominance_generation/all_settings_avg_new_dominance_generation_k3_n10_examples.csv,all_settings_avg_new_dominance_generation_k3_n10_examples,3,avg_new_dominance_generation,avg_new_dominance_generation_bucket_k3,2,3
10231,information_not_credible_source_new,in_context_examples/gemma/46_60/seed_1/k_mean_buckets/samples/avg_new_dominance_generation/all_settings_avg_new_dominance_generation_k3_n10_examples.csv,all_settings_avg_new_dominance_generation_k3_n10_examples,3,avg_new_dominance_generation,avg_new_dominance_generation_bucket_k3,2,1
10319,information_not_credible_source_new,in_context_examples/gemma/46_60/seed_1/k_mean_buckets/samples/avg_new_dominance_generation/all_settings_avg_new_dominance_generation_k3_n10_examples.csv,all_settings_avg_new_dominance_generation_k3_n10_examples,3,avg_new_dominance_generation,avg_new_dominance_generation_bucket_k3,2,3
10326,information_not_credible_source_new,in_context_examples/gemma/46_60/seed_1/k_mean_buckets/samples/avg_new_dominance_generation/all_settings_avg_new_dominance_generation_k3_n10_examples.csv,all_settings_avg_new_dominance_generation_k3_n10_examples,3,avg_new_dominance_generation,avg_new_dominance_generation_bucket_k3,1,1
10343,information_not_credible_source_new,in_context_examples/gemma/46_60/seed_1/k_mean_buckets/samples/avg_new_dominance_generation/all_settings_avg_new_dominance_generation_k3_n10_examples.csv,all_settings_avg_new_dominance_generation_k3_n10_examples,3,avg_new_dominance_generation,avg_new_dominance_generation_bucket_k3,1,1
10365,information_not_credible_source_new,in_context_examples/gemma/46_60/seed_1/k_mean_buckets/samples/avg_new_dominance_generation/all_settings_avg_new_dominance_generation_k3_n10_examples.csv,all_settings_avg_new_dominance_generation_k3_n10_examples,3,avg_new_dominance_generation,avg_new_dominance_generation_bucket_k3,3,3
10376,information_not_credible_source_new,in_context_examples/gemma/46_60/seed_1/k_mean_buckets/samples/avg_new_dominance_generation/all_settings_avg_new_dominance_generation_k3_n10_examples.csv,all_settings_avg_new_dominance_generation_k3_n10_examples,3,avg_new_dominance_generation,avg_new_dominance_generation_bucket_k3,2,2
10440,information_not_credible_source_new,in_context_examples/gemma/46_60/seed_1/k_mean_buckets/samples/avg_new_dominance_generation/all_settings_avg_new_dominance_generation_k3_n10_examples.csv,all_settings_avg_new_dominance_generation_k3_n10_examples,3,avg_new_dominance_generation,avg_new_dominance_generation_bucket_k3,2,3
10509,information_not_credible_source_new,in_context_examples/gemma/46_60/seed_1/k_mean_buckets/samples/avg_new_dominance_generation/all_settings_avg_new_dominance_generation_k3_n10_examples.csv,all_settings_avg_new_dominance_generation_k3_n10_examples,3,avg_new_dominance_generation,avg_new_dominance_generation_bucket_k3,1,2
10747,information_not_credible_source_new,in_context_examples/gemma/46_60/seed_1/k_mean_buckets/samples/avg_new_dominance_generation/all_settings_avg_new_dominance_generation_k3_n10_examples.csv,all_settings_avg_new_dominance_generation_k3_n10_examples,3,avg_new_dominance_generation,avg_new_dominance_generation_bucket_k3,3,3
10775,information_not_credible_source_new,in_context_examples/gemma/46_60/seed_1/k_mean_buckets/samples/avg_new_dominance_generation/all_settings_avg_new_dominance_generation_k3_n10_examples.csv,all_settings_avg_new_dominance_generation_k3_n10_examples,3,avg_new_dominance_generation,avg_new_dominance_generation_bucket_k3,2,3
10845,information_not_credible_source_new,in_context_examples/gemma/46_60/seed_1/k_mean_buckets/samples/avg_new_dominance_generation/all_settings_avg_new_dominance_generation_k3_n10_examples.csv,all_settings_avg_new_dominance_generation_k3_n10_examples,3,avg_new_dominance_generation,avg_new_dominance_generation_bucket_k3,2,1
10881,information_not_credible_source_new,in_context_examples/gemma/46_60/seed_1/k_mean_buckets/samples/avg_new_dominance_generation/all_settings_avg_new_dominance_generation_k3_n10_examples.csv,all_settings_avg_new_dominance_generation_k3_n10_examples,3,avg_new_dominance_generation,avg_new_dominance_generation_bucket_k3,2,1
11168,information_not_credible_source_new,in_context_examples/gemma/46_60/seed_1/k_mean_buckets/samples/avg_new_dominance_generation/all_settings_avg_new_dominance_generation_k3_n10_examples.csv,all_settings_avg_new_dominance_generation_k3_n10_examples,3,avg_new_dominance_generation,avg_new_dominance_generation_bucket_k3,2,2
11187,information_not_credible_source_new,in_context_examples/gemma/46_60/seed_1/k_mean_buckets/samples/avg_new_dominance_generation/all_settings_avg_new_dominance_generation_k3_n10_examples.csv,all_settings_avg_new_dominance_generation_k3_n10_examples,3,avg_new_dominance_generation,avg_new_dominance_generation_bucket_k3,1,1
11382,information_not_credible_source_new,in_context_examples/gemma/46_60/seed_1/k_mean_buckets/samples/avg_new_dominance_generation/all_settings_avg_new_dominance_generation_k3_n10_examples.csv,all_settings_avg_new_dominance_generation_k3_n10_examples,3,avg_new_dominance_generation,avg_new_dominance_generation_bucket_k3,2,3
11678,information_not_credible_source_new,in_context_examples/gemma/46_60/seed_1/k_mean_buckets/samples/avg_new_dominance_generation/all_settings_avg_new_dominance_generation_k3_n10_examples.csv,all_settings_avg_new_dominance_generation_k3_n10_examples,3,avg_new_dominance_generation,avg_new_dominance_generation_bucket_k3,2,2
11722,information_not_credible_source_new,in_context_examples/gemma/46_60/seed_1/k_mean_buckets/samples/avg_new_dominance_generation/all_settings_avg_new_dominance_generation_k3_n10_examples.csv,all_settings_avg_new_dominance_generation_k3_n10_examples,3,avg_new_dominance_generation,avg_new_dominance_generation_bucket_k3,1,1
11929,information_not_credible_source_new,in_context_examples/gemma/46_60/seed_1/k_mean_buckets/samples/avg_new_dominance_generation/all_settings_avg_new_dominance_generation_k3_n10_examples.csv,all_settings_avg_new_dominance_generation_k3_n10_examples,3,avg_new_dominance_generation,avg_new_dominance_generation_bucket_k3,1,1
11976,information_not_credible_source_new,in_context_examples/gemma/46_60/seed_1/k_mean_buckets/samples/avg_new_dominance_generation/all_settings_avg_new_dominance_generation_k3_n10_examples.csv,all_settings_avg_new_dominance_generation_k3_n10_examples,3,avg_new_dominance_generation,avg_new_dominance_generation_bucket_k3,2,3
11977,information_not_credible_source_new,in_context_examples/gemma/46_60/seed_1/k_mean_buckets/samples/avg_new_dominance_generation/all_settings_avg_new_dominance_generation_k3_n10_examples.csv,all_settings_avg_new_dominance_generation_k3_n10_examples,3,avg_new_dominance_generation,avg_new_dominance_generation_bucket_k3,2,2
12194,information_not_credible_source_new,in_context_examples/gemma/46_60/seed_1/k_mean_buckets/samples/avg_new_dominance_generation/all_settings_avg_new_dominance_generation_k3_n10_examples.csv,all_settings_avg_new_dominance_generation_k3_n10_examples,3,avg_new_dominance_generation,avg_new_dominance_generation_bucket_k3,1,1
12238,information_not_credible_source_new,in_context_examples/gemma/46_60/seed_1/k_mean_buckets/samples/avg_new_dominance_generation/all_settings_avg_new_dominance_generation_k3_n10_examples.csv,all_settings_avg_new_dominance_generation_k3_n10_examples,3,avg_new_dominance_generation,avg_new_dominance_generation_bucket_k3,1,1
12472,information_not_credible_source_new,in_context_examples/gemma/46_60/seed_1/k_mean_buckets/samples/avg_new_dominance_generation/all_settings_avg_new_dominance_generation_k3_n10_examples.csv,all_settings_avg_new_dominance_generation_k3_n10_examples,3,avg_new_dominance_generation,avg_new_dominance_generation_bucket_k3,2,2
12594,information_not_credible_source_new,in_context_examples/gemma/46_60/seed_1/k_mean_buckets/samples/avg_new_dominance_generation/all_settings_avg_new_dominance_generation_k3_n10_examples.csv,all_settings_avg_new_dominance_generation_k3_n10_examples,3,avg_new_dominance_generation,avg_new_dominance_generation_bucket_k3,2,3
12597,information_not_credible_source_new,in_context_examples/gemma/46_60/seed_1/k_mean_buckets/samples/avg_new_dominance_generation/all_settings_avg_new_dominance_generation_k3_n10_examples.csv,all_settings_avg_new_dominance_generation_k3_n10_examples,3,avg_new_dominance_generation,avg_new_dominance_generation_bucket_k3,2,2
12646,information_not_credible_source_new,in_context_examples/gemma/46_60/seed_1/k_mean_buckets/samples/avg_new_dominance_generation/all_settings_avg_new_dominance_generation_k3_n10_examples.csv,all_settings_avg_new_dominance_generation_k3_n10_examples,3,avg_new_dominance_generation,avg_new_dominance_generation_bucket_k3,2,1
12671,information_not_credible_source_new,in_context_examples/gemma/46_60/seed_1/k_mean_buckets/samples/avg_new_dominance_generation/all_settings_avg_new_dominance_generation_k3_n10_examples.csv,all_settings_avg_new_dominance_generation_k3_n10_examples,3,avg_new_dominance_generation,avg_new_dominance_generation_bucket_k3,2,2
12736,information_not_credible_source_new,in_context_examples/gemma/46_60/seed_1/k_mean_buckets/samples/avg_new_dominance_generation/all_settings_avg_new_dominance_generation_k3_n10_examples.csv,all_settings_avg_new_dominance_generation_k3_n10_examples,3,avg_new_dominance_generation,avg_new_dominance_generation_bucket_k3,1,1
12837,information_not_credible_source_new,in_context_examples/gemma/46_60/seed_1/k_mean_buckets/samples/avg_new_dominance_generation/all_settings_avg_new_dominance_generation_k3_n10_examples.csv,all_settings_avg_new_dominance_generation_k3_n10_examples,3,avg_new_dominance_generation,avg_new_dominance_generation_bucket_k3,1,1
12851,information_not_credible_source_new,in_context_examples/gemma/46_60/seed_1/k_mean_buckets/samples/avg_new_dominance_generation/all_settings_avg_new_dominance_generation_k3_n10_examples.csv,all_settings_avg_new_dominance_generation_k3_n10_examples,3,avg_new_dominance_generation,avg_new_dominance_generation_bucket_k3,2,2
12923,information_not_credible_source_new,in_context_examples/gemma/46_60/seed_1/k_mean_buckets/samples/avg_new_dominance_generation/all_settings_avg_new_dominance_generation_k3_n10_examples.csv,all_settings_avg_new_dominance_generation_k3_n10_examples,3,avg_new_dominance_generation,avg_new_dominance_generation_bucket_k3,2,2
13044,information_not_credible_source_new,in_context_examples/gemma/46_60/seed_1/k_mean_buckets/samples/avg_new_dominance_generation/all_settings_avg_new_dominance_generation_k3_n10_examples.csv,all_settings_avg_new_dominance_generation_k3_n10_examples,3,avg_new_dominance_generation,avg_new_dominance_generation_bucket_k3,2,1
13070,information_not_credible_source_new,in_context_examples/gemma/46_60/seed_1/k_mean_buckets/samples/avg_new_dominance_generation/all_settings_avg_new_dominance_generation_k3_n10_examples.csv,all_settings_avg_new_dominance_generation_k3_n10_examples,3,avg_new_dominance_generation,avg_new_dominance_generation_bucket_k3,1,1
13101,information_not_credible_source_new,in_context_examples/gemma/46_60/seed_1/k_mean_buckets/samples/avg_new_dominance_generation/all_settings_avg_new_dominance_generation_k3_n10_examples.csv,all_settings_avg_new_dominance_generation_k3_n10_examples,3,avg_new_dominance_generation,avg_new_dominance_generation_bucket_k3,2,1
13199,information_not_credible_source_new,in_context_examples/gemma/46_60/seed_1/k_mean_buckets/samples/avg_new_dominance_generation/all_settings_avg_new_dominance_generation_k3_n10_examples.csv,all_settings_avg_new_dominance_generation_k3_n10_examples,3,avg_new_dominance_generation,avg_new_dominance_generation_bucket_k3,1,2
13215,information_not_credible_source_new,in_context_examples/gemma/46_60/seed_1/k_mean_buckets/samples/avg_new_dominance_generation/all_settings_avg_new_dominance_generation_k3_n10_examples.csv,all_settings_avg_new_dominance_generation_k3_n10_examples,3,avg_new_dominance_generation,avg_new_dominance_generation_bucket_k3,2,2
13245,information_not_credible_source_new,in_context_examples/gemma/46_60/seed_1/k_mean_buckets/samples/avg_new_dominance_generation/all_settings_avg_new_dominance_generation_k3_n10_examples.csv,all_settings_avg_new_dominance_generation_k3_n10_examples,3,avg_new_dominance_generation,avg_new_dominance_generation_bucket_k3,2,3
13328,information_not_credible_source_new,in_context_examples/gemma/46_60/seed_1/k_mean_buckets/samples/avg_new_dominance_generation/all_settings_avg_new_dominance_generation_k3_n10_examples.csv,all_settings_avg_new_dominance_generation_k3_n10_examples,3,avg_new_dominance_generation,avg_new_dominance_generation_bucket_k3,2,2
13419,information_not_credible_source_new,in_context_examples/gemma/46_60/seed_1/k_mean_buckets/samples/avg_new_dominance_generation/all_settings_avg_new_dominance_generation_k3_n10_examples.csv,all_settings_avg_new_dominance_generation_k3_n10_examples,3,avg_new_dominance_generation,avg_new_dominance_generation_bucket_k3,2,1
13494,information_not_credible_source_new,in_context_examples/gemma/46_60/seed_1/k_mean_buckets/samples/avg_new_dominance_generation/all_settings_avg_new_dominance_generation_k3_n10_examples.csv,all_settings_avg_new_dominance_generation_k3_n10_examples,3,avg_new_dominance_generation,avg_new_dominance_generation_bucket_k3,2,2
13729,information_not_credible_source_new,in_context_examples/gemma/46_60/seed_1/k_mean_buckets/samples/avg_new_dominance_generation/all_settings_avg_new_dominance_generation_k3_n10_examples.csv,all_settings_avg_new_dominance_generation_k3_n10_examples,3,avg_new_dominance_generation,avg_new_dominance_generation_bucket_k3,2,1
13733,information_not_credible_source_new,in_context_examples/gemma/46_60/seed_1/k_mean_buckets/samples/avg_new_dominance_generation/all_settings_avg_new_dominance_generation_k3_n10_examples.csv,all_settings_avg_new_dominance_generation_k3_n10_examples,3,avg_new_dominance_generation,avg_new_dominance_generation_bucket_k3,2,1
13833,information_not_credible_source_new,in_context_examples/gemma/46_60/seed_1/k_mean_buckets/samples/avg_new_dominance_generation/all_settings_avg_new_dominance_generation_k3_n10_examples.csv,all_settings_avg_new_dominance_generation_k3_n10_examples,3,avg_new_dominance_generation,avg_new_dominance_generation_bucket_k3,2,3
14008,information_not_credible_source_new,in_context_examples/gemma/46_60/seed_1/k_mean_buckets/samples/avg_new_dominance_generation/all_settings_avg_new_dominance_generation_k3_n10_examples.csv,all_settings_avg_new_dominance_generation_k3_n10_examples,3,avg_new_dominance_generation,avg_new_dominance_generation_bucket_k3,1,1
14320,information_not_credible_source_new,in_context_examples/gemma/46_60/seed_1/k_mean_buckets/samples/avg_new_dominance_generation/all_settings_avg_new_dominance_generation_k3_n10_examples.csv,all_settings_avg_new_dominance_generation_k3_n10_examples,3,avg_new_dominance_generation,avg_new_dominance_generation_bucket_k3,2,3
14404,information_not_credible_source_new,in_context_examples/gemma/46_60/seed_1/k_mean_buckets/samples/avg_new_dominance_generation/all_settings_avg_new_dominance_generation_k3_n10_examples.csv,all_settings_avg_new_dominance_generation_k3_n10_examples,3,avg_new_dominance_generation,avg_new_dominance_generation_bucket_k3,2,3
14442,information_not_credible_source_new,in_context_examples/gemma/46_60/seed_1/k_mean_buckets/samples/avg_new_dominance_generation/all_settings_avg_new_dominance_generation_k3_n10_examples.csv,all_settings_avg_new_dominance_generation_k3_n10_examples,3,avg_new_dominance_generation,avg_new_dominance_generation_bucket_k3,1,1
14492,information_not_credible_source_new,in_context_examples/gemma/46_60/seed_1/k_mean_buckets/samples/avg_new_dominance_generation/all_settings_avg_new_dominance_generation_k3_n10_examples.csv,all_settings_avg_new_dominance_generation_k3_n10_examples,3,avg_new_dominance_generation,avg_new_dominance_generation_bucket_k3,1,1
14535,information_not_credible_source_new,in_context_examples/gemma/46_60/seed_1/k_mean_buckets/samples/avg_new_dominance_generation/all_settings_avg_new_dominance_generation_k3_n10_examples.csv,all_settings_avg_new_dominance_generation_k3_n10_examples,3,avg_new_dominance_generation,avg_new_dominance_generation_bucket_k3,2,3
14648,information_not_credible_source_new,in_context_examples/gemma/46_60/seed_1/k_mean_buckets/samples/avg_new_dominance_generation/all_settings_avg_new_dominance_generation_k3_n10_examples.csv,all_settings_avg_new_dominance_generation_k3_n10_examples,3,avg_new_dominance_generation,avg_new_dominance_generation_bucket_k3,2,2
14677,information_not_credible_source_new,in_context_examples/gemma/46_60/seed_1/k_mean_buckets/samples/avg_new_dominance_generation/all_settings_avg_new_dominance_generation_k3_n10_examples.csv,all_settings_avg_new_dominance_generation_k3_n10_examples,3,avg_new_dominance_generation,avg_new_dominance_generation_bucket_k3,2,3
14735,information_not_credible_source_new,in_context_examples/gemma/46_60/seed_1/k_mean_buckets/samples/avg_new_dominance_generation/all_settings_avg_new_dominance_generation_k3_n10_examples.csv,all_settings_avg_new_dominance_generation_k3_n10_examples,3,avg_new_dominance_generation,avg_new_dominance_generation_bucket_k3,3,3
14745,information_not_credible_source_new,in_context_examples/gemma/46_60/seed_1/k_mean_buckets/samples/avg_new_dominance_generation/all_settings_avg_new_dominance_generation_k3_n10_examples.csv,all_settings_avg_new_dominance_generation_k3_n10_examples,3,avg_new_dominance_generation,avg_new_dominance_generation_bucket_k3,2,1
14815,information_not_credible_source_new,in_context_examples/gemma/46_60/seed_1/k_mean_buckets/samples/avg_new_dominance_generation/all_settings_avg_new_dominance_generation_k3_n10_examples.csv,all_settings_avg_new_dominance_generation_k3_n10_examples,3,avg_new_dominance_generation,avg_new_dominance_generation_bucket_k3,3,2
14852,information_not_credible_source_new,in_context_examples/gemma/46_60/seed_1/k_mean_buckets/samples/avg_new_dominance_generation/all_settings_avg_new_dominance_generation_k3_n10_examples.csv,all_settings_avg_new_dominance_generation_k3_n10_examples,3,avg_new_dominance_generation,avg_new_dominance_generation_bucket_k3,2,2
14883,information_not_credible_source_new,in_context_examples/gemma/46_60/seed_1/k_mean_buckets/samples/avg_new_dominance_generation/all_settings_avg_new_dominance_generation_k3_n10_examples.csv,all_settings_avg_new_dominance_generation_k3_n10_examples,3,avg_new_dominance_generation,avg_new_dominance_generation_bucket_k3,2,3
14907,information_not_credible_source_new,in_context_examples/gemma/46_60/seed_1/k_mean_buckets/samples/avg_new_dominance_generation/all_settings_avg_new_dominance_generation_k3_n10_examples.csv,all_settings_avg_new_dominance_generation_k3_n10_examples,3,avg_new_dominance_generation,avg_new_dominance_generation_bucket_k3,1,1
14997,information_not_credible_source_new,in_context_examples/gemma/46_60/seed_1/k_mean_buckets/samples/avg_new_dominance_generation/all_settings_avg_new_dominance_generation_k3_n10_examples.csv,all_settings_avg_new_dominance_generation_k3_n10_examples,3,avg_new_dominance_generation,avg_new_dominance_generation_bucket_k3,2,3
15064,information_not_credible_source_new,in_context_examples/gemma/46_60/seed_1/k_mean_buckets/samples/avg_new_dominance_generation/all_settings_avg_new_dominance_generation_k3_n10_examples.csv,all_settings_avg_new_dominance_generation_k3_n10_examples,3,avg_new_dominance_generation,avg_new_dominance_generation_bucket_k3,1,1
15249,information_not_credible_source_new,in_context_examples/gemma/46_60/seed_1/k_mean_buckets/samples/avg_new_dominance_generation/all_settings_avg_new_dominance_generation_k3_n10_examples.csv,all_settings_avg_new_dominance_generation_k3_n10_examples,3,avg_new_dominance_generation,avg_new_dominance_generation_bucket_k3,1,1
15291,information_not_credible_source_new,in_context_examples/gemma/46_60/seed_1/k_mean_buckets/samples/avg_new_dominance_generation/all_settings_avg_new_dominance_generation_k3_n10_examples.csv,all_settings_avg_new_dominance_generation_k3_n10_examples,3,avg_new_dominance_generation,avg_new_dominance_generation_bucket_k3,1,1
15577,information_not_credible_source_new,in_context_examples/gemma/46_60/seed_1/k_mean_buckets/samples/avg_new_dominance_generation/all_settings_avg_new_dominance_generation_k3_n10_examples.csv,all_settings_avg_new_dominance_generation_k3_n10_examples,3,avg_new_dominance_generation,avg_new_dominance_generation_bucket_k3,2,1
15766,information_not_credible_source_new,in_context_examples/gemma/46_60/seed_1/k_mean_buckets/samples/avg_new_dominance_generation/all_settings_avg_new_dominance_generation_k3_n10_examples.csv,all_settings_avg_new_dominance_generation_k3_n10_examples,3,avg_new_dominance_generation,avg_new_dominance_generation_bucket_k3,2,3
15850,information_not_credible_source_new,in_context_examples/gemma/46_60/seed_1/k_mean_buckets/samples/avg_new_dominance_generation/all_settings_avg_new_dominance_generation_k3_n10_examples.csv,all_settings_avg_new_dominance_generation_k3_n10_examples,3,avg_new_dominance_generation,avg_new_dominance_generation_bucket_k3,1,2
15867,information_not_credible_source_new,in_context_examples/gemma/46_60/seed_1/k_mean_buckets/samples/avg_new_dominance_generation/all_settings_avg_new_dominance_generation_k3_n10_examples.csv,all_settings_avg_new_dominance_generation_k3_n10_examples,3,avg_new_dominance_generation,avg_new_dominance_generation_bucket_k3,2,3
15954,information_not_credible_source_new,in_context_examples/gemma/46_60/seed_1/k_mean_buckets/samples/avg_new_dominance_generation/all_settings_avg_new_dominance_generation_k3_n10_examples.csv,all_settings_avg_new_dominance_generation_k3_n10_examples,3,avg_new_dominance_generation,avg_new_dominance_generation_bucket_k3,2,1
15957,information_not_credible_source_new,in_context_examples/gemma/46_60/seed_1/k_mean_buckets/samples/avg_new_dominance_generation/all_settings_avg_new_dominance_generation_k3_n10_examples.csv,all_settings_avg_new_dominance_generation_k3_n10_examples,3,avg_new_dominance_generation,avg_new_dominance_generation_bucket_k3,2,2
16048,information_not_credible_source_new,in_context_examples/gemma/46_60/seed_1/k_mean_buckets/samples/avg_new_dominance_generation/all_settings_avg_new_dominance_generation_k3_n10_examples.csv,all_settings_avg_new_dominance_generation_k3_n10_examples,3,avg_new_dominance_generation,avg_new_dominance_generation_bucket_k3,2,1
16130,information_not_credible_source_new,in_context_examples/gemma/46_60/seed_1/k_mean_buckets/samples/avg_new_dominance_generation/all_settings_avg_new_dominance_generation_k3_n10_examples.csv,all_settings_avg_new_dominance_generation_k3_n10_examples,3,avg_new_dominance_generation,avg_new_dominance_generation_bucket_k3,1,2
16377,information_not_credible_source_new,in_context_examples/gemma/46_60/seed_1/k_mean_buckets/samples/avg_new_dominance_generation/all_settings_avg_new_dominance_generation_k3_n10_examples.csv,all_settings_avg_new_dominance_generation_k3_n10_examples,3,avg_new_dominance_generation,avg_new_dominance_generation_bucket_k3,1,1
16426,information_not_credible_source_new,in_context_examples/gemma/46_60/seed_1/k_mean_buckets/samples/avg_new_dominance_generation/all_settings_avg_new_dominance_generation_k3_n10_examples.csv,all_settings_avg_new_dominance_generation_k3_n10_examples,3,avg_new_dominance_generation,avg_new_dominance_generation_bucket_k3,2,2
16479,information_not_credible_source_new,in_context_examples/gemma/46_60/seed_1/k_mean_buckets/samples/avg_new_dominance_generation/all_settings_avg_new_dominance_generation_k3_n10_examples.csv,all_settings_avg_new_dominance_generation_k3_n10_examples,3,avg_new_dominance_generation,avg_new_dominance_generation_bucket_k3,2,3
16556,information_not_credible_source_new,in_context_examples/gemma/46_60/seed_1/k_mean_buckets/samples/avg_new_dominance_generation/all_settings_avg_new_dominance_generation_k3_n10_examples.csv,all_settings_avg_new_dominance_generation_k3_n10_examples,3,avg_new_dominance_generation,avg_new_dominance_generation_bucket_k3,2,1
16585,information_not_credible_source_new,in_context_examples/gemma/46_60/seed_1/k_mean_buckets/samples/avg_new_dominance_generation/all_settings_avg_new_dominance_generation_k3_n10_examples.csv,all_settings_avg_new_dominance_generation_k3_n10_examples,3,avg_new_dominance_generation,avg_new_dominance_generation_bucket_k3,1,1
16655,information_not_credible_source_new,in_context_examples/gemma/46_60/seed_1/k_mean_buckets/samples/avg_new_dominance_generation/all_settings_avg_new_dominance_generation_k3_n10_examples.csv,all_settings_avg_new_dominance_generation_k3_n10_examples,3,avg_new_dominance_generation,avg_new_dominance_generation_bucket_k3,1,1
16803,information_not_credible_source_new,in_context_examples/gemma/46_60/seed_1/k_mean_buckets/samples/avg_new_dominance_generation/all_settings_avg_new_dominance_generation_k3_n10_examples.csv,all_settings_avg_new_dominance_generation_k3_n10_examples,3,avg_new_dominance_generation,avg_new_dominance_generation_bucket_k3,1,1
16841,information_not_credible_source_new,in_context_examples/gemma/46_60/seed_1/k_mean_buckets/samples/avg_new_dominance_generation/all_settings_avg_new_dominance_generation_k3_n10_examples.csv,all_settings_avg_new_dominance_generation_k3_n10_examples,3,avg_new_dominance_generation,avg_new_dominance_generation_bucket_k3,2,3
16993,information_not_credible_source_new,in_context_examples/gemma/46_60/seed_1/k_mean_buckets/samples/avg_new_dominance_generation/all_settings_avg_new_dominance_generation_k3_n10_examples.csv,all_settings_avg_new_dominance_generation_k3_n10_examples,3,avg_new_dominance_generation,avg_new_dominance_generation_bucket_k3,2,1
17002,information_not_credible_source_new,in_context_examples/gemma/46_60/seed_1/k_mean_buckets/samples/avg_new_dominance_generation/all_settings_avg_new_dominance_generation_k3_n10_examples.csv,all_settings_avg_new_dominance_generation_k3_n10_examples,3,avg_new_dominance_generation,avg_new_dominance_generation_bucket_k3,1,1
17094,information_not_credible_source_new,in_context_examples/gemma/46_60/seed_1/k_mean_buckets/samples/avg_new_dominance_generation/all_settings_avg_new_dominance_generation_k3_n10_examples.csv,all_settings_avg_new_dominance_generation_k3_n10_examples,3,avg_new_dominance_generation,avg_new_dominance_generation_bucket_k3,2,1
17247,information_not_credible_source_new,in_context_examples/gemma/46_60/seed_1/k_mean_buckets/samples/avg_new_dominance_generation/all_settings_avg_new_dominance_generation_k3_n10_examples.csv,all_settings_avg_new_dominance_generation_k3_n10_examples,3,avg_new_dominance_generation,avg_new_dominance_generation_bucket_k3,1,1
17276,information_not_credible_source_new,in_context_examples/gemma/46_60/seed_1/k_mean_buckets/samples/avg_new_dominance_generation/all_settings_avg_new_dominance_generation_k3_n10_examples.csv,all_settings_avg_new_dominance_generation_k3_n10_examples,3,avg_new_dominance_generation,avg_new_dominance_generation_bucket_k3,2,3
17298,information_not_credible_source_new,in_context_examples/gemma/46_60/seed_1/k_mean_buckets/samples/avg_new_dominance_generation/all_settings_avg_new_dominance_generation_k3_n10_examples.csv,all_settings_avg_new_dominance_generation_k3_n10_examples,3,avg_new_dominance_generation,avg_new_dominance_generation_bucket_k3,2,2
17378,information_not_credible_source_new,in_context_examples/gemma/46_60/seed_1/k_mean_buckets/samples/avg_new_dominance_generation/all_settings_avg_new_dominance_generation_k3_n10_examples.csv,all_settings_avg_new_dominance_generation_k3_n10_examples,3,avg_new_dominance_generation,avg_new_dominance_generation_bucket_k3,2,3
17525,information_not_credible_source_new,in_context_examples/gemma/46_60/seed_1/k_mean_buckets/samples/avg_new_dominance_generation/all_settings_avg_new_dominance_generation_k3_n10_examples.csv,all_settings_avg_new_dominance_generation_k3_n10_examples,3,avg_new_dominance_generation,avg_new_dominance_generation_bucket_k3,2,2
17528,information_not_credible_source_new,in_context_examples/gemma/46_60/seed_1/k_mean_buckets/samples/avg_new_dominance_generation/all_settings_avg_new_dominance_generation_k3_n10_examples.csv,all_settings_avg_new_dominance_generation_k3_n10_examples,3,avg_new_dominance_generation,avg_new_dominance_generation_bucket_k3,2,2
17811,information_not_credible_source_new,in_context_examples/gemma/46_60/seed_1/k_mean_buckets/samples/avg_new_dominance_generation/all_settings_avg_new_dominance_generation_k3_n10_examples.csv,all_settings_avg_new_dominance_generation_k3_n10_examples,3,avg_new_dominance_generation,avg_new_dominance_generation_bucket_k3,2,1
18070,information_not_credible_source_new,in_context_examples/gemma/46_60/seed_1/k_mean_buckets/samples/avg_new_dominance_generation/all_settings_avg_new_dominance_generation_k3_n10_examples.csv,all_settings_avg_new_dominance_generation_k3_n10_examples,3,avg_new_dominance_generation,avg_new_dominance_generation_bucket_k3,2,1
18094,information_not_credible_source_new,in_context_examples/gemma/46_60/seed_1/k_mean_buckets/samples/avg_new_dominance_generation/all_settings_avg_new_dominance_generation_k3_n10_examples.csv,all_settings_avg_new_dominance_generation_k3_n10_examples,3,avg_new_dominance_generation,avg_new_dominance_generation_bucket_k3,1,1
18143,information_not_credible_source_new,in_context_examples/gemma/46_60/seed_1/k_mean_buckets/samples/avg_new_dominance_generation/all_settings_avg_new_dominance_generation_k3_n10_examples.csv,all_settings_avg_new_dominance_generation_k3_n10_examples,3,avg_new_dominance_generation,avg_new_dominance_generation_bucket_k3,2,3
18161,information_not_credible_source_new,in_context_examples/gemma/46_60/seed_1/k_mean_buckets/samples/avg_new_dominance_generation/all_settings_avg_new_dominance_generation_k3_n10_examples.csv,all_settings_avg_new_dominance_generation_k3_n10_examples,3,avg_new_dominance_generation,avg_new_dominance_generation_bucket_k3,3,3
18242,information_not_credible_source_new,in_context_examples/gemma/46_60/seed_1/k_mean_buckets/samples/avg_new_dominance_generation/all_settings_avg_new_dominance_generation_k3_n10_examples.csv,all_settings_avg_new_dominance_generation_k3_n10_examples,3,avg_new_dominance_generation,avg_new_dominance_generation_bucket_k3,1,1
18284,information_not_credible_source_new,in_context_examples/gemma/46_60/seed_1/k_mean_buckets/samples/avg_new_dominance_generation/all_settings_avg_new_dominance_generation_k3_n10_examples.csv,all_settings_avg_new_dominance_generation_k3_n10_examples,3,avg_new_dominance_generation,avg_new_dominance_generation_bucket_k3,1,1
18319,information_not_credible_source_new,in_context_examples/gemma/46_60/seed_1/k_mean_buckets/samples/avg_new_dominance_generation/all_settings_avg_new_dominance_generation_k3_n10_examples.csv,all_settings_avg_new_dominance_generation_k3_n10_examples,3,avg_new_dominance_generation,avg_new_dominance_generation_bucket_k3,1,2
18510,information_not_credible_source_new,in_context_examples/gemma/46_60/seed_1/k_mean_buckets/samples/avg_new_dominance_generation/all_settings_avg_new_dominance_generation_k3_n10_examples.csv,all_settings_avg_new_dominance_generation_k3_n10_examples,3,avg_new_dominance_generation,avg_new_dominance_generation_bucket_k3,1,3
18520,information_not_credible_source_new,in_context_examples/gemma/46_60/seed_1/k_mean_buckets/samples/avg_new_dominance_generation/all_settings_avg_new_dominance_generation_k3_n10_examples.csv,all_settings_avg_new_dominance_generation_k3_n10_examples,3,avg_new_dominance_generation,avg_new_dominance_generation_bucket_k3,2,3
18587,information_not_credible_source_new,in_context_examples/gemma/46_60/seed_1/k_mean_buckets/samples/avg_new_dominance_generation/all_settings_avg_new_dominance_generation_k3_n10_examples.csv,all_settings_avg_new_dominance_generation_k3_n10_examples,3,avg_new_dominance_generation,avg_new_dominance_generation_bucket_k3,2,1
18592,information_not_credible_source_new,in_context_examples/gemma/46_60/seed_1/k_mean_buckets/samples/avg_new_dominance_generation/all_settings_avg_new_dominance_generation_k3_n10_examples.csv,all_settings_avg_new_dominance_generation_k3_n10_examples,3,avg_new_dominance_generation,avg_new_dominance_generation_bucket_k3,1,1
18604,information_not_credible_source_new,in_context_examples/gemma/46_60/seed_1/k_mean_buckets/samples/avg_new_dominance_generation/all_settings_avg_new_dominance_generation_k3_n10_examples.csv,all_settings_avg_new_dominance_generation_k3_n10_examples,3,avg_new_dominance_generation,avg_new_dominance_generation_bucket_k3,2,2
18786,information_not_credible_source_new,in_context_examples/gemma/46_60/seed_1/k_mean_buckets/samples/avg_new_dominance_generation/all_settings_avg_new_dominance_generation_k3_n10_examples.csv,all_settings_avg_new_dominance_generation_k3_n10_examples,3,avg_new_dominance_generation,avg_new_dominance_generation_bucket_k3,2,1
18840,information_not_credible_source_new,in_context_examples/gemma/46_60/seed_1/k_mean_buckets/samples/avg_new_dominance_generation/all_settings_avg_new_dominance_generation_k3_n10_examples.csv,all_settings_avg_new_dominance_generation_k3_n10_examples,3,avg_new_dominance_generation,avg_new_dominance_generation_bucket_k3,1,2
18845,information_not_credible_source_new,in_context_examples/gemma/46_60/seed_1/k_mean_buckets/samples/avg_new_dominance_generation/all_settings_avg_new_dominance_generation_k3_n10_examples.csv,all_settings_avg_new_dominance_generation_k3_n10_examples,3,avg_new_dominance_generation,avg_new_dominance_generation_bucket_k3,1,1
18860,information_not_credible_source_new,in_context_examples/gemma/46_60/seed_1/k_mean_buckets/samples/avg_new_dominance_generation/all_settings_avg_new_dominance_generation_k3_n10_examples.csv,all_settings_avg_new_dominance_generation_k3_n10_examples,3,avg_new_dominance_generation,avg_new_dominance_generation_bucket_k3,2,2
18966,information_not_credible_source_new,in_context_examples/gemma/46_60/seed_1/k_mean_buckets/samples/avg_new_dominance_generation/all_settings_avg_new_dominance_generation_k3_n10_examples.csv,all_settings_avg_new_dominance_generation_k3_n10_examples,3,avg_new_dominance_generation,avg_new_dominance_generation_bucket_k3,1,1
19047,information_not_credible_source_new,in_context_examples/gemma/46_60/seed_1/k_mean_buckets/samples/avg_new_dominance_generation/all_settings_avg_new_dominance_generation_k3_n10_examples.csv,all_settings_avg_new_dominance_generation_k3_n10_examples,3,avg_new_dominance_generation,avg_new_dominance_generation_bucket_k3,1,1
19066,information_not_credible_source_new,in_context_examples/gemma/46_60/seed_1/k_mean_buckets/samples/avg_new_dominance_generation/all_settings_avg_new_dominance_generation_k3_n10_examples.csv,all_settings_avg_new_dominance_generation_k3_n10_examples,3,avg_new_dominance_generation,avg_new_dominance_generation_bucket_k3,2,3
19107,information_not_credible_source_new,in_context_examples/gemma/46_60/seed_1/k_mean_buckets/samples/avg_new_dominance_generation/all_settings_avg_new_dominance_generation_k3_n10_examples.csv,all_settings_avg_new_dominance_generation_k3_n10_examples,3,avg_new_dominance_generation,avg_new_dominance_generation_bucket_k3,2,1
19114,information_not_credible_source_new,in_context_examples/gemma/46_60/seed_1/k_mean_buckets/samples/avg_new_dominance_generation/all_settings_avg_new_dominance_generation_k3_n10_examples.csv,all_settings_avg_new_dominance_generation_k3_n10_examples,3,avg_new_dominance_generation,avg_new_dominance_generation_bucket_k3,2,2
19122,information_not_credible_source_new,in_context_examples/gemma/46_60/seed_1/k_mean_buckets/samples/avg_new_dominance_generation/all_settings_avg_new_dominance_generation_k3_n10_examples.csv,all_settings_avg_new_dominance_generation_k3_n10_examples,3,avg_new_dominance_generation,avg_new_dominance_generation_bucket_k3,3,3
19214,information_not_credible_source_new,in_context_examples/gemma/46_60/seed_1/k_mean_buckets/samples/avg_new_dominance_generation/all_settings_avg_new_dominance_generation_k3_n10_examples.csv,all_settings_avg_new_dominance_generation_k3_n10_examples,3,avg_new_dominance_generation,avg_new_dominance_generation_bucket_k3,2,1
19322,information_not_credible_source_new,in_context_examples/gemma/46_60/seed_1/k_mean_buckets/samples/avg_new_dominance_generation/all_settings_avg_new_dominance_generation_k3_n10_examples.csv,all_settings_avg_new_dominance_generation_k3_n10_examples,3,avg_new_dominance_generation,avg_new_dominance_generation_bucket_k3,2,2
19430,information_not_credible_source_new,in_context_examples/gemma/46_60/seed_1/k_mean_buckets/samples/avg_new_dominance_generation/all_settings_avg_new_dominance_generation_k3_n10_examples.csv,all_settings_avg_new_dominance_generation_k3_n10_examples,3,avg_new_dominance_generation,avg_new_dominance_generation_bucket_k3,2,3
19485,information_not_credible_source_new,in_context_examples/gemma/46_60/seed_1/k_mean_buckets/samples/avg_new_dominance_generation/all_settings_avg_new_dominance_generation_k3_n10_examples.csv,all_settings_avg_new_dominance_generation_k3_n10_examples,3,avg_new_dominance_generation,avg_new_dominance_generation_bucket_k3,3,3
19523,information_not_credible_source_new,in_context_examples/gemma/46_60/seed_1/k_mean_buckets/samples/avg_new_dominance_generation/all_settings_avg_new_dominance_generation_k3_n10_examples.csv,all_settings_avg_new_dominance_generation_k3_n10_examples,3,avg_new_dominance_generation,avg_new_dominance_generation_bucket_k3,1,1
19597,information_not_credible_source_new,in_context_examples/gemma/46_60/seed_1/k_mean_buckets/samples/avg_new_dominance_generation/all_settings_avg_new_dominance_generation_k3_n10_examples.csv,all_settings_avg_new_dominance_generation_k3_n10_examples,3,avg_new_dominance_generation,avg_new_dominance_generation_bucket_k3,1,1
19829,information_not_credible_source_new,in_context_examples/gemma/46_60/seed_1/k_mean_buckets/samples/avg_new_dominance_generation/all_settings_avg_new_dominance_generation_k3_n10_examples.csv,all_settings_avg_new_dominance_generation_k3_n10_examples,3,avg_new_dominance_generation,avg_new_dominance_generation_bucket_k3,2,3
19898,information_not_credible_source_new,in_context_examples/gemma/46_60/seed_1/k_mean_buckets/samples/avg_new_dominance_generation/all_settings_avg_new_dominance_generation_k3_n10_examples.csv,all_settings_avg_new_dominance_generation_k3_n10_examples,3,avg_new_dominance_generation,avg_new_dominance_generation_bucket_k3,3,1
19941,information_not_credible_source_new,in_context_examples/gemma/46_60/seed_1/k_mean_buckets/samples/avg_new_dominance_generation/all_settings_avg_new_dominance_generation_k3_n10_examples.csv,all_settings_avg_new_dominance_generation_k3_n10_examples,3,avg_new_dominance_generation,avg_new_dominance_generation_bucket_k3,1,2
20051,information_not_credible_source_new,in_context_examples/gemma/46_60/seed_1/k_mean_buckets/samples/avg_new_dominance_generation/all_settings_avg_new_dominance_generation_k3_n10_examples.csv,all_settings_avg_new_dominance_generation_k3_n10_examples,3,avg_new_dominance_generation,avg_new_dominance_generation_bucket_k3,1,1
20098,information_not_credible_source_new,in_context_examples/gemma/46_60/seed_1/k_mean_buckets/samples/avg_new_dominance_generation/all_settings_avg_new_dominance_generation_k3_n10_examples.csv,all_settings_avg_new_dominance_generation_k3_n10_examples,3,avg_new_dominance_generation,avg_new_dominance_generation_bucket_k3,1,1
20112,information_not_credible_source_new,in_context_examples/gemma/46_60/seed_1/k_mean_buckets/samples/avg_new_dominance_generation/all_settings_avg_new_dominance_generation_k3_n10_examples.csv,all_settings_avg_new_dominance_generation_k3_n10_examples,3,avg_new_dominance_generation,avg_new_dominance_generation_bucket_k3,2,1
20182,information_not_credible_source_new,in_context_examples/gemma/46_60/seed_1/k_mean_buckets/samples/avg_new_dominance_generation/all_settings_avg_new_dominance_generation_k3_n10_examples.csv,all_settings_avg_new_dominance_generation_k3_n10_examples,3,avg_new_dominance_generation,avg_new_dominance_generation_bucket_k3,2,2
20202,information_not_credible_source_new,in_context_examples/gemma/46_60/seed_1/k_mean_buckets/samples/avg_new_dominance_generation/all_settings_avg_new_dominance_generation_k3_n10_examples.csv,all_settings_avg_new_dominance_generation_k3_n10_examples,3,avg_new_dominance_generation,avg_new_dominance_generation_bucket_k3,1,1
20311,information_not_credible_source_new,in_context_examples/gemma/46_60/seed_1/k_mean_buckets/samples/avg_new_dominance_generation/all_settings_avg_new_dominance_generation_k3_n10_examples.csv,all_settings_avg_new_dominance_generation_k3_n10_examples,3,avg_new_dominance_generation,avg_new_dominance_generation_bucket_k3,1,1
20324,information_not_credible_source_new,in_context_examples/gemma/46_60/seed_1/k_mean_buckets/samples/avg_new_dominance_generation/all_settings_avg_new_dominance_generation_k3_n10_examples.csv,all_settings_avg_new_dominance_generation_k3_n10_examples,3,avg_new_dominance_generation,avg_new_dominance_generation_bucket_k3,2,2
20486,information_not_credible_source_new,in_context_examples/gemma/46_60/seed_1/k_mean_buckets/samples/avg_new_dominance_generation/all_settings_avg_new_dominance_generation_k3_n10_examples.csv,all_settings_avg_new_dominance_generation_k3_n10_examples,3,avg_new_dominance_generation,avg_new_dominance_generation_bucket_k3,1,3
20647,information_not_credible_source_new,in_context_examples/gemma/46_60/seed_1/k_mean_buckets/samples/avg_new_dominance_generation/all_settings_avg_new_dominance_generation_k3_n10_examples.csv,all_settings_avg_new_dominance_generation_k3_n10_examples,3,avg_new_dominance_generation,avg_new_dominance_generation_bucket_k3,2,2
20680,information_not_credible_source_new,in_context_examples/gemma/46_60/seed_1/k_mean_buckets/samples/avg_new_dominance_generation/all_settings_avg_new_dominance_generation_k3_n10_examples.csv,all_settings_avg_new_dominance_generation_k3_n10_examples,3,avg_new_dominance_generation,avg_new_dominance_generation_bucket_k3,1,2
20821,information_not_credible_source_new,in_context_examples/gemma/46_60/seed_1/k_mean_buckets/samples/avg_new_dominance_generation/all_settings_avg_new_dominance_generation_k3_n10_examples.csv,all_settings_avg_new_dominance_generation_k3_n10_examples,3,avg_new_dominance_generation,avg_new_dominance_generation_bucket_k3,1,2
21013,information_not_credible_source_new,in_context_examples/gemma/46_60/seed_1/k_mean_buckets/samples/avg_new_dominance_generation/all_settings_avg_new_dominance_generation_k3_n10_examples.csv,all_settings_avg_new_dominance_generation_k3_n10_examples,3,avg_new_dominance_generation,avg_new_dominance_generation_bucket_k3,3,3
21066,information_not_credible_source_new,in_context_examples/gemma/46_60/seed_1/k_mean_buckets/samples/avg_new_dominance_generation/all_settings_avg_new_dominance_generation_k3_n10_examples.csv,all_settings_avg_new_dominance_generation_k3_n10_examples,3,avg_new_dominance_generation,avg_new_dominance_generation_bucket_k3,2,1
21073,information_not_credible_source_new,in_context_examples/gemma/46_60/seed_1/k_mean_buckets/samples/avg_new_dominance_generation/all_settings_avg_new_dominance_generation_k3_n10_examples.csv,all_settings_avg_new_dominance_generation_k3_n10_examples,3,avg_new_dominance_generation,avg_new_dominance_generation_bucket_k3,1,1
21076,information_not_credible_source_new,in_context_examples/gemma/46_60/seed_1/k_mean_buckets/samples/avg_new_dominance_generation/all_settings_avg_new_dominance_generation_k3_n10_examples.csv,all_settings_avg_new_dominance_generation_k3_n10_examples,3,avg_new_dominance_generation,avg_new_dominance_generation_bucket_k3,1,1
21157,information_not_credible_source_new,in_context_examples/gemma/46_60/seed_1/k_mean_buckets/samples/avg_new_dominance_generation/all_settings_avg_new_dominance_generation_k3_n10_examples.csv,all_settings_avg_new_dominance_generation_k3_n10_examples,3,avg_new_dominance_generation,avg_new_dominance_generation_bucket_k3,2,2
21279,information_not_credible_source_new,in_context_examples/gemma/46_60/seed_1/k_mean_buckets/samples/avg_new_dominance_generation/all_settings_avg_new_dominance_generation_k3_n10_examples.csv,all_settings_avg_new_dominance_generation_k3_n10_examples,3,avg_new_dominance_generation,avg_new_dominance_generation_bucket_k3,1,1
21468,information_not_credible_source_new,in_context_examples/gemma/46_60/seed_1/k_mean_buckets/samples/avg_new_dominance_generation/all_settings_avg_new_dominance_generation_k3_n10_examples.csv,all_settings_avg_new_dominance_generation_k3_n10_examples,3,avg_new_dominance_generation,avg_new_dominance_generation_bucket_k3,2,1
21488,information_not_credible_source_new,in_context_examples/gemma/46_60/seed_1/k_mean_buckets/samples/avg_new_dominance_generation/all_settings_avg_new_dominance_generation_k3_n10_examples.csv,all_settings_avg_new_dominance_generation_k3_n10_examples,3,avg_new_dominance_generation,avg_new_dominance_generation_bucket_k3,2,2
21537,information_not_credible_source_new,in_context_examples/gemma/46_60/seed_1/k_mean_buckets/samples/avg_new_dominance_generation/all_settings_avg_new_dominance_generation_k3_n10_examples.csv,all_settings_avg_new_dominance_generation_k3_n10_examples,3,avg_new_dominance_generation,avg_new_dominance_generation_bucket_k3,2,3
21638,information_not_credible_source_new,in_context_examples/gemma/46_60/seed_1/k_mean_buckets/samples/avg_new_dominance_generation/all_settings_avg_new_dominance_generation_k3_n10_examples.csv,all_settings_avg_new_dominance_generation_k3_n10_examples,3,avg_new_dominance_generation,avg_new_dominance_generation_bucket_k3,2,1
21791,information_not_credible_source_new,in_context_examples/gemma/46_60/seed_1/k_mean_buckets/samples/avg_new_dominance_generation/all_settings_avg_new_dominance_generation_k3_n10_examples.csv,all_settings_avg_new_dominance_generation_k3_n10_examples,3,avg_new_dominance_generation,avg_new_dominance_generation_bucket_k3,2,3
21836,information_not_credible_source_new,in_context_examples/gemma/46_60/seed_1/k_mean_buckets/samples/avg_new_dominance_generation/all_settings_avg_new_dominance_generation_k3_n10_examples.csv,all_settings_avg_new_dominance_generation_k3_n10_examples,3,avg_new_dominance_generation,avg_new_dominance_generation_bucket_k3,2,2
108,neutral_new,in_context_examples/gemma/46_60/seed_1/k_mean_buckets/samples/avg_new_dominance_generation/all_settings_avg_new_dominance_generation_k3_n10_examples.csv,all_settings_avg_new_dominance_generation_k3_n10_examples,3,avg_new_dominance_generation,avg_new_dominance_generation_bucket_k3,1,2
165,neutral_new,in_context_examples/gemma/46_60/seed_1/k_mean_buckets/samples/avg_new_dominance_generation/all_settings_avg_new_dominance_generation_k3_n10_examples.csv,all_settings_avg_new_dominance_generation_k3_n10_examples,3,avg_new_dominance_generation,avg_new_dominance_generation_bucket_k3,3,1
187,neutral_new,in_context_examples/gemma/46_60/seed_1/k_mean_buckets/samples/avg_new_dominance_generation/all_settings_avg_new_dominance_generation_k3_n10_examples.csv,all_settings_avg_new_dominance_generation_k3_n10_examples,3,avg_new_dominance_generation,avg_new_dominance_generation_bucket_k3,1,3
222,neutral_new,in_context_examples/gemma/46_60/seed_1/k_mean_buckets/samples/avg_new_dominance_generation/all_settings_avg_new_dominance_generation_k3_n10_examples.csv,all_settings_avg_new_dominance_generation_k3_n10_examples,3,avg_new_dominance_generation,avg_new_dominance_generation_bucket_k3,1,3
243,neutral_new,in_context_examples/gemma/46_60/seed_1/k_mean_buckets/samples/avg_new_dominance_generation/all_settings_avg_new_dominance_generation_k3_n10_examples.csv,all_settings_avg_new_dominance_generation_k3_n10_examples,3,avg_new_dominance_generation,avg_new_dominance_generation_bucket_k3,1,3
307,neutral_new,in_context_examples/gemma/46_60/seed_1/k_mean_buckets/samples/avg_new_dominance_generation/all_settings_avg_new_dominance_generation_k3_n10_examples.csv,all_settings_avg_new_dominance_generation_k3_n10_examples,3,avg_new_dominance_generation,avg_new_dominance_generation_bucket_k3,1,2
423,neutral_new,in_context_examples/gemma/46_60/seed_1/k_mean_buckets/samples/avg_new_dominance_generation/all_settings_avg_new_dominance_generation_k3_n10_examples.csv,all_settings_avg_new_dominance_generation_k3_n10_examples,3,avg_new_dominance_generation,avg_new_dominance_generation_bucket_k3,1,2
439,neutral_new,in_context_examples/gemma/46_60/seed_1/k_mean_buckets/samples/avg_new_dominance_generation/all_settings_avg_new_dominance_generation_k3_n10_examples.csv,all_settings_avg_new_dominance_generation_k3_n10_examples,3,avg_new_dominance_generation,avg_new_dominance_generation_bucket_k3,2,3
493,neutral_new,in_context_examples/gemma/46_60/seed_1/k_mean_buckets/samples/avg_new_dominance_generation/all_settings_avg_new_dominance_generation_k3_n10_examples.csv,all_settings_avg_new_dominance_generation_k3_n10_examples,3,avg_new_dominance_generation,avg_new_dominance_generation_bucket_k3,1,1
503,neutral_new,in_context_examples/gemma/46_60/seed_1/k_mean_buckets/samples/avg_new_dominance_generation/all_settings_avg_new_dominance_generation_k3_n10_examples.csv,all_settings_avg_new_dominance_generation_k3_n10_examples,3,avg_new_dominance_generation,avg_new_dominance_generation_bucket_k3,3,3
556,neutral_new,in_context_examples/gemma/46_60/seed_1/k_mean_buckets/samples/avg_new_dominance_generation/all_settings_avg_new_dominance_generation_k3_n10_examples.csv,all_settings_avg_new_dominance_generation_k3_n10_examples,3,avg_new_dominance_generation,avg_new_dominance_generation_bucket_k3,1,2
641,neutral_new,in_context_examples/gemma/46_60/seed_1/k_mean_buckets/samples/avg_new_dominance_generation/all_settings_avg_new_dominance_generation_k3_n10_examples.csv,all_settings_avg_new_dominance_generation_k3_n10_examples,3,avg_new_dominance_generation,avg_new_dominance_generation_bucket_k3,3,1
679,neutral_new,in_context_examples/gemma/46_60/seed_1/k_mean_buckets/samples/avg_new_dominance_generation/all_settings_avg_new_dominance_generation_k3_n10_examples.csv,all_settings_avg_new_dominance_generation_k3_n10_examples,3,avg_new_dominance_generation,avg_new_dominance_generation_bucket_k3,3,3
941,neutral_new,in_context_examples/gemma/46_60/seed_1/k_mean_buckets/samples/avg_new_dominance_generation/all_settings_avg_new_dominance_generation_k3_n10_examples.csv,all_settings_avg_new_dominance_generation_k3_n10_examples,3,avg_new_dominance_generation,avg_new_dominance_generation_bucket_k3,1,1
1174,neutral_new,in_context_examples/gemma/46_60/seed_1/k_mean_buckets/samples/avg_new_dominance_generation/all_settings_avg_new_dominance_generation_k3_n10_examples.csv,all_settings_avg_new_dominance_generation_k3_n10_examples,3,avg_new_dominance_generation,avg_new_dominance_generation_bucket_k3,1,2
1240,neutral_new,in_context_examples/gemma/46_60/seed_1/k_mean_buckets/samples/avg_new_dominance_generation/all_settings_avg_new_dominance_generation_k3_n10_examples.csv,all_settings_avg_new_dominance_generation_k3_n10_examples,3,avg_new_dominance_generation,avg_new_dominance_generation_bucket_k3,1,1
1326,neutral_new,in_context_examples/gemma/46_60/seed_1/k_mean_buckets/samples/avg_new_dominance_generation/all_settings_avg_new_dominance_generation_k3_n10_examples.csv,all_settings_avg_new_dominance_generation_k3_n10_examples,3,avg_new_dominance_generation,avg_new_dominance_generation_bucket_k3,1,2
1360,neutral_new,in_context_examples/gemma/46_60/seed_1/k_mean_buckets/samples/avg_new_dominance_generation/all_settings_avg_new_dominance_generation_k3_n10_examples.csv,all_settings_avg_new_dominance_generation_k3_n10_examples,3,avg_new_dominance_generation,avg_new_dominance_generation_bucket_k3,2,2
1459,neutral_new,in_context_examples/gemma/46_60/seed_1/k_mean_buckets/samples/avg_new_dominance_generation/all_settings_avg_new_dominance_generation_k3_n10_examples.csv,all_settings_avg_new_dominance_generation_k3_n10_examples,3,avg_new_dominance_generation,avg_new_dominance_generation_bucket_k3,3,2
1478,neutral_new,in_context_examples/gemma/46_60/seed_1/k_mean_buckets/samples/avg_new_dominance_generation/all_settings_avg_new_dominance_generation_k3_n10_examples.csv,all_settings_avg_new_dominance_generation_k3_n10_examples,3,avg_new_dominance_generation,avg_new_dominance_generation_bucket_k3,2,3
1484,neutral_new,in_context_examples/gemma/46_60/seed_1/k_mean_buckets/samples/avg_new_dominance_generation/all_settings_avg_new_dominance_generation_k3_n10_examples.csv,all_settings_avg_new_dominance_generation_k3_n10_examples,3,avg_new_dominance_generation,avg_new_dominance_generation_bucket_k3,1,3
1495,neutral_new,in_context_examples/gemma/46_60/seed_1/k_mean_buckets/samples/avg_new_dominance_generation/all_settings_avg_new_dominance_generation_k3_n10_examples.csv,all_settings_avg_new_dominance_generation_k3_n10_examples,3,avg_new_dominance_generation,avg_new_dominance_generation_bucket_k3,1,3
1503,neutral_new,in_context_examples/gemma/46_60/seed_1/k_mean_buckets/samples/avg_new_dominance_generation/all_settings_avg_new_dominance_generation_k3_n10_examples.csv,all_settings_avg_new_dominance_generation_k3_n10_examples,3,avg_new_dominance_generation,avg_new_dominance_generation_bucket_k3,3,3
1513,neutral_new,in_context_examples/gemma/46_60/seed_1/k_mean_buckets/samples/avg_new_dominance_generation/all_settings_avg_new_dominance_generation_k3_n10_examples.csv,all_settings_avg_new_dominance_generation_k3_n10_examples,3,avg_new_dominance_generation,avg_new_dominance_generation_bucket_k3,1,3
1601,neutral_new,in_context_examples/gemma/46_60/seed_1/k_mean_buckets/samples/avg_new_dominance_generation/all_settings_avg_new_dominance_generation_k3_n10_examples.csv,all_settings_avg_new_dominance_generation_k3_n10_examples,3,avg_new_dominance_generation,avg_new_dominance_generation_bucket_k3,3,2
1780,neutral_new,in_context_examples/gemma/46_60/seed_1/k_mean_buckets/samples/avg_new_dominance_generation/all_settings_avg_new_dominance_generation_k3_n10_examples.csv,all_settings_avg_new_dominance_generation_k3_n10_examples,3,avg_new_dominance_generation,avg_new_dominance_generation_bucket_k3,1,1
1815,neutral_new,in_context_examples/gemma/46_60/seed_1/k_mean_buckets/samples/avg_new_dominance_generation/all_settings_avg_new_dominance_generation_k3_n10_examples.csv,all_settings_avg_new_dominance_generation_k3_n10_examples,3,avg_new_dominance_generation,avg_new_dominance_generation_bucket_k3,1,2
1819,neutral_new,in_context_examples/gemma/46_60/seed_1/k_mean_buckets/samples/avg_new_dominance_generation/all_settings_avg_new_dominance_generation_k3_n10_examples.csv,all_settings_avg_new_dominance_generation_k3_n10_examples,3,avg_new_dominance_generation,avg_new_dominance_generation_bucket_k3,3,3
1877,neutral_new,in_context_examples/gemma/46_60/seed_1/k_mean_buckets/samples/avg_new_dominance_generation/all_settings_avg_new_dominance_generation_k3_n10_examples.csv,all_settings_avg_new_dominance_generation_k3_n10_examples,3,avg_new_dominance_generation,avg_new_dominance_generation_bucket_k3,1,1
2210,neutral_new,in_context_examples/gemma/46_60/seed_1/k_mean_buckets/samples/avg_new_dominance_generation/all_settings_avg_new_dominance_generation_k3_n10_examples.csv,all_settings_avg_new_dominance_generation_k3_n10_examples,3,avg_new_dominance_generation,avg_new_dominance_generation_bucket_k3,1,3
2302,neutral_new,in_context_examples/gemma/46_60/seed_1/k_mean_buckets/samples/avg_new_dominance_generation/all_settings_avg_new_dominance_generation_k3_n10_examples.csv,all_settings_avg_new_dominance_generation_k3_n10_examples,3,avg_new_dominance_generation,avg_new_dominance_generation_bucket_k3,1,2
2352,neutral_new,in_context_examples/gemma/46_60/seed_1/k_mean_buckets/samples/avg_new_dominance_generation/all_settings_avg_new_dominance_generation_k3_n10_examples.csv,all_settings_avg_new_dominance_generation_k3_n10_examples,3,avg_new_dominance_generation,avg_new_dominance_generation_bucket_k3,1,2
2481,neutral_new,in_context_examples/gemma/46_60/seed_1/k_mean_buckets/samples/avg_new_dominance_generation/all_settings_avg_new_dominance_generation_k3_n10_examples.csv,all_settings_avg_new_dominance_generation_k3_n10_examples,3,avg_new_dominance_generation,avg_new_dominance_generation_bucket_k3,3,3
2587,neutral_new,in_context_examples/gemma/46_60/seed_1/k_mean_buckets/samples/avg_new_dominance_generation/all_settings_avg_new_dominance_generation_k3_n10_examples.csv,all_settings_avg_new_dominance_generation_k3_n10_examples,3,avg_new_dominance_generation,avg_new_dominance_generation_bucket_k3,3,3
2674,neutral_new,in_context_examples/gemma/46_60/seed_1/k_mean_buckets/samples/avg_new_dominance_generation/all_settings_avg_new_dominance_generation_k3_n10_examples.csv,all_settings_avg_new_dominance_generation_k3_n10_examples,3,avg_new_dominance_generation,avg_new_dominance_generation_bucket_k3,1,1
2824,neutral_new,in_context_examples/gemma/46_60/seed_1/k_mean_buckets/samples/avg_new_dominance_generation/all_settings_avg_new_dominance_generation_k3_n10_examples.csv,all_settings_avg_new_dominance_generation_k3_n10_examples,3,avg_new_dominance_generation,avg_new_dominance_generation_bucket_k3,1,2
2857,neutral_new,in_context_examples/gemma/46_60/seed_1/k_mean_buckets/samples/avg_new_dominance_generation/all_settings_avg_new_dominance_generation_k3_n10_examples.csv,all_settings_avg_new_dominance_generation_k3_n10_examples,3,avg_new_dominance_generation,avg_new_dominance_generation_bucket_k3,1,1
2878,neutral_new,in_context_examples/gemma/46_60/seed_1/k_mean_buckets/samples/avg_new_dominance_generation/all_settings_avg_new_dominance_generation_k3_n10_examples.csv,all_settings_avg_new_dominance_generation_k3_n10_examples,3,avg_new_dominance_generation,avg_new_dominance_generation_bucket_k3,1,1
3102,neutral_new,in_context_examples/gemma/46_60/seed_1/k_mean_buckets/samples/avg_new_dominance_generation/all_settings_avg_new_dominance_generation_k3_n10_examples.csv,all_settings_avg_new_dominance_generation_k3_n10_examples,3,avg_new_dominance_generation,avg_new_dominance_generation_bucket_k3,1,3
3161,neutral_new,in_context_examples/gemma/46_60/seed_1/k_mean_buckets/samples/avg_new_dominance_generation/all_settings_avg_new_dominance_generation_k3_n10_examples.csv,all_settings_avg_new_dominance_generation_k3_n10_examples,3,avg_new_dominance_generation,avg_new_dominance_generation_bucket_k3,1,1
3193,neutral_new,in_context_examples/gemma/46_60/seed_1/k_mean_buckets/samples/avg_new_dominance_generation/all_settings_avg_new_dominance_generation_k3_n10_examples.csv,all_settings_avg_new_dominance_generation_k3_n10_examples,3,avg_new_dominance_generation,avg_new_dominance_generation_bucket_k3,3,2
3288,neutral_new,in_context_examples/gemma/46_60/seed_1/k_mean_buckets/samples/avg_new_dominance_generation/all_settings_avg_new_dominance_generation_k3_n10_examples.csv,all_settings_avg_new_dominance_generation_k3_n10_examples,3,avg_new_dominance_generation,avg_new_dominance_generation_bucket_k3,1,2
3333,neutral_new,in_context_examples/gemma/46_60/seed_1/k_mean_buckets/samples/avg_new_dominance_generation/all_settings_avg_new_dominance_generation_k3_n10_examples.csv,all_settings_avg_new_dominance_generation_k3_n10_examples,3,avg_new_dominance_generation,avg_new_dominance_generation_bucket_k3,1,2
3451,neutral_new,in_context_examples/gemma/46_60/seed_1/k_mean_buckets/samples/avg_new_dominance_generation/all_settings_avg_new_dominance_generation_k3_n10_examples.csv,all_settings_avg_new_dominance_generation_k3_n10_examples,3,avg_new_dominance_generation,avg_new_dominance_generation_bucket_k3,1,2
3485,neutral_new,in_context_examples/gemma/46_60/seed_1/k_mean_buckets/samples/avg_new_dominance_generation/all_settings_avg_new_dominance_generation_k3_n10_examples.csv,all_settings_avg_new_dominance_generation_k3_n10_examples,3,avg_new_dominance_generation,avg_new_dominance_generation_bucket_k3,1,2
3522,neutral_new,in_context_examples/gemma/46_60/seed_1/k_mean_buckets/samples/avg_new_dominance_generation/all_settings_avg_new_dominance_generation_k3_n10_examples.csv,all_settings_avg_new_dominance_generation_k3_n10_examples,3,avg_new_dominance_generation,avg_new_dominance_generation_bucket_k3,1,3
3544,neutral_new,in_context_examples/gemma/46_60/seed_1/k_mean_buckets/samples/avg_new_dominance_generation/all_settings_avg_new_dominance_generation_k3_n10_examples.csv,all_settings_avg_new_dominance_generation_k3_n10_examples,3,avg_new_dominance_generation,avg_new_dominance_generation_bucket_k3,1,3
3641,neutral_new,in_context_examples/gemma/46_60/seed_1/k_mean_buckets/samples/avg_new_dominance_generation/all_settings_avg_new_dominance_generation_k3_n10_examples.csv,all_settings_avg_new_dominance_generation_k3_n10_examples,3,avg_new_dominance_generation,avg_new_dominance_generation_bucket_k3,2,3
3718,neutral_new,in_context_examples/gemma/46_60/seed_1/k_mean_buckets/samples/avg_new_dominance_generation/all_settings_avg_new_dominance_generation_k3_n10_examples.csv,all_settings_avg_new_dominance_generation_k3_n10_examples,3,avg_new_dominance_generation,avg_new_dominance_generation_bucket_k3,1,1
3764,neutral_new,in_context_examples/gemma/46_60/seed_1/k_mean_buckets/samples/avg_new_dominance_generation/all_settings_avg_new_dominance_generation_k3_n10_examples.csv,all_settings_avg_new_dominance_generation_k3_n10_examples,3,avg_new_dominance_generation,avg_new_dominance_generation_bucket_k3,2,3
3841,neutral_new,in_context_examples/gemma/46_60/seed_1/k_mean_buckets/samples/avg_new_dominance_generation/all_settings_avg_new_dominance_generation_k3_n10_examples.csv,all_settings_avg_new_dominance_generation_k3_n10_examples,3,avg_new_dominance_generation,avg_new_dominance_generation_bucket_k3,1,2
3863,neutral_new,in_context_examples/gemma/46_60/seed_1/k_mean_buckets/samples/avg_new_dominance_generation/all_settings_avg_new_dominance_generation_k3_n10_examples.csv,all_settings_avg_new_dominance_generation_k3_n10_examples,3,avg_new_dominance_generation,avg_new_dominance_generation_bucket_k3,3,1
4004,neutral_new,in_context_examples/gemma/46_60/seed_1/k_mean_buckets/samples/avg_new_dominance_generation/all_settings_avg_new_dominance_generation_k3_n10_examples.csv,all_settings_avg_new_dominance_generation_k3_n10_examples,3,avg_new_dominance_generation,avg_new_dominance_generation_bucket_k3,2,3
4056,neutral_new,in_context_examples/gemma/46_60/seed_1/k_mean_buckets/samples/avg_new_dominance_generation/all_settings_avg_new_dominance_generation_k3_n10_examples.csv,all_settings_avg_new_dominance_generation_k3_n10_examples,3,avg_new_dominance_generation,avg_new_dominance_generation_bucket_k3,2,3
4102,neutral_new,in_context_examples/gemma/46_60/seed_1/k_mean_buckets/samples/avg_new_dominance_generation/all_settings_avg_new_dominance_generation_k3_n10_examples.csv,all_settings_avg_new_dominance_generation_k3_n10_examples,3,avg_new_dominance_generation,avg_new_dominance_generation_bucket_k3,1,1
4134,neutral_new,in_context_examples/gemma/46_60/seed_1/k_mean_buckets/samples/avg_new_dominance_generation/all_settings_avg_new_dominance_generation_k3_n10_examples.csv,all_settings_avg_new_dominance_generation_k3_n10_examples,3,avg_new_dominance_generation,avg_new_dominance_generation_bucket_k3,1,1
4229,neutral_new,in_context_examples/gemma/46_60/seed_1/k_mean_buckets/samples/avg_new_dominance_generation/all_settings_avg_new_dominance_generation_k3_n10_examples.csv,all_settings_avg_new_dominance_generation_k3_n10_examples,3,avg_new_dominance_generation,avg_new_dominance_generation_bucket_k3,1,2
4377,neutral_new,in_context_examples/gemma/46_60/seed_1/k_mean_buckets/samples/avg_new_dominance_generation/all_settings_avg_new_dominance_generation_k3_n10_examples.csv,all_settings_avg_new_dominance_generation_k3_n10_examples,3,avg_new_dominance_generation,avg_new_dominance_generation_bucket_k3,3,1
4649,neutral_new,in_context_examples/gemma/46_60/seed_1/k_mean_buckets/samples/avg_new_dominance_generation/all_settings_avg_new_dominance_generation_k3_n10_examples.csv,all_settings_avg_new_dominance_generation_k3_n10_examples,3,avg_new_dominance_generation,avg_new_dominance_generation_bucket_k3,1,2
4727,neutral_new,in_context_examples/gemma/46_60/seed_1/k_mean_buckets/samples/avg_new_dominance_generation/all_settings_avg_new_dominance_generation_k3_n10_examples.csv,all_settings_avg_new_dominance_generation_k3_n10_examples,3,avg_new_dominance_generation,avg_new_dominance_generation_bucket_k3,1,1
4737,neutral_new,in_context_examples/gemma/46_60/seed_1/k_mean_buckets/samples/avg_new_dominance_generation/all_settings_avg_new_dominance_generation_k3_n10_examples.csv,all_settings_avg_new_dominance_generation_k3_n10_examples,3,avg_new_dominance_generation,avg_new_dominance_generation_bucket_k3,1,3
4812,neutral_new,in_context_examples/gemma/46_60/seed_1/k_mean_buckets/samples/avg_new_dominance_generation/all_settings_avg_new_dominance_generation_k3_n10_examples.csv,all_settings_avg_new_dominance_generation_k3_n10_examples,3,avg_new_dominance_generation,avg_new_dominance_generation_bucket_k3,1,1
4949,neutral_new,in_context_examples/gemma/46_60/seed_1/k_mean_buckets/samples/avg_new_dominance_generation/all_settings_avg_new_dominance_generation_k3_n10_examples.csv,all_settings_avg_new_dominance_generation_k3_n10_examples,3,avg_new_dominance_generation,avg_new_dominance_generation_bucket_k3,1,1
5043,neutral_new,in_context_examples/gemma/46_60/seed_1/k_mean_buckets/samples/avg_new_dominance_generation/all_settings_avg_new_dominance_generation_k3_n10_examples.csv,all_settings_avg_new_dominance_generation_k3_n10_examples,3,avg_new_dominance_generation,avg_new_dominance_generation_bucket_k3,3,2
5184,neutral_new,in_context_examples/gemma/46_60/seed_1/k_mean_buckets/samples/avg_new_dominance_generation/all_settings_avg_new_dominance_generation_k3_n10_examples.csv,all_settings_avg_new_dominance_generation_k3_n10_examples,3,avg_new_dominance_generation,avg_new_dominance_generation_bucket_k3,1,3
5210,neutral_new,in_context_examples/gemma/46_60/seed_1/k_mean_buckets/samples/avg_new_dominance_generation/all_settings_avg_new_dominance_generation_k3_n10_examples.csv,all_settings_avg_new_dominance_generation_k3_n10_examples,3,avg_new_dominance_generation,avg_new_dominance_generation_bucket_k3,1,2
5305,neutral_new,in_context_examples/gemma/46_60/seed_1/k_mean_buckets/samples/avg_new_dominance_generation/all_settings_avg_new_dominance_generation_k3_n10_examples.csv,all_settings_avg_new_dominance_generation_k3_n10_examples,3,avg_new_dominance_generation,avg_new_dominance_generation_bucket_k3,1,2
5331,neutral_new,in_context_examples/gemma/46_60/seed_1/k_mean_buckets/samples/avg_new_dominance_generation/all_settings_avg_new_dominance_generation_k3_n10_examples.csv,all_settings_avg_new_dominance_generation_k3_n10_examples,3,avg_new_dominance_generation,avg_new_dominance_generation_bucket_k3,3,3
5359,neutral_new,in_context_examples/gemma/46_60/seed_1/k_mean_buckets/samples/avg_new_dominance_generation/all_settings_avg_new_dominance_generation_k3_n10_examples.csv,all_settings_avg_new_dominance_generation_k3_n10_examples,3,avg_new_dominance_generation,avg_new_dominance_generation_bucket_k3,1,1
5440,neutral_new,in_context_examples/gemma/46_60/seed_1/k_mean_buckets/samples/avg_new_dominance_generation/all_settings_avg_new_dominance_generation_k3_n10_examples.csv,all_settings_avg_new_dominance_generation_k3_n10_examples,3,avg_new_dominance_generation,avg_new_dominance_generation_bucket_k3,1,2
5528,neutral_new,in_context_examples/gemma/46_60/seed_1/k_mean_buckets/samples/avg_new_dominance_generation/all_settings_avg_new_dominance_generation_k3_n10_examples.csv,all_settings_avg_new_dominance_generation_k3_n10_examples,3,avg_new_dominance_generation,avg_new_dominance_generation_bucket_k3,1,3
5596,neutral_new,in_context_examples/gemma/46_60/seed_1/k_mean_buckets/samples/avg_new_dominance_generation/all_settings_avg_new_dominance_generation_k3_n10_examples.csv,all_settings_avg_new_dominance_generation_k3_n10_examples,3,avg_new_dominance_generation,avg_new_dominance_generation_bucket_k3,1,2
5914,neutral_new,in_context_examples/gemma/46_60/seed_1/k_mean_buckets/samples/avg_new_dominance_generation/all_settings_avg_new_dominance_generation_k3_n10_examples.csv,all_settings_avg_new_dominance_generation_k3_n10_examples,3,avg_new_dominance_generation,avg_new_dominance_generation_bucket_k3,1,3
5973,neutral_new,in_context_examples/gemma/46_60/seed_1/k_mean_buckets/samples/avg_new_dominance_generation/all_settings_avg_new_dominance_generation_k3_n10_examples.csv,all_settings_avg_new_dominance_generation_k3_n10_examples,3,avg_new_dominance_generation,avg_new_dominance_generation_bucket_k3,1,2
6050,neutral_new,in_context_examples/gemma/46_60/seed_1/k_mean_buckets/samples/avg_new_dominance_generation/all_settings_avg_new_dominance_generation_k3_n10_examples.csv,all_settings_avg_new_dominance_generation_k3_n10_examples,3,avg_new_dominance_generation,avg_new_dominance_generation_bucket_k3,2,3
6052,neutral_new,in_context_examples/gemma/46_60/seed_1/k_mean_buckets/samples/avg_new_dominance_generation/all_settings_avg_new_dominance_generation_k3_n10_examples.csv,all_settings_avg_new_dominance_generation_k3_n10_examples,3,avg_new_dominance_generation,avg_new_dominance_generation_bucket_k3,3,2
6058,neutral_new,in_context_examples/gemma/46_60/seed_1/k_mean_buckets/samples/avg_new_dominance_generation/all_settings_avg_new_dominance_generation_k3_n10_examples.csv,all_settings_avg_new_dominance_generation_k3_n10_examples,3,avg_new_dominance_generation,avg_new_dominance_generation_bucket_k3,1,2
6142,neutral_new,in_context_examples/gemma/46_60/seed_1/k_mean_buckets/samples/avg_new_dominance_generation/all_settings_avg_new_dominance_generation_k3_n10_examples.csv,all_settings_avg_new_dominance_generation_k3_n10_examples,3,avg_new_dominance_generation,avg_new_dominance_generation_bucket_k3,2,3
6144,neutral_new,in_context_examples/gemma/46_60/seed_1/k_mean_buckets/samples/avg_new_dominance_generation/all_settings_avg_new_dominance_generation_k3_n10_examples.csv,all_settings_avg_new_dominance_generation_k3_n10_examples,3,avg_new_dominance_generation,avg_new_dominance_generation_bucket_k3,1,2
6212,neutral_new,in_context_examples/gemma/46_60/seed_1/k_mean_buckets/samples/avg_new_dominance_generation/all_settings_avg_new_dominance_generation_k3_n10_examples.csv,all_settings_avg_new_dominance_generation_k3_n10_examples,3,avg_new_dominance_generation,avg_new_dominance_generation_bucket_k3,1,3
6226,neutral_new,in_context_examples/gemma/46_60/seed_1/k_mean_buckets/samples/avg_new_dominance_generation/all_settings_avg_new_dominance_generation_k3_n10_examples.csv,all_settings_avg_new_dominance_generation_k3_n10_examples,3,avg_new_dominance_generation,avg_new_dominance_generation_bucket_k3,1,1
6268,neutral_new,in_context_examples/gemma/46_60/seed_1/k_mean_buckets/samples/avg_new_dominance_generation/all_settings_avg_new_dominance_generation_k3_n10_examples.csv,all_settings_avg_new_dominance_generation_k3_n10_examples,3,avg_new_dominance_generation,avg_new_dominance_generation_bucket_k3,1,1
6299,neutral_new,in_context_examples/gemma/46_60/seed_1/k_mean_buckets/samples/avg_new_dominance_generation/all_settings_avg_new_dominance_generation_k3_n10_examples.csv,all_settings_avg_new_dominance_generation_k3_n10_examples,3,avg_new_dominance_generation,avg_new_dominance_generation_bucket_k3,1,1
6387,neutral_new,in_context_examples/gemma/46_60/seed_1/k_mean_buckets/samples/avg_new_dominance_generation/all_settings_avg_new_dominance_generation_k3_n10_examples.csv,all_settings_avg_new_dominance_generation_k3_n10_examples,3,avg_new_dominance_generation,avg_new_dominance_generation_bucket_k3,1,1
6486,neutral_new,in_context_examples/gemma/46_60/seed_1/k_mean_buckets/samples/avg_new_dominance_generation/all_settings_avg_new_dominance_generation_k3_n10_examples.csv,all_settings_avg_new_dominance_generation_k3_n10_examples,3,avg_new_dominance_generation,avg_new_dominance_generation_bucket_k3,3,2
6504,neutral_new,in_context_examples/gemma/46_60/seed_1/k_mean_buckets/samples/avg_new_dominance_generation/all_settings_avg_new_dominance_generation_k3_n10_examples.csv,all_settings_avg_new_dominance_generation_k3_n10_examples,3,avg_new_dominance_generation,avg_new_dominance_generation_bucket_k3,1,1
6555,neutral_new,in_context_examples/gemma/46_60/seed_1/k_mean_buckets/samples/avg_new_dominance_generation/all_settings_avg_new_dominance_generation_k3_n10_examples.csv,all_settings_avg_new_dominance_generation_k3_n10_examples,3,avg_new_dominance_generation,avg_new_dominance_generation_bucket_k3,1,1
6652,neutral_new,in_context_examples/gemma/46_60/seed_1/k_mean_buckets/samples/avg_new_dominance_generation/all_settings_avg_new_dominance_generation_k3_n10_examples.csv,all_settings_avg_new_dominance_generation_k3_n10_examples,3,avg_new_dominance_generation,avg_new_dominance_generation_bucket_k3,3,2
6656,neutral_new,in_context_examples/gemma/46_60/seed_1/k_mean_buckets/samples/avg_new_dominance_generation/all_settings_avg_new_dominance_generation_k3_n10_examples.csv,all_settings_avg_new_dominance_generation_k3_n10_examples,3,avg_new_dominance_generation,avg_new_dominance_generation_bucket_k3,3,1
6657,neutral_new,in_context_examples/gemma/46_60/seed_1/k_mean_buckets/samples/avg_new_dominance_generation/all_settings_avg_new_dominance_generation_k3_n10_examples.csv,all_settings_avg_new_dominance_generation_k3_n10_examples,3,avg_new_dominance_generation,avg_new_dominance_generation_bucket_k3,2,1
6683,neutral_new,in_context_examples/gemma/46_60/seed_1/k_mean_buckets/samples/avg_new_dominance_generation/all_settings_avg_new_dominance_generation_k3_n10_examples.csv,all_settings_avg_new_dominance_generation_k3_n10_examples,3,avg_new_dominance_generation,avg_new_dominance_generation_bucket_k3,3,2
6940,neutral_new,in_context_examples/gemma/46_60/seed_1/k_mean_buckets/samples/avg_new_dominance_generation/all_settings_avg_new_dominance_generation_k3_n10_examples.csv,all_settings_avg_new_dominance_generation_k3_n10_examples,3,avg_new_dominance_generation,avg_new_dominance_generation_bucket_k3,1,1
6961,neutral_new,in_context_examples/gemma/46_60/seed_1/k_mean_buckets/samples/avg_new_dominance_generation/all_settings_avg_new_dominance_generation_k3_n10_examples.csv,all_settings_avg_new_dominance_generation_k3_n10_examples,3,avg_new_dominance_generation,avg_new_dominance_generation_bucket_k3,1,1
7008,neutral_new,in_context_examples/gemma/46_60/seed_1/k_mean_buckets/samples/avg_new_dominance_generation/all_settings_avg_new_dominance_generation_k3_n10_examples.csv,all_settings_avg_new_dominance_generation_k3_n10_examples,3,avg_new_dominance_generation,avg_new_dominance_generation_bucket_k3,1,3
7095,neutral_new,in_context_examples/gemma/46_60/seed_1/k_mean_buckets/samples/avg_new_dominance_generation/all_settings_avg_new_dominance_generation_k3_n10_examples.csv,all_settings_avg_new_dominance_generation_k3_n10_examples,3,avg_new_dominance_generation,avg_new_dominance_generation_bucket_k3,1,1
7242,neutral_new,in_context_examples/gemma/46_60/seed_1/k_mean_buckets/samples/avg_new_dominance_generation/all_settings_avg_new_dominance_generation_k3_n10_examples.csv,all_settings_avg_new_dominance_generation_k3_n10_examples,3,avg_new_dominance_generation,avg_new_dominance_generation_bucket_k3,1,2
7319,neutral_new,in_context_examples/gemma/46_60/seed_1/k_mean_buckets/samples/avg_new_dominance_generation/all_settings_avg_new_dominance_generation_k3_n10_examples.csv,all_settings_avg_new_dominance_generation_k3_n10_examples,3,avg_new_dominance_generation,avg_new_dominance_generation_bucket_k3,1,3
7354,neutral_new,in_context_examples/gemma/46_60/seed_1/k_mean_buckets/samples/avg_new_dominance_generation/all_settings_avg_new_dominance_generation_k3_n10_examples.csv,all_settings_avg_new_dominance_generation_k3_n10_examples,3,avg_new_dominance_generation,avg_new_dominance_generation_bucket_k3,3,3
7413,neutral_new,in_context_examples/gemma/46_60/seed_1/k_mean_buckets/samples/avg_new_dominance_generation/all_settings_avg_new_dominance_generation_k3_n10_examples.csv,all_settings_avg_new_dominance_generation_k3_n10_examples,3,avg_new_dominance_generation,avg_new_dominance_generation_bucket_k3,3,1
7495,neutral_new,in_context_examples/gemma/46_60/seed_1/k_mean_buckets/samples/avg_new_dominance_generation/all_settings_avg_new_dominance_generation_k3_n10_examples.csv,all_settings_avg_new_dominance_generation_k3_n10_examples,3,avg_new_dominance_generation,avg_new_dominance_generation_bucket_k3,1,2
7663,neutral_new,in_context_examples/gemma/46_60/seed_1/k_mean_buckets/samples/avg_new_dominance_generation/all_settings_avg_new_dominance_generation_k3_n10_examples.csv,all_settings_avg_new_dominance_generation_k3_n10_examples,3,avg_new_dominance_generation,avg_new_dominance_generation_bucket_k3,1,2
7723,neutral_new,in_context_examples/gemma/46_60/seed_1/k_mean_buckets/samples/avg_new_dominance_generation/all_settings_avg_new_dominance_generation_k3_n10_examples.csv,all_settings_avg_new_dominance_generation_k3_n10_examples,3,avg_new_dominance_generation,avg_new_dominance_generation_bucket_k3,1,3
7728,neutral_new,in_context_examples/gemma/46_60/seed_1/k_mean_buckets/samples/avg_new_dominance_generation/all_settings_avg_new_dominance_generation_k3_n10_examples.csv,all_settings_avg_new_dominance_generation_k3_n10_examples,3,avg_new_dominance_generation,avg_new_dominance_generation_bucket_k3,1,1
7735,neutral_new,in_context_examples/gemma/46_60/seed_1/k_mean_buckets/samples/avg_new_dominance_generation/all_settings_avg_new_dominance_generation_k3_n10_examples.csv,all_settings_avg_new_dominance_generation_k3_n10_examples,3,avg_new_dominance_generation,avg_new_dominance_generation_bucket_k3,1,1
7956,neutral_new,in_context_examples/gemma/46_60/seed_1/k_mean_buckets/samples/avg_new_dominance_generation/all_settings_avg_new_dominance_generation_k3_n10_examples.csv,all_settings_avg_new_dominance_generation_k3_n10_examples,3,avg_new_dominance_generation,avg_new_dominance_generation_bucket_k3,1,1
8021,neutral_new,in_context_examples/gemma/46_60/seed_1/k_mean_buckets/samples/avg_new_dominance_generation/all_settings_avg_new_dominance_generation_k3_n10_examples.csv,all_settings_avg_new_dominance_generation_k3_n10_examples,3,avg_new_dominance_generation,avg_new_dominance_generation_bucket_k3,1,1
8085,neutral_new,in_context_examples/gemma/46_60/seed_1/k_mean_buckets/samples/avg_new_dominance_generation/all_settings_avg_new_dominance_generation_k3_n10_examples.csv,all_settings_avg_new_dominance_generation_k3_n10_examples,3,avg_new_dominance_generation,avg_new_dominance_generation_bucket_k3,1,1
8238,neutral_new,in_context_examples/gemma/46_60/seed_1/k_mean_buckets/samples/avg_new_dominance_generation/all_settings_avg_new_dominance_generation_k3_n10_examples.csv,all_settings_avg_new_dominance_generation_k3_n10_examples,3,avg_new_dominance_generation,avg_new_dominance_generation_bucket_k3,3,2
8353,neutral_new,in_context_examples/gemma/46_60/seed_1/k_mean_buckets/samples/avg_new_dominance_generation/all_settings_avg_new_dominance_generation_k3_n10_examples.csv,all_settings_avg_new_dominance_generation_k3_n10_examples,3,avg_new_dominance_generation,avg_new_dominance_generation_bucket_k3,2,2
8395,neutral_new,in_context_examples/gemma/46_60/seed_1/k_mean_buckets/samples/avg_new_dominance_generation/all_settings_avg_new_dominance_generation_k3_n10_examples.csv,all_settings_avg_new_dominance_generation_k3_n10_examples,3,avg_new_dominance_generation,avg_new_dominance_generation_bucket_k3,3,2
8460,neutral_new,in_context_examples/gemma/46_60/seed_1/k_mean_buckets/samples/avg_new_dominance_generation/all_settings_avg_new_dominance_generation_k3_n10_examples.csv,all_settings_avg_new_dominance_generation_k3_n10_examples,3,avg_new_dominance_generation,avg_new_dominance_generation_bucket_k3,1,3
8521,neutral_new,in_context_examples/gemma/46_60/seed_1/k_mean_buckets/samples/avg_new_dominance_generation/all_settings_avg_new_dominance_generation_k3_n10_examples.csv,all_settings_avg_new_dominance_generation_k3_n10_examples,3,avg_new_dominance_generation,avg_new_dominance_generation_bucket_k3,3,2
8541,neutral_new,in_context_examples/gemma/46_60/seed_1/k_mean_buckets/samples/avg_new_dominance_generation/all_settings_avg_new_dominance_generation_k3_n10_examples.csv,all_settings_avg_new_dominance_generation_k3_n10_examples,3,avg_new_dominance_generation,avg_new_dominance_generation_bucket_k3,1,1
8620,neutral_new,in_context_examples/gemma/46_60/seed_1/k_mean_buckets/samples/avg_new_dominance_generation/all_settings_avg_new_dominance_generation_k3_n10_examples.csv,all_settings_avg_new_dominance_generation_k3_n10_examples,3,avg_new_dominance_generation,avg_new_dominance_generation_bucket_k3,3,3
9062,neutral_new,in_context_examples/gemma/46_60/seed_1/k_mean_buckets/samples/avg_new_dominance_generation/all_settings_avg_new_dominance_generation_k3_n10_examples.csv,all_settings_avg_new_dominance_generation_k3_n10_examples,3,avg_new_dominance_generation,avg_new_dominance_generation_bucket_k3,1,3
9075,neutral_new,in_context_examples/gemma/46_60/seed_1/k_mean_buckets/samples/avg_new_dominance_generation/all_settings_avg_new_dominance_generation_k3_n10_examples.csv,all_settings_avg_new_dominance_generation_k3_n10_examples,3,avg_new_dominance_generation,avg_new_dominance_generation_bucket_k3,3,2
9079,neutral_new,in_context_examples/gemma/46_60/seed_1/k_mean_buckets/samples/avg_new_dominance_generation/all_settings_avg_new_dominance_generation_k3_n10_examples.csv,all_settings_avg_new_dominance_generation_k3_n10_examples,3,avg_new_dominance_generation,avg_new_dominance_generation_bucket_k3,1,3
9294,neutral_new,in_context_examples/gemma/46_60/seed_1/k_mean_buckets/samples/avg_new_dominance_generation/all_settings_avg_new_dominance_generation_k3_n10_examples.csv,all_settings_avg_new_dominance_generation_k3_n10_examples,3,avg_new_dominance_generation,avg_new_dominance_generation_bucket_k3,1,1
9407,neutral_new,in_context_examples/gemma/46_60/seed_1/k_mean_buckets/samples/avg_new_dominance_generation/all_settings_avg_new_dominance_generation_k3_n10_examples.csv,all_settings_avg_new_dominance_generation_k3_n10_examples,3,avg_new_dominance_generation,avg_new_dominance_generation_bucket_k3,1,2
9487,neutral_new,in_context_examples/gemma/46_60/seed_1/k_mean_buckets/samples/avg_new_dominance_generation/all_settings_avg_new_dominance_generation_k3_n10_examples.csv,all_settings_avg_new_dominance_generation_k3_n10_examples,3,avg_new_dominance_generation,avg_new_dominance_generation_bucket_k3,1,2
9510,neutral_new,in_context_examples/gemma/46_60/seed_1/k_mean_buckets/samples/avg_new_dominance_generation/all_settings_avg_new_dominance_generation_k3_n10_examples.csv,all_settings_avg_new_dominance_generation_k3_n10_examples,3,avg_new_dominance_generation,avg_new_dominance_generation_bucket_k3,1,3
9539,neutral_new,in_context_examples/gemma/46_60/seed_1/k_mean_buckets/samples/avg_new_dominance_generation/all_settings_avg_new_dominance_generation_k3_n10_examples.csv,all_settings_avg_new_dominance_generation_k3_n10_examples,3,avg_new_dominance_generation,avg_new_dominance_generation_bucket_k3,2,1
9670,neutral_new,in_context_examples/gemma/46_60/seed_1/k_mean_buckets/samples/avg_new_dominance_generation/all_settings_avg_new_dominance_generation_k3_n10_examples.csv,all_settings_avg_new_dominance_generation_k3_n10_examples,3,avg_new_dominance_generation,avg_new_dominance_generation_bucket_k3,1,3
9772,neutral_new,in_context_examples/gemma/46_60/seed_1/k_mean_buckets/samples/avg_new_dominance_generation/all_settings_avg_new_dominance_generation_k3_n10_examples.csv,all_settings_avg_new_dominance_generation_k3_n10_examples,3,avg_new_dominance_generation,avg_new_dominance_generation_bucket_k3,3,3
9832,neutral_new,in_context_examples/gemma/46_60/seed_1/k_mean_buckets/samples/avg_new_dominance_generation/all_settings_avg_new_dominance_generation_k3_n10_examples.csv,all_settings_avg_new_dominance_generation_k3_n10_examples,3,avg_new_dominance_generation,avg_new_dominance_generation_bucket_k3,1,1
9915,neutral_new,in_context_examples/gemma/46_60/seed_1/k_mean_buckets/samples/avg_new_dominance_generation/all_settings_avg_new_dominance_generation_k3_n10_examples.csv,all_settings_avg_new_dominance_generation_k3_n10_examples,3,avg_new_dominance_generation,avg_new_dominance_generation_bucket_k3,1,1
9930,neutral_new,in_context_examples/gemma/46_60/seed_1/k_mean_buckets/samples/avg_new_dominance_generation/all_settings_avg_new_dominance_generation_k3_n10_examples.csv,all_settings_avg_new_dominance_generation_k3_n10_examples,3,avg_new_dominance_generation,avg_new_dominance_generation_bucket_k3,3,3
10038,neutral_new,in_context_examples/gemma/46_60/seed_1/k_mean_buckets/samples/avg_new_dominance_generation/all_settings_avg_new_dominance_generation_k3_n10_examples.csv,all_settings_avg_new_dominance_generation_k3_n10_examples,3,avg_new_dominance_generation,avg_new_dominance_generation_bucket_k3,2,3
10040,neutral_new,in_context_examples/gemma/46_60/seed_1/k_mean_buckets/samples/avg_new_dominance_generation/all_settings_avg_new_dominance_generation_k3_n10_examples.csv,all_settings_avg_new_dominance_generation_k3_n10_examples,3,avg_new_dominance_generation,avg_new_dominance_generation_bucket_k3,1,1
10052,neutral_new,in_context_examples/gemma/46_60/seed_1/k_mean_buckets/samples/avg_new_dominance_generation/all_settings_avg_new_dominance_generation_k3_n10_examples.csv,all_settings_avg_new_dominance_generation_k3_n10_examples,3,avg_new_dominance_generation,avg_new_dominance_generation_bucket_k3,1,2
10180,neutral_new,in_context_examples/gemma/46_60/seed_1/k_mean_buckets/samples/avg_new_dominance_generation/all_settings_avg_new_dominance_generation_k3_n10_examples.csv,all_settings_avg_new_dominance_generation_k3_n10_examples,3,avg_new_dominance_generation,avg_new_dominance_generation_bucket_k3,1,3
10223,neutral_new,in_context_examples/gemma/46_60/seed_1/k_mean_buckets/samples/avg_new_dominance_generation/all_settings_avg_new_dominance_generation_k3_n10_examples.csv,all_settings_avg_new_dominance_generation_k3_n10_examples,3,avg_new_dominance_generation,avg_new_dominance_generation_bucket_k3,1,2
10231,neutral_new,in_context_examples/gemma/46_60/seed_1/k_mean_buckets/samples/avg_new_dominance_generation/all_settings_avg_new_dominance_generation_k3_n10_examples.csv,all_settings_avg_new_dominance_generation_k3_n10_examples,3,avg_new_dominance_generation,avg_new_dominance_generation_bucket_k3,1,3
10319,neutral_new,in_context_examples/gemma/46_60/seed_1/k_mean_buckets/samples/avg_new_dominance_generation/all_settings_avg_new_dominance_generation_k3_n10_examples.csv,all_settings_avg_new_dominance_generation_k3_n10_examples,3,avg_new_dominance_generation,avg_new_dominance_generation_bucket_k3,1,2
10326,neutral_new,in_context_examples/gemma/46_60/seed_1/k_mean_buckets/samples/avg_new_dominance_generation/all_settings_avg_new_dominance_generation_k3_n10_examples.csv,all_settings_avg_new_dominance_generation_k3_n10_examples,3,avg_new_dominance_generation,avg_new_dominance_generation_bucket_k3,1,1
10343,neutral_new,in_context_examples/gemma/46_60/seed_1/k_mean_buckets/samples/avg_new_dominance_generation/all_settings_avg_new_dominance_generation_k3_n10_examples.csv,all_settings_avg_new_dominance_generation_k3_n10_examples,3,avg_new_dominance_generation,avg_new_dominance_generation_bucket_k3,1,2
10365,neutral_new,in_context_examples/gemma/46_60/seed_1/k_mean_buckets/samples/avg_new_dominance_generation/all_settings_avg_new_dominance_generation_k3_n10_examples.csv,all_settings_avg_new_dominance_generation_k3_n10_examples,3,avg_new_dominance_generation,avg_new_dominance_generation_bucket_k3,3,3
10376,neutral_new,in_context_examples/gemma/46_60/seed_1/k_mean_buckets/samples/avg_new_dominance_generation/all_settings_avg_new_dominance_generation_k3_n10_examples.csv,all_settings_avg_new_dominance_generation_k3_n10_examples,3,avg_new_dominance_generation,avg_new_dominance_generation_bucket_k3,3,2
10440,neutral_new,in_context_examples/gemma/46_60/seed_1/k_mean_buckets/samples/avg_new_dominance_generation/all_settings_avg_new_dominance_generation_k3_n10_examples.csv,all_settings_avg_new_dominance_generation_k3_n10_examples,3,avg_new_dominance_generation,avg_new_dominance_generation_bucket_k3,2,2
10509,neutral_new,in_context_examples/gemma/46_60/seed_1/k_mean_buckets/samples/avg_new_dominance_generation/all_settings_avg_new_dominance_generation_k3_n10_examples.csv,all_settings_avg_new_dominance_generation_k3_n10_examples,3,avg_new_dominance_generation,avg_new_dominance_generation_bucket_k3,1,1
10747,neutral_new,in_context_examples/gemma/46_60/seed_1/k_mean_buckets/samples/avg_new_dominance_generation/all_settings_avg_new_dominance_generation_k3_n10_examples.csv,all_settings_avg_new_dominance_generation_k3_n10_examples,3,avg_new_dominance_generation,avg_new_dominance_generation_bucket_k3,3,3
10775,neutral_new,in_context_examples/gemma/46_60/seed_1/k_mean_buckets/samples/avg_new_dominance_generation/all_settings_avg_new_dominance_generation_k3_n10_examples.csv,all_settings_avg_new_dominance_generation_k3_n10_examples,3,avg_new_dominance_generation,avg_new_dominance_generation_bucket_k3,1,3
10845,neutral_new,in_context_examples/gemma/46_60/seed_1/k_mean_buckets/samples/avg_new_dominance_generation/all_settings_avg_new_dominance_generation_k3_n10_examples.csv,all_settings_avg_new_dominance_generation_k3_n10_examples,3,avg_new_dominance_generation,avg_new_dominance_generation_bucket_k3,1,1
10881,neutral_new,in_context_examples/gemma/46_60/seed_1/k_mean_buckets/samples/avg_new_dominance_generation/all_settings_avg_new_dominance_generation_k3_n10_examples.csv,all_settings_avg_new_dominance_generation_k3_n10_examples,3,avg_new_dominance_generation,avg_new_dominance_generation_bucket_k3,1,2
11168,neutral_new,in_context_examples/gemma/46_60/seed_1/k_mean_buckets/samples/avg_new_dominance_generation/all_settings_avg_new_dominance_generation_k3_n10_examples.csv,all_settings_avg_new_dominance_generation_k3_n10_examples,3,avg_new_dominance_generation,avg_new_dominance_generation_bucket_k3,2,3
11187,neutral_new,in_context_examples/gemma/46_60/seed_1/k_mean_buckets/samples/avg_new_dominance_generation/all_settings_avg_new_dominance_generation_k3_n10_examples.csv,all_settings_avg_new_dominance_generation_k3_n10_examples,3,avg_new_dominance_generation,avg_new_dominance_generation_bucket_k3,1,1
11382,neutral_new,in_context_examples/gemma/46_60/seed_1/k_mean_buckets/samples/avg_new_dominance_generation/all_settings_avg_new_dominance_generation_k3_n10_examples.csv,all_settings_avg_new_dominance_generation_k3_n10_examples,3,avg_new_dominance_generation,avg_new_dominance_generation_bucket_k3,3,3
11678,neutral_new,in_context_examples/gemma/46_60/seed_1/k_mean_buckets/samples/avg_new_dominance_generation/all_settings_avg_new_dominance_generation_k3_n10_examples.csv,all_settings_avg_new_dominance_generation_k3_n10_examples,3,avg_new_dominance_generation,avg_new_dominance_generation_bucket_k3,1,2
11722,neutral_new,in_context_examples/gemma/46_60/seed_1/k_mean_buckets/samples/avg_new_dominance_generation/all_settings_avg_new_dominance_generation_k3_n10_examples.csv,all_settings_avg_new_dominance_generation_k3_n10_examples,3,avg_new_dominance_generation,avg_new_dominance_generation_bucket_k3,1,1
11929,neutral_new,in_context_examples/gemma/46_60/seed_1/k_mean_buckets/samples/avg_new_dominance_generation/all_settings_avg_new_dominance_generation_k3_n10_examples.csv,all_settings_avg_new_dominance_generation_k3_n10_examples,3,avg_new_dominance_generation,avg_new_dominance_generation_bucket_k3,1,1
11976,neutral_new,in_context_examples/gemma/46_60/seed_1/k_mean_buckets/samples/avg_new_dominance_generation/all_settings_avg_new_dominance_generation_k3_n10_examples.csv,all_settings_avg_new_dominance_generation_k3_n10_examples,3,avg_new_dominance_generation,avg_new_dominance_generation_bucket_k3,2,3
11977,neutral_new,in_context_examples/gemma/46_60/seed_1/k_mean_buckets/samples/avg_new_dominance_generation/all_settings_avg_new_dominance_generation_k3_n10_examples.csv,all_settings_avg_new_dominance_generation_k3_n10_examples,3,avg_new_dominance_generation,avg_new_dominance_generation_bucket_k3,3,3
12194,neutral_new,in_context_examples/gemma/46_60/seed_1/k_mean_buckets/samples/avg_new_dominance_generation/all_settings_avg_new_dominance_generation_k3_n10_examples.csv,all_settings_avg_new_dominance_generation_k3_n10_examples,3,avg_new_dominance_generation,avg_new_dominance_generation_bucket_k3,1,1
12238,neutral_new,in_context_examples/gemma/46_60/seed_1/k_mean_buckets/samples/avg_new_dominance_generation/all_settings_avg_new_dominance_generation_k3_n10_examples.csv,all_settings_avg_new_dominance_generation_k3_n10_examples,3,avg_new_dominance_generation,avg_new_dominance_generation_bucket_k3,1,1
12472,neutral_new,in_context_examples/gemma/46_60/seed_1/k_mean_buckets/samples/avg_new_dominance_generation/all_settings_avg_new_dominance_generation_k3_n10_examples.csv,all_settings_avg_new_dominance_generation_k3_n10_examples,3,avg_new_dominance_generation,avg_new_dominance_generation_bucket_k3,3,2
12594,neutral_new,in_context_examples/gemma/46_60/seed_1/k_mean_buckets/samples/avg_new_dominance_generation/all_settings_avg_new_dominance_generation_k3_n10_examples.csv,all_settings_avg_new_dominance_generation_k3_n10_examples,3,avg_new_dominance_generation,avg_new_dominance_generation_bucket_k3,1,3
12597,neutral_new,in_context_examples/gemma/46_60/seed_1/k_mean_buckets/samples/avg_new_dominance_generation/all_settings_avg_new_dominance_generation_k3_n10_examples.csv,all_settings_avg_new_dominance_generation_k3_n10_examples,3,avg_new_dominance_generation,avg_new_dominance_generation_bucket_k3,1,1
12646,neutral_new,in_context_examples/gemma/46_60/seed_1/k_mean_buckets/samples/avg_new_dominance_generation/all_settings_avg_new_dominance_generation_k3_n10_examples.csv,all_settings_avg_new_dominance_generation_k3_n10_examples,3,avg_new_dominance_generation,avg_new_dominance_generation_bucket_k3,1,2
12671,neutral_new,in_context_examples/gemma/46_60/seed_1/k_mean_buckets/samples/avg_new_dominance_generation/all_settings_avg_new_dominance_generation_k3_n10_examples.csv,all_settings_avg_new_dominance_generation_k3_n10_examples,3,avg_new_dominance_generation,avg_new_dominance_generation_bucket_k3,1,3
12736,neutral_new,in_context_examples/gemma/46_60/seed_1/k_mean_buckets/samples/avg_new_dominance_generation/all_settings_avg_new_dominance_generation_k3_n10_examples.csv,all_settings_avg_new_dominance_generation_k3_n10_examples,3,avg_new_dominance_generation,avg_new_dominance_generation_bucket_k3,1,1
12837,neutral_new,in_context_examples/gemma/46_60/seed_1/k_mean_buckets/samples/avg_new_dominance_generation/all_settings_avg_new_dominance_generation_k3_n10_examples.csv,all_settings_avg_new_dominance_generation_k3_n10_examples,3,avg_new_dominance_generation,avg_new_dominance_generation_bucket_k3,1,1
12851,neutral_new,in_context_examples/gemma/46_60/seed_1/k_mean_buckets/samples/avg_new_dominance_generation/all_settings_avg_new_dominance_generation_k3_n10_examples.csv,all_settings_avg_new_dominance_generation_k3_n10_examples,3,avg_new_dominance_generation,avg_new_dominance_generation_bucket_k3,1,1
12923,neutral_new,in_context_examples/gemma/46_60/seed_1/k_mean_buckets/samples/avg_new_dominance_generation/all_settings_avg_new_dominance_generation_k3_n10_examples.csv,all_settings_avg_new_dominance_generation_k3_n10_examples,3,avg_new_dominance_generation,avg_new_dominance_generation_bucket_k3,2,3
13044,neutral_new,in_context_examples/gemma/46_60/seed_1/k_mean_buckets/samples/avg_new_dominance_generation/all_settings_avg_new_dominance_generation_k3_n10_examples.csv,all_settings_avg_new_dominance_generation_k3_n10_examples,3,avg_new_dominance_generation,avg_new_dominance_generation_bucket_k3,2,1
13070,neutral_new,in_context_examples/gemma/46_60/seed_1/k_mean_buckets/samples/avg_new_dominance_generation/all_settings_avg_new_dominance_generation_k3_n10_examples.csv,all_settings_avg_new_dominance_generation_k3_n10_examples,3,avg_new_dominance_generation,avg_new_dominance_generation_bucket_k3,1,2
13101,neutral_new,in_context_examples/gemma/46_60/seed_1/k_mean_buckets/samples/avg_new_dominance_generation/all_settings_avg_new_dominance_generation_k3_n10_examples.csv,all_settings_avg_new_dominance_generation_k3_n10_examples,3,avg_new_dominance_generation,avg_new_dominance_generation_bucket_k3,1,1
13199,neutral_new,in_context_examples/gemma/46_60/seed_1/k_mean_buckets/samples/avg_new_dominance_generation/all_settings_avg_new_dominance_generation_k3_n10_examples.csv,all_settings_avg_new_dominance_generation_k3_n10_examples,3,avg_new_dominance_generation,avg_new_dominance_generation_bucket_k3,1,2
13215,neutral_new,in_context_examples/gemma/46_60/seed_1/k_mean_buckets/samples/avg_new_dominance_generation/all_settings_avg_new_dominance_generation_k3_n10_examples.csv,all_settings_avg_new_dominance_generation_k3_n10_examples,3,avg_new_dominance_generation,avg_new_dominance_generation_bucket_k3,3,1
13245,neutral_new,in_context_examples/gemma/46_60/seed_1/k_mean_buckets/samples/avg_new_dominance_generation/all_settings_avg_new_dominance_generation_k3_n10_examples.csv,all_settings_avg_new_dominance_generation_k3_n10_examples,3,avg_new_dominance_generation,avg_new_dominance_generation_bucket_k3,3,3
13328,neutral_new,in_context_examples/gemma/46_60/seed_1/k_mean_buckets/samples/avg_new_dominance_generation/all_settings_avg_new_dominance_generation_k3_n10_examples.csv,all_settings_avg_new_dominance_generation_k3_n10_examples,3,avg_new_dominance_generation,avg_new_dominance_generation_bucket_k3,2,1
13419,neutral_new,in_context_examples/gemma/46_60/seed_1/k_mean_buckets/samples/avg_new_dominance_generation/all_settings_avg_new_dominance_generation_k3_n10_examples.csv,all_settings_avg_new_dominance_generation_k3_n10_examples,3,avg_new_dominance_generation,avg_new_dominance_generation_bucket_k3,1,1
13494,neutral_new,in_context_examples/gemma/46_60/seed_1/k_mean_buckets/samples/avg_new_dominance_generation/all_settings_avg_new_dominance_generation_k3_n10_examples.csv,all_settings_avg_new_dominance_generation_k3_n10_examples,3,avg_new_dominance_generation,avg_new_dominance_generation_bucket_k3,3,1
13729,neutral_new,in_context_examples/gemma/46_60/seed_1/k_mean_buckets/samples/avg_new_dominance_generation/all_settings_avg_new_dominance_generation_k3_n10_examples.csv,all_settings_avg_new_dominance_generation_k3_n10_examples,3,avg_new_dominance_generation,avg_new_dominance_generation_bucket_k3,1,1
13733,neutral_new,in_context_examples/gemma/46_60/seed_1/k_mean_buckets/samples/avg_new_dominance_generation/all_settings_avg_new_dominance_generation_k3_n10_examples.csv,all_settings_avg_new_dominance_generation_k3_n10_examples,3,avg_new_dominance_generation,avg_new_dominance_generation_bucket_k3,1,3
13833,neutral_new,in_context_examples/gemma/46_60/seed_1/k_mean_buckets/samples/avg_new_dominance_generation/all_settings_avg_new_dominance_generation_k3_n10_examples.csv,all_settings_avg_new_dominance_generation_k3_n10_examples,3,avg_new_dominance_generation,avg_new_dominance_generation_bucket_k3,3,2
14008,neutral_new,in_context_examples/gemma/46_60/seed_1/k_mean_buckets/samples/avg_new_dominance_generation/all_settings_avg_new_dominance_generation_k3_n10_examples.csv,all_settings_avg_new_dominance_generation_k3_n10_examples,3,avg_new_dominance_generation,avg_new_dominance_generation_bucket_k3,1,2
14320,neutral_new,in_context_examples/gemma/46_60/seed_1/k_mean_buckets/samples/avg_new_dominance_generation/all_settings_avg_new_dominance_generation_k3_n10_examples.csv,all_settings_avg_new_dominance_generation_k3_n10_examples,3,avg_new_dominance_generation,avg_new_dominance_generation_bucket_k3,2,2
14404,neutral_new,in_context_examples/gemma/46_60/seed_1/k_mean_buckets/samples/avg_new_dominance_generation/all_settings_avg_new_dominance_generation_k3_n10_examples.csv,all_settings_avg_new_dominance_generation_k3_n10_examples,3,avg_new_dominance_generation,avg_new_dominance_generation_bucket_k3,2,2
14442,neutral_new,in_context_examples/gemma/46_60/seed_1/k_mean_buckets/samples/avg_new_dominance_generation/all_settings_avg_new_dominance_generation_k3_n10_examples.csv,all_settings_avg_new_dominance_generation_k3_n10_examples,3,avg_new_dominance_generation,avg_new_dominance_generation_bucket_k3,1,3
14492,neutral_new,in_context_examples/gemma/46_60/seed_1/k_mean_buckets/samples/avg_new_dominance_generation/all_settings_avg_new_dominance_generation_k3_n10_examples.csv,all_settings_avg_new_dominance_generation_k3_n10_examples,3,avg_new_dominance_generation,avg_new_dominance_generation_bucket_k3,1,1
14535,neutral_new,in_context_examples/gemma/46_60/seed_1/k_mean_buckets/samples/avg_new_dominance_generation/all_settings_avg_new_dominance_generation_k3_n10_examples.csv,all_settings_avg_new_dominance_generation_k3_n10_examples,3,avg_new_dominance_generation,avg_new_dominance_generation_bucket_k3,2,3
14648,neutral_new,in_context_examples/gemma/46_60/seed_1/k_mean_buckets/samples/avg_new_dominance_generation/all_settings_avg_new_dominance_generation_k3_n10_examples.csv,all_settings_avg_new_dominance_generation_k3_n10_examples,3,avg_new_dominance_generation,avg_new_dominance_generation_bucket_k3,2,3
14677,neutral_new,in_context_examples/gemma/46_60/seed_1/k_mean_buckets/samples/avg_new_dominance_generation/all_settings_avg_new_dominance_generation_k3_n10_examples.csv,all_settings_avg_new_dominance_generation_k3_n10_examples,3,avg_new_dominance_generation,avg_new_dominance_generation_bucket_k3,3,3
14735,neutral_new,in_context_examples/gemma/46_60/seed_1/k_mean_buckets/samples/avg_new_dominance_generation/all_settings_avg_new_dominance_generation_k3_n10_examples.csv,all_settings_avg_new_dominance_generation_k3_n10_examples,3,avg_new_dominance_generation,avg_new_dominance_generation_bucket_k3,3,3
14745,neutral_new,in_context_examples/gemma/46_60/seed_1/k_mean_buckets/samples/avg_new_dominance_generation/all_settings_avg_new_dominance_generation_k3_n10_examples.csv,all_settings_avg_new_dominance_generation_k3_n10_examples,3,avg_new_dominance_generation,avg_new_dominance_generation_bucket_k3,1,1
14815,neutral_new,in_context_examples/gemma/46_60/seed_1/k_mean_buckets/samples/avg_new_dominance_generation/all_settings_avg_new_dominance_generation_k3_n10_examples.csv,all_settings_avg_new_dominance_generation_k3_n10_examples,3,avg_new_dominance_generation,avg_new_dominance_generation_bucket_k3,3,2
14852,neutral_new,in_context_examples/gemma/46_60/seed_1/k_mean_buckets/samples/avg_new_dominance_generation/all_settings_avg_new_dominance_generation_k3_n10_examples.csv,all_settings_avg_new_dominance_generation_k3_n10_examples,3,avg_new_dominance_generation,avg_new_dominance_generation_bucket_k3,1,2
14883,neutral_new,in_context_examples/gemma/46_60/seed_1/k_mean_buckets/samples/avg_new_dominance_generation/all_settings_avg_new_dominance_generation_k3_n10_examples.csv,all_settings_avg_new_dominance_generation_k3_n10_examples,3,avg_new_dominance_generation,avg_new_dominance_generation_bucket_k3,3,3
14907,neutral_new,in_context_examples/gemma/46_60/seed_1/k_mean_buckets/samples/avg_new_dominance_generation/all_settings_avg_new_dominance_generation_k3_n10_examples.csv,all_settings_avg_new_dominance_generation_k3_n10_examples,3,avg_new_dominance_generation,avg_new_dominance_generation_bucket_k3,1,3
14997,neutral_new,in_context_examples/gemma/46_60/seed_1/k_mean_buckets/samples/avg_new_dominance_generation/all_settings_avg_new_dominance_generation_k3_n10_examples.csv,all_settings_avg_new_dominance_generation_k3_n10_examples,3,avg_new_dominance_generation,avg_new_dominance_generation_bucket_k3,1,3
15064,neutral_new,in_context_examples/gemma/46_60/seed_1/k_mean_buckets/samples/avg_new_dominance_generation/all_settings_avg_new_dominance_generation_k3_n10_examples.csv,all_settings_avg_new_dominance_generation_k3_n10_examples,3,avg_new_dominance_generation,avg_new_dominance_generation_bucket_k3,1,3
15249,neutral_new,in_context_examples/gemma/46_60/seed_1/k_mean_buckets/samples/avg_new_dominance_generation/all_settings_avg_new_dominance_generation_k3_n10_examples.csv,all_settings_avg_new_dominance_generation_k3_n10_examples,3,avg_new_dominance_generation,avg_new_dominance_generation_bucket_k3,1,1
15291,neutral_new,in_context_examples/gemma/46_60/seed_1/k_mean_buckets/samples/avg_new_dominance_generation/all_settings_avg_new_dominance_generation_k3_n10_examples.csv,all_settings_avg_new_dominance_generation_k3_n10_examples,3,avg_new_dominance_generation,avg_new_dominance_generation_bucket_k3,1,1
15577,neutral_new,in_context_examples/gemma/46_60/seed_1/k_mean_buckets/samples/avg_new_dominance_generation/all_settings_avg_new_dominance_generation_k3_n10_examples.csv,all_settings_avg_new_dominance_generation_k3_n10_examples,3,avg_new_dominance_generation,avg_new_dominance_generation_bucket_k3,3,1
15766,neutral_new,in_context_examples/gemma/46_60/seed_1/k_mean_buckets/samples/avg_new_dominance_generation/all_settings_avg_new_dominance_generation_k3_n10_examples.csv,all_settings_avg_new_dominance_generation_k3_n10_examples,3,avg_new_dominance_generation,avg_new_dominance_generation_bucket_k3,3,2
15850,neutral_new,in_context_examples/gemma/46_60/seed_1/k_mean_buckets/samples/avg_new_dominance_generation/all_settings_avg_new_dominance_generation_k3_n10_examples.csv,all_settings_avg_new_dominance_generation_k3_n10_examples,3,avg_new_dominance_generation,avg_new_dominance_generation_bucket_k3,1,3
15867,neutral_new,in_context_examples/gemma/46_60/seed_1/k_mean_buckets/samples/avg_new_dominance_generation/all_settings_avg_new_dominance_generation_k3_n10_examples.csv,all_settings_avg_new_dominance_generation_k3_n10_examples,3,avg_new_dominance_generation,avg_new_dominance_generation_bucket_k3,3,3
15954,neutral_new,in_context_examples/gemma/46_60/seed_1/k_mean_buckets/samples/avg_new_dominance_generation/all_settings_avg_new_dominance_generation_k3_n10_examples.csv,all_settings_avg_new_dominance_generation_k3_n10_examples,3,avg_new_dominance_generation,avg_new_dominance_generation_bucket_k3,1,2
15957,neutral_new,in_context_examples/gemma/46_60/seed_1/k_mean_buckets/samples/avg_new_dominance_generation/all_settings_avg_new_dominance_generation_k3_n10_examples.csv,all_settings_avg_new_dominance_generation_k3_n10_examples,3,avg_new_dominance_generation,avg_new_dominance_generation_bucket_k3,3,2
16048,neutral_new,in_context_examples/gemma/46_60/seed_1/k_mean_buckets/samples/avg_new_dominance_generation/all_settings_avg_new_dominance_generation_k3_n10_examples.csv,all_settings_avg_new_dominance_generation_k3_n10_examples,3,avg_new_dominance_generation,avg_new_dominance_generation_bucket_k3,1,1
16130,neutral_new,in_context_examples/gemma/46_60/seed_1/k_mean_buckets/samples/avg_new_dominance_generation/all_settings_avg_new_dominance_generation_k3_n10_examples.csv,all_settings_avg_new_dominance_generation_k3_n10_examples,3,avg_new_dominance_generation,avg_new_dominance_generation_bucket_k3,1,1
16377,neutral_new,in_context_examples/gemma/46_60/seed_1/k_mean_buckets/samples/avg_new_dominance_generation/all_settings_avg_new_dominance_generation_k3_n10_examples.csv,all_settings_avg_new_dominance_generation_k3_n10_examples,3,avg_new_dominance_generation,avg_new_dominance_generation_bucket_k3,1,1
16426,neutral_new,in_context_examples/gemma/46_60/seed_1/k_mean_buckets/samples/avg_new_dominance_generation/all_settings_avg_new_dominance_generation_k3_n10_examples.csv,all_settings_avg_new_dominance_generation_k3_n10_examples,3,avg_new_dominance_generation,avg_new_dominance_generation_bucket_k3,1,2
16479,neutral_new,in_context_examples/gemma/46_60/seed_1/k_mean_buckets/samples/avg_new_dominance_generation/all_settings_avg_new_dominance_generation_k3_n10_examples.csv,all_settings_avg_new_dominance_generation_k3_n10_examples,3,avg_new_dominance_generation,avg_new_dominance_generation_bucket_k3,1,2
16556,neutral_new,in_context_examples/gemma/46_60/seed_1/k_mean_buckets/samples/avg_new_dominance_generation/all_settings_avg_new_dominance_generation_k3_n10_examples.csv,all_settings_avg_new_dominance_generation_k3_n10_examples,3,avg_new_dominance_generation,avg_new_dominance_generation_bucket_k3,1,2
16585,neutral_new,in_context_examples/gemma/46_60/seed_1/k_mean_buckets/samples/avg_new_dominance_generation/all_settings_avg_new_dominance_generation_k3_n10_examples.csv,all_settings_avg_new_dominance_generation_k3_n10_examples,3,avg_new_dominance_generation,avg_new_dominance_generation_bucket_k3,1,1
16655,neutral_new,in_context_examples/gemma/46_60/seed_1/k_mean_buckets/samples/avg_new_dominance_generation/all_settings_avg_new_dominance_generation_k3_n10_examples.csv,all_settings_avg_new_dominance_generation_k3_n10_examples,3,avg_new_dominance_generation,avg_new_dominance_generation_bucket_k3,1,1
16803,neutral_new,in_context_examples/gemma/46_60/seed_1/k_mean_buckets/samples/avg_new_dominance_generation/all_settings_avg_new_dominance_generation_k3_n10_examples.csv,all_settings_avg_new_dominance_generation_k3_n10_examples,3,avg_new_dominance_generation,avg_new_dominance_generation_bucket_k3,1,2
16841,neutral_new,in_context_examples/gemma/46_60/seed_1/k_mean_buckets/samples/avg_new_dominance_generation/all_settings_avg_new_dominance_generation_k3_n10_examples.csv,all_settings_avg_new_dominance_generation_k3_n10_examples,3,avg_new_dominance_generation,avg_new_dominance_generation_bucket_k3,1,2
16993,neutral_new,in_context_examples/gemma/46_60/seed_1/k_mean_buckets/samples/avg_new_dominance_generation/all_settings_avg_new_dominance_generation_k3_n10_examples.csv,all_settings_avg_new_dominance_generation_k3_n10_examples,3,avg_new_dominance_generation,avg_new_dominance_generation_bucket_k3,1,1
17002,neutral_new,in_context_examples/gemma/46_60/seed_1/k_mean_buckets/samples/avg_new_dominance_generation/all_settings_avg_new_dominance_generation_k3_n10_examples.csv,all_settings_avg_new_dominance_generation_k3_n10_examples,3,avg_new_dominance_generation,avg_new_dominance_generation_bucket_k3,1,2
17094,neutral_new,in_context_examples/gemma/46_60/seed_1/k_mean_buckets/samples/avg_new_dominance_generation/all_settings_avg_new_dominance_generation_k3_n10_examples.csv,all_settings_avg_new_dominance_generation_k3_n10_examples,3,avg_new_dominance_generation,avg_new_dominance_generation_bucket_k3,2,3
17247,neutral_new,in_context_examples/gemma/46_60/seed_1/k_mean_buckets/samples/avg_new_dominance_generation/all_settings_avg_new_dominance_generation_k3_n10_examples.csv,all_settings_avg_new_dominance_generation_k3_n10_examples,3,avg_new_dominance_generation,avg_new_dominance_generation_bucket_k3,1,1
17276,neutral_new,in_context_examples/gemma/46_60/seed_1/k_mean_buckets/samples/avg_new_dominance_generation/all_settings_avg_new_dominance_generation_k3_n10_examples.csv,all_settings_avg_new_dominance_generation_k3_n10_examples,3,avg_new_dominance_generation,avg_new_dominance_generation_bucket_k3,1,3
17298,neutral_new,in_context_examples/gemma/46_60/seed_1/k_mean_buckets/samples/avg_new_dominance_generation/all_settings_avg_new_dominance_generation_k3_n10_examples.csv,all_settings_avg_new_dominance_generation_k3_n10_examples,3,avg_new_dominance_generation,avg_new_dominance_generation_bucket_k3,1,2
17378,neutral_new,in_context_examples/gemma/46_60/seed_1/k_mean_buckets/samples/avg_new_dominance_generation/all_settings_avg_new_dominance_generation_k3_n10_examples.csv,all_settings_avg_new_dominance_generation_k3_n10_examples,3,avg_new_dominance_generation,avg_new_dominance_generation_bucket_k3,2,2
17525,neutral_new,in_context_examples/gemma/46_60/seed_1/k_mean_buckets/samples/avg_new_dominance_generation/all_settings_avg_new_dominance_generation_k3_n10_examples.csv,all_settings_avg_new_dominance_generation_k3_n10_examples,3,avg_new_dominance_generation,avg_new_dominance_generation_bucket_k3,3,2
17528,neutral_new,in_context_examples/gemma/46_60/seed_1/k_mean_buckets/samples/avg_new_dominance_generation/all_settings_avg_new_dominance_generation_k3_n10_examples.csv,all_settings_avg_new_dominance_generation_k3_n10_examples,3,avg_new_dominance_generation,avg_new_dominance_generation_bucket_k3,2,3
17811,neutral_new,in_context_examples/gemma/46_60/seed_1/k_mean_buckets/samples/avg_new_dominance_generation/all_settings_avg_new_dominance_generation_k3_n10_examples.csv,all_settings_avg_new_dominance_generation_k3_n10_examples,3,avg_new_dominance_generation,avg_new_dominance_generation_bucket_k3,2,1
18070,neutral_new,in_context_examples/gemma/46_60/seed_1/k_mean_buckets/samples/avg_new_dominance_generation/all_settings_avg_new_dominance_generation_k3_n10_examples.csv,all_settings_avg_new_dominance_generation_k3_n10_examples,3,avg_new_dominance_generation,avg_new_dominance_generation_bucket_k3,1,1
18094,neutral_new,in_context_examples/gemma/46_60/seed_1/k_mean_buckets/samples/avg_new_dominance_generation/all_settings_avg_new_dominance_generation_k3_n10_examples.csv,all_settings_avg_new_dominance_generation_k3_n10_examples,3,avg_new_dominance_generation,avg_new_dominance_generation_bucket_k3,1,2
18143,neutral_new,in_context_examples/gemma/46_60/seed_1/k_mean_buckets/samples/avg_new_dominance_generation/all_settings_avg_new_dominance_generation_k3_n10_examples.csv,all_settings_avg_new_dominance_generation_k3_n10_examples,3,avg_new_dominance_generation,avg_new_dominance_generation_bucket_k3,2,3
18161,neutral_new,in_context_examples/gemma/46_60/seed_1/k_mean_buckets/samples/avg_new_dominance_generation/all_settings_avg_new_dominance_generation_k3_n10_examples.csv,all_settings_avg_new_dominance_generation_k3_n10_examples,3,avg_new_dominance_generation,avg_new_dominance_generation_bucket_k3,3,2
18242,neutral_new,in_context_examples/gemma/46_60/seed_1/k_mean_buckets/samples/avg_new_dominance_generation/all_settings_avg_new_dominance_generation_k3_n10_examples.csv,all_settings_avg_new_dominance_generation_k3_n10_examples,3,avg_new_dominance_generation,avg_new_dominance_generation_bucket_k3,1,1
18284,neutral_new,in_context_examples/gemma/46_60/seed_1/k_mean_buckets/samples/avg_new_dominance_generation/all_settings_avg_new_dominance_generation_k3_n10_examples.csv,all_settings_avg_new_dominance_generation_k3_n10_examples,3,avg_new_dominance_generation,avg_new_dominance_generation_bucket_k3,1,2
18319,neutral_new,in_context_examples/gemma/46_60/seed_1/k_mean_buckets/samples/avg_new_dominance_generation/all_settings_avg_new_dominance_generation_k3_n10_examples.csv,all_settings_avg_new_dominance_generation_k3_n10_examples,3,avg_new_dominance_generation,avg_new_dominance_generation_bucket_k3,1,2
18510,neutral_new,in_context_examples/gemma/46_60/seed_1/k_mean_buckets/samples/avg_new_dominance_generation/all_settings_avg_new_dominance_generation_k3_n10_examples.csv,all_settings_avg_new_dominance_generation_k3_n10_examples,3,avg_new_dominance_generation,avg_new_dominance_generation_bucket_k3,1,3
18520,neutral_new,in_context_examples/gemma/46_60/seed_1/k_mean_buckets/samples/avg_new_dominance_generation/all_settings_avg_new_dominance_generation_k3_n10_examples.csv,all_settings_avg_new_dominance_generation_k3_n10_examples,3,avg_new_dominance_generation,avg_new_dominance_generation_bucket_k3,2,2
18587,neutral_new,in_context_examples/gemma/46_60/seed_1/k_mean_buckets/samples/avg_new_dominance_generation/all_settings_avg_new_dominance_generation_k3_n10_examples.csv,all_settings_avg_new_dominance_generation_k3_n10_examples,3,avg_new_dominance_generation,avg_new_dominance_generation_bucket_k3,2,1
18592,neutral_new,in_context_examples/gemma/46_60/seed_1/k_mean_buckets/samples/avg_new_dominance_generation/all_settings_avg_new_dominance_generation_k3_n10_examples.csv,all_settings_avg_new_dominance_generation_k3_n10_examples,3,avg_new_dominance_generation,avg_new_dominance_generation_bucket_k3,1,3
18604,neutral_new,in_context_examples/gemma/46_60/seed_1/k_mean_buckets/samples/avg_new_dominance_generation/all_settings_avg_new_dominance_generation_k3_n10_examples.csv,all_settings_avg_new_dominance_generation_k3_n10_examples,3,avg_new_dominance_generation,avg_new_dominance_generation_bucket_k3,3,1
18786,neutral_new,in_context_examples/gemma/46_60/seed_1/k_mean_buckets/samples/avg_new_dominance_generation/all_settings_avg_new_dominance_generation_k3_n10_examples.csv,all_settings_avg_new_dominance_generation_k3_n10_examples,3,avg_new_dominance_generation,avg_new_dominance_generation_bucket_k3,3,1
18840,neutral_new,in_context_examples/gemma/46_60/seed_1/k_mean_buckets/samples/avg_new_dominance_generation/all_settings_avg_new_dominance_generation_k3_n10_examples.csv,all_settings_avg_new_dominance_generation_k3_n10_examples,3,avg_new_dominance_generation,avg_new_dominance_generation_bucket_k3,1,2
18845,neutral_new,in_context_examples/gemma/46_60/seed_1/k_mean_buckets/samples/avg_new_dominance_generation/all_settings_avg_new_dominance_generation_k3_n10_examples.csv,all_settings_avg_new_dominance_generation_k3_n10_examples,3,avg_new_dominance_generation,avg_new_dominance_generation_bucket_k3,1,1
18860,neutral_new,in_context_examples/gemma/46_60/seed_1/k_mean_buckets/samples/avg_new_dominance_generation/all_settings_avg_new_dominance_generation_k3_n10_examples.csv,all_settings_avg_new_dominance_generation_k3_n10_examples,3,avg_new_dominance_generation,avg_new_dominance_generation_bucket_k3,1,2
18966,neutral_new,in_context_examples/gemma/46_60/seed_1/k_mean_buckets/samples/avg_new_dominance_generation/all_settings_avg_new_dominance_generation_k3_n10_examples.csv,all_settings_avg_new_dominance_generation_k3_n10_examples,3,avg_new_dominance_generation,avg_new_dominance_generation_bucket_k3,1,1
19047,neutral_new,in_context_examples/gemma/46_60/seed_1/k_mean_buckets/samples/avg_new_dominance_generation/all_settings_avg_new_dominance_generation_k3_n10_examples.csv,all_settings_avg_new_dominance_generation_k3_n10_examples,3,avg_new_dominance_generation,avg_new_dominance_generation_bucket_k3,1,1
19066,neutral_new,in_context_examples/gemma/46_60/seed_1/k_mean_buckets/samples/avg_new_dominance_generation/all_settings_avg_new_dominance_generation_k3_n10_examples.csv,all_settings_avg_new_dominance_generation_k3_n10_examples,3,avg_new_dominance_generation,avg_new_dominance_generation_bucket_k3,2,3
19107,neutral_new,in_context_examples/gemma/46_60/seed_1/k_mean_buckets/samples/avg_new_dominance_generation/all_settings_avg_new_dominance_generation_k3_n10_examples.csv,all_settings_avg_new_dominance_generation_k3_n10_examples,3,avg_new_dominance_generation,avg_new_dominance_generation_bucket_k3,1,2
19114,neutral_new,in_context_examples/gemma/46_60/seed_1/k_mean_buckets/samples/avg_new_dominance_generation/all_settings_avg_new_dominance_generation_k3_n10_examples.csv,all_settings_avg_new_dominance_generation_k3_n10_examples,3,avg_new_dominance_generation,avg_new_dominance_generation_bucket_k3,1,2
19122,neutral_new,in_context_examples/gemma/46_60/seed_1/k_mean_buckets/samples/avg_new_dominance_generation/all_settings_avg_new_dominance_generation_k3_n10_examples.csv,all_settings_avg_new_dominance_generation_k3_n10_examples,3,avg_new_dominance_generation,avg_new_dominance_generation_bucket_k3,3,2
19214,neutral_new,in_context_examples/gemma/46_60/seed_1/k_mean_buckets/samples/avg_new_dominance_generation/all_settings_avg_new_dominance_generation_k3_n10_examples.csv,all_settings_avg_new_dominance_generation_k3_n10_examples,3,avg_new_dominance_generation,avg_new_dominance_generation_bucket_k3,1,1
19322,neutral_new,in_context_examples/gemma/46_60/seed_1/k_mean_buckets/samples/avg_new_dominance_generation/all_settings_avg_new_dominance_generation_k3_n10_examples.csv,all_settings_avg_new_dominance_generation_k3_n10_examples,3,avg_new_dominance_generation,avg_new_dominance_generation_bucket_k3,3,3
19430,neutral_new,in_context_examples/gemma/46_60/seed_1/k_mean_buckets/samples/avg_new_dominance_generation/all_settings_avg_new_dominance_generation_k3_n10_examples.csv,all_settings_avg_new_dominance_generation_k3_n10_examples,3,avg_new_dominance_generation,avg_new_dominance_generation_bucket_k3,3,3
19485,neutral_new,in_context_examples/gemma/46_60/seed_1/k_mean_buckets/samples/avg_new_dominance_generation/all_settings_avg_new_dominance_generation_k3_n10_examples.csv,all_settings_avg_new_dominance_generation_k3_n10_examples,3,avg_new_dominance_generation,avg_new_dominance_generation_bucket_k3,3,3
19523,neutral_new,in_context_examples/gemma/46_60/seed_1/k_mean_buckets/samples/avg_new_dominance_generation/all_settings_avg_new_dominance_generation_k3_n10_examples.csv,all_settings_avg_new_dominance_generation_k3_n10_examples,3,avg_new_dominance_generation,avg_new_dominance_generation_bucket_k3,1,2
19597,neutral_new,in_context_examples/gemma/46_60/seed_1/k_mean_buckets/samples/avg_new_dominance_generation/all_settings_avg_new_dominance_generation_k3_n10_examples.csv,all_settings_avg_new_dominance_generation_k3_n10_examples,3,avg_new_dominance_generation,avg_new_dominance_generation_bucket_k3,1,1
19829,neutral_new,in_context_examples/gemma/46_60/seed_1/k_mean_buckets/samples/avg_new_dominance_generation/all_settings_avg_new_dominance_generation_k3_n10_examples.csv,all_settings_avg_new_dominance_generation_k3_n10_examples,3,avg_new_dominance_generation,avg_new_dominance_generation_bucket_k3,1,2
19898,neutral_new,in_context_examples/gemma/46_60/seed_1/k_mean_buckets/samples/avg_new_dominance_generation/all_settings_avg_new_dominance_generation_k3_n10_examples.csv,all_settings_avg_new_dominance_generation_k3_n10_examples,3,avg_new_dominance_generation,avg_new_dominance_generation_bucket_k3,3,1
19941,neutral_new,in_context_examples/gemma/46_60/seed_1/k_mean_buckets/samples/avg_new_dominance_generation/all_settings_avg_new_dominance_generation_k3_n10_examples.csv,all_settings_avg_new_dominance_generation_k3_n10_examples,3,avg_new_dominance_generation,avg_new_dominance_generation_bucket_k3,1,3
20051,neutral_new,in_context_examples/gemma/46_60/seed_1/k_mean_buckets/samples/avg_new_dominance_generation/all_settings_avg_new_dominance_generation_k3_n10_examples.csv,all_settings_avg_new_dominance_generation_k3_n10_examples,3,avg_new_dominance_generation,avg_new_dominance_generation_bucket_k3,1,1
20098,neutral_new,in_context_examples/gemma/46_60/seed_1/k_mean_buckets/samples/avg_new_dominance_generation/all_settings_avg_new_dominance_generation_k3_n10_examples.csv,all_settings_avg_new_dominance_generation_k3_n10_examples,3,avg_new_dominance_generation,avg_new_dominance_generation_bucket_k3,1,3
20112,neutral_new,in_context_examples/gemma/46_60/seed_1/k_mean_buckets/samples/avg_new_dominance_generation/all_settings_avg_new_dominance_generation_k3_n10_examples.csv,all_settings_avg_new_dominance_generation_k3_n10_examples,3,avg_new_dominance_generation,avg_new_dominance_generation_bucket_k3,1,2
20182,neutral_new,in_context_examples/gemma/46_60/seed_1/k_mean_buckets/samples/avg_new_dominance_generation/all_settings_avg_new_dominance_generation_k3_n10_examples.csv,all_settings_avg_new_dominance_generation_k3_n10_examples,3,avg_new_dominance_generation,avg_new_dominance_generation_bucket_k3,1,1
20202,neutral_new,in_context_examples/gemma/46_60/seed_1/k_mean_buckets/samples/avg_new_dominance_generation/all_settings_avg_new_dominance_generation_k3_n10_examples.csv,all_settings_avg_new_dominance_generation_k3_n10_examples,3,avg_new_dominance_generation,avg_new_dominance_generation_bucket_k3,1,1
20311,neutral_new,in_context_examples/gemma/46_60/seed_1/k_mean_buckets/samples/avg_new_dominance_generation/all_settings_avg_new_dominance_generation_k3_n10_examples.csv,all_settings_avg_new_dominance_generation_k3_n10_examples,3,avg_new_dominance_generation,avg_new_dominance_generation_bucket_k3,1,3
20324,neutral_new,in_context_examples/gemma/46_60/seed_1/k_mean_buckets/samples/avg_new_dominance_generation/all_settings_avg_new_dominance_generation_k3_n10_examples.csv,all_settings_avg_new_dominance_generation_k3_n10_examples,3,avg_new_dominance_generation,avg_new_dominance_generation_bucket_k3,2,3
20486,neutral_new,in_context_examples/gemma/46_60/seed_1/k_mean_buckets/samples/avg_new_dominance_generation/all_settings_avg_new_dominance_generation_k3_n10_examples.csv,all_settings_avg_new_dominance_generation_k3_n10_examples,3,avg_new_dominance_generation,avg_new_dominance_generation_bucket_k3,1,2
20647,neutral_new,in_context_examples/gemma/46_60/seed_1/k_mean_buckets/samples/avg_new_dominance_generation/all_settings_avg_new_dominance_generation_k3_n10_examples.csv,all_settings_avg_new_dominance_generation_k3_n10_examples,3,avg_new_dominance_generation,avg_new_dominance_generation_bucket_k3,1,3
20680,neutral_new,in_context_examples/gemma/46_60/seed_1/k_mean_buckets/samples/avg_new_dominance_generation/all_settings_avg_new_dominance_generation_k3_n10_examples.csv,all_settings_avg_new_dominance_generation_k3_n10_examples,3,avg_new_dominance_generation,avg_new_dominance_generation_bucket_k3,1,2
20821,neutral_new,in_context_examples/gemma/46_60/seed_1/k_mean_buckets/samples/avg_new_dominance_generation/all_settings_avg_new_dominance_generation_k3_n10_examples.csv,all_settings_avg_new_dominance_generation_k3_n10_examples,3,avg_new_dominance_generation,avg_new_dominance_generation_bucket_k3,1,3
21013,neutral_new,in_context_examples/gemma/46_60/seed_1/k_mean_buckets/samples/avg_new_dominance_generation/all_settings_avg_new_dominance_generation_k3_n10_examples.csv,all_settings_avg_new_dominance_generation_k3_n10_examples,3,avg_new_dominance_generation,avg_new_dominance_generation_bucket_k3,3,3
21066,neutral_new,in_context_examples/gemma/46_60/seed_1/k_mean_buckets/samples/avg_new_dominance_generation/all_settings_avg_new_dominance_generation_k3_n10_examples.csv,all_settings_avg_new_dominance_generation_k3_n10_examples,3,avg_new_dominance_generation,avg_new_dominance_generation_bucket_k3,2,1
21073,neutral_new,in_context_examples/gemma/46_60/seed_1/k_mean_buckets/samples/avg_new_dominance_generation/all_settings_avg_new_dominance_generation_k3_n10_examples.csv,all_settings_avg_new_dominance_generation_k3_n10_examples,3,avg_new_dominance_generation,avg_new_dominance_generation_bucket_k3,1,1
21076,neutral_new,in_context_examples/gemma/46_60/seed_1/k_mean_buckets/samples/avg_new_dominance_generation/all_settings_avg_new_dominance_generation_k3_n10_examples.csv,all_settings_avg_new_dominance_generation_k3_n10_examples,3,avg_new_dominance_generation,avg_new_dominance_generation_bucket_k3,1,1
21157,neutral_new,in_context_examples/gemma/46_60/seed_1/k_mean_buckets/samples/avg_new_dominance_generation/all_settings_avg_new_dominance_generation_k3_n10_examples.csv,all_settings_avg_new_dominance_generation_k3_n10_examples,3,avg_new_dominance_generation,avg_new_dominance_generation_bucket_k3,1,3
21279,neutral_new,in_context_examples/gemma/46_60/seed_1/k_mean_buckets/samples/avg_new_dominance_generation/all_settings_avg_new_dominance_generation_k3_n10_examples.csv,all_settings_avg_new_dominance_generation_k3_n10_examples,3,avg_new_dominance_generation,avg_new_dominance_generation_bucket_k3,1,1
21468,neutral_new,in_context_examples/gemma/46_60/seed_1/k_mean_buckets/samples/avg_new_dominance_generation/all_settings_avg_new_dominance_generation_k3_n10_examples.csv,all_settings_avg_new_dominance_generation_k3_n10_examples,3,avg_new_dominance_generation,avg_new_dominance_generation_bucket_k3,2,3
21488,neutral_new,in_context_examples/gemma/46_60/seed_1/k_mean_buckets/samples/avg_new_dominance_generation/all_settings_avg_new_dominance_generation_k3_n10_examples.csv,all_settings_avg_new_dominance_generation_k3_n10_examples,3,avg_new_dominance_generation,avg_new_dominance_generation_bucket_k3,1,3
21537,neutral_new,in_context_examples/gemma/46_60/seed_1/k_mean_buckets/samples/avg_new_dominance_generation/all_settings_avg_new_dominance_generation_k3_n10_examples.csv,all_settings_avg_new_dominance_generation_k3_n10_examples,3,avg_new_dominance_generation,avg_new_dominance_generation_bucket_k3,2,3
21638,neutral_new,in_context_examples/gemma/46_60/seed_1/k_mean_buckets/samples/avg_new_dominance_generation/all_settings_avg_new_dominance_generation_k3_n10_examples.csv,all_settings_avg_new_dominance_generation_k3_n10_examples,3,avg_new_dominance_generation,avg_new_dominance_generation_bucket_k3,1,2
21791,neutral_new,in_context_examples/gemma/46_60/seed_1/k_mean_buckets/samples/avg_new_dominance_generation/all_settings_avg_new_dominance_generation_k3_n10_examples.csv,all_settings_avg_new_dominance_generation_k3_n10_examples,3,avg_new_dominance_generation,avg_new_dominance_generation_bucket_k3,2,2
21836,neutral_new,in_context_examples/gemma/46_60/seed_1/k_mean_buckets/samples/avg_new_dominance_generation/all_settings_avg_new_dominance_generation_k3_n10_examples.csv,all_settings_avg_new_dominance_generation_k3_n10_examples,3,avg_new_dominance_generation,avg_new_dominance_generation_bucket_k3,3,2
